大师球,大師球,必定能捉到野生宝可梦的，性能最好的球。,性能最好的球。必定能捉到野生寶可夢。,必定能捉到野生寶可夢的，性能最好的球。
高级球,高級球,比起超级球来更容易捉到宝可梦的，性能非常不错的球。,性能非常不錯的球。比起超級球更容易捉到寶可夢。,比起超級球來更容易捉到寶可夢的，性能非常不錯的球。
超级球,超級球,比起精灵球来更容易捉到宝可梦的，性能还算不错的球。,性能還算不錯的球。比起精靈球更容易捉到寶可夢。,比起精靈球來更容易捉到寶可夢的，性能還算不錯的球。
精灵球,精靈球,用于投向野生宝可梦并将其捕捉的球。它是胶囊样式的。,用於投向野生寶可夢並將其捕捉的球。它是膠囊樣式的。,用於投向野生寶可夢並將其捕捉的球。它是膠囊樣式的。
狩猎球,狩獵球,仅能在大湿地中使用的特殊的球。上面有迷彩花纹。,僅能在大濕地中使用的特殊的球。上面有迷彩花紋。,僅能在大溼地中使用的特殊的球。上面有迷彩花紋。
捕网球,捕網球,有点与众不同的球。能很容易地捕捉水属性和虫属性的宝可梦。,有點與眾不同的球。能更容易地捉到水屬性和蟲屬性寶可夢。,有點與眾不同的球。能很容易地捕捉水屬性和蟲屬性的寶可夢。
潜水球,潛水球,有点与众不同的球。能很容易地捕捉生活在水世界里的宝可梦。,有點與眾不同的球。能更容易地捉到生活在水中世界的寶可夢。,有點與眾不同的球。能很容易地捕捉生活在水世界裡的寶可夢。
巢穴球,巢穴球,有点与众不同的球。捕捉的野生宝可梦越弱，就会越容易捕捉。,有點與眾不同的球。捕捉的野生寶可夢越弱，就越容易捉到。,有點與眾不同的球。捕捉的野生寶可夢越弱，就會越容易捕捉。
重复球,重複球,有点与众不同的球。能很容易地捕捉以前曾捉到过的宝可梦。,有點與眾不同的球。曾經捉到過的寶可夢會變得容易捉到。,有點與眾不同的球。能很容易地捕捉以前曾捉到過的寶可夢。
计时球,計時球,有点与众不同的球。回合数花费得越多，宝可梦就会越容易捕捉。,有點與眾不同的球。回合數花費得越多，就越容易捉到寶可夢。,有點與眾不同的球。回合數花費得越多，寶可夢就會越容易捕捉。
豪华球,豪華球,住着十分惬意的球。捉到的野生宝可梦会变得容易和训练家亲密。,住起來十分舒適的球。捉到的野生寶可夢會很容易和訓練家變得親密。,住著十分愜意的球。捉到的野生寶可夢會變得容易和訓練家親密。
纪念球,紀念球,有点珍贵的球。特制出来的某种纪念品。,作為某種紀念品而特別製造的，有點稀奇的球。,有點珍貴的球。特製出來的某種紀念品。
黑暗球,黑暗球,有点与众不同的球。能很容易地在夜晚或洞窟等阴暗的地方捕捉宝可梦。,有點與眾不同的球。容易在夜晚或洞窟等陰暗的地方捉到寶可夢。,有點與眾不同的球。能很容易地在夜晚或洞窟等陰暗的地方捕捉寶可夢。
治愈球,治癒球,有点温柔的球。能回复捉到的宝可梦的ＨＰ并治愈异常状态。,有點溫柔的球。能回復捉到的寶可夢的ＨＰ並治癒異常狀態。,有點溫柔的球。能回復捉到的寶可夢的ＨＰ並治癒異常狀態。
先机球,先機球,有点与众不同的球。如果战斗开始后立刻使用，就能很容易地捉到宝可梦。,有點與眾不同的球。在戰鬥開始後立刻使用，就會變得容易捉到寶可夢。,有點與眾不同的球。如果戰鬥開始後立刻使用，就能很容易地捉到寶可夢。
贵重球,貴重球,相当珍贵的球。特制出来的某种纪念品。,作為某種紀念品而特別製造的，頗稀奇的球。,相當珍貴的球。特製出來的某種紀念品。
伤药,傷藥,喷雾式伤药。能让１只宝可梦回复２０ＨＰ。,噴霧式傷藥。能讓１隻寶可夢回復２０ＨＰ。,噴霧式傷藥。能讓１只寶可夢回復２０ＨＰ。
解毒药,解毒藥,喷雾式药水。能治愈１只宝可梦的中毒状态。,噴霧式藥水。能治癒１隻寶可夢的中毒狀態。,噴霧式藥水。能治癒１只寶可夢的中毒狀態。
灼伤药,灼傷藥,喷雾式药水。能治愈１只宝可梦的灼伤状态。,噴霧式藥水。能治癒１隻寶可夢的灼傷狀態。,噴霧式藥水。能治癒１只寶可夢的灼傷狀態。
解冻药,解凍藥,喷雾式药水。能治愈１只宝可梦的冰冻状态。,噴霧式藥水。能治癒１隻寶可夢的冰凍狀態。,噴霧式藥水。能治癒１只寶可夢的冰凍狀態。
解眠药,解眠藥,喷雾式药水。能治愈１只宝可梦的睡眠状态。,噴霧式藥水。能治癒１隻寶可夢的睡眠狀態。,噴霧式藥水。能治癒１只寶可夢的睡眠狀態。
解麻药,解麻藥,喷雾式药水。能治愈１只宝可梦的麻痹状态。,噴霧式藥水。能治癒１隻寶可夢的麻痺狀態。,噴霧式藥水。能治癒１只寶可夢的麻痺狀態。
全复药,全復藥,能回复１只宝可梦的所有ＨＰ并治愈所有异常状态。,能回復１隻寶可夢的所有ＨＰ並治癒所有異常狀態。,能回復１只寶可夢的所有ＨＰ並治癒所有異常狀態。
全满药,全滿藥,喷雾式伤药。能让１只宝可梦回复所有ＨＰ。,噴霧式傷藥。能讓１隻寶可夢回復所有ＨＰ。,噴霧式傷藥。能讓１只寶可夢回復所有ＨＰ。
厉害伤药,厲害傷藥,喷雾式伤药。能让１只宝可梦回复１２０ＨＰ。,噴霧式傷藥。能讓１隻寶可夢回復１２０ＨＰ。,噴霧式傷藥。能讓１只寶可夢回復１２０ＨＰ。
好伤药,好傷藥,喷雾式伤药。能让１只宝可梦回复６０ＨＰ。,噴霧式傷藥。能讓１隻寶可夢回復６０ＨＰ。,噴霧式傷藥。能讓１只寶可夢回復６０ＨＰ。
万灵药,萬靈藥,喷雾式药水。能治愈１只宝可梦的所有异常状态。,噴霧式藥水。能治癒１隻寶可夢的所有異常狀態。,噴霧式藥水。能治癒１只寶可夢的所有異常狀態。
活力碎片,活力碎片,能让１只陷入濒死的宝可梦重获生机，并回复一半ＨＰ。,能讓１隻陷入瀕死的寶可夢重獲生機，並回復一半ＨＰ。,能讓１只陷入瀕死的寶可夢重獲生機，並回復一半ＨＰ。
活力块,活力塊,能让１只陷入濒死的宝可梦重获生机，并回复所有ＨＰ。,能讓１隻陷入瀕死的寶可夢重獲生機，並回復所有ＨＰ。,能讓１只陷入瀕死的寶可夢重獲生機，並回復所有ＨＰ。
美味之水,美味之水,富含矿物质的水。能让１只宝可梦回复３０ＨＰ。,含有豐富礦物質的水。能讓１隻寶可夢回復３０ＨＰ。,富含礦物質的水。能讓１只寶可夢回復３０ＨＰ。
劲爽汽水,勁爽汽水,翻腾着气泡的汽水。能让１只宝可梦回复５０ＨＰ。,冒著氣泡的汽水。能讓１隻寶可夢回復５０ＨＰ。,翻騰著氣泡的汽水。能讓１只寶可夢回復５０ＨＰ。
果汁牛奶,果汁牛奶,非常香甜的牛奶。能让１只宝可梦回复７０ＨＰ。,非常甜的果汁。能讓１隻寶可夢回復７０ＨＰ。,非常香甜的牛奶。能讓１只寶可夢回復７０ＨＰ。
哞哞鲜奶,哞哞鮮奶,营养百分百的牛奶。能让１只宝可梦回复１００ＨＰ。,營養滿分的鮮奶。能讓１隻寶可夢回復１００ＨＰ。,營養百分百的牛奶。能讓１只寶可夢回復１００ＨＰ。
元气粉,元氣粉,非常苦的药粉。能让１只宝可梦回复６０ＨＰ。,非常苦的藥粉。能讓１隻寶可夢回復６０ＨＰ。,非常苦的藥粉。能讓１只寶可夢回復６０ＨＰ。
元气根,元氣根,非常苦的根。能让１只宝可梦回复１２０ＨＰ。,非常苦的根。能讓１隻寶可夢回復１２０ＨＰ。,非常苦的根。能讓１只寶可夢回復１２０ＨＰ。
万能粉,萬能粉,非常苦的药粉。能治愈１只宝可梦的所有异常状态。,非常苦的藥粉。能治癒１隻寶可夢的所有異常狀態。,非常苦的藥粉。能治癒１只寶可夢的所有異常狀態。
复活草,復活草,非常苦的药草。能让１只濒死的宝可梦回复所有ＨＰ。,非常苦的藥草。能讓１隻瀕死的寶可夢回復所有ＨＰ。,非常苦的藥草。能讓１只瀕死的寶可夢回復所有ＨＰ。
ＰＰ单项小补剂,ＰＰ單項小補劑,能让宝可梦学会的其中１个招式回复１０ＰＰ。,能讓寶可夢已學會的其中１個招式回復１０ＰＰ。,能讓寶可夢學會的其中１個招式回復１０ＰＰ。
ＰＰ单项全补剂,ＰＰ單項全補劑,能让宝可梦学会的其中１个招式回复所有ＰＰ。,能讓寶可夢已學會的其中１個招式回復所有ＰＰ。,能讓寶可夢學會的其中１個招式回復所有ＰＰ。
ＰＰ多项小补剂,ＰＰ多項小補劑,能让宝可梦学会的４个招式各回复１０ＰＰ。,能讓寶可夢已學會的４個招式各回復１０ＰＰ。,能讓寶可夢學會的４個招式各回復１０ＰＰ。
ＰＰ多项全补剂,ＰＰ多項全補劑,能让宝可梦学会的４个招式回复所有ＰＰ。,能讓寶可夢已學會的４個招式回復所有ＰＰ。,能讓寶可夢學會的４個招式回復所有ＰＰ。
釜炎仙贝,釜炎仙貝,釜炎特产的仙贝。能治愈１只宝可梦的所有异常状态。,釜炎特產的仙貝。能治癒１隻寶可夢的所有異常狀態。,釜炎特產的仙貝。能治癒１只寶可夢的所有異常狀態。
树果汁,樹果汁,１００％树果果汁。能让１只宝可梦回复２０ＨＰ。,１００％樹果果汁。能讓１隻寶可夢回復２０ＨＰ。,１００％樹果果汁。能讓１只寶可夢回復２０ＨＰ。
圣灰,聖灰,能让陷入濒死的全部宝可梦回复所有ＨＰ。,能讓所有陷入瀕死的寶可夢回復所有ＨＰ。,能讓陷入瀕死的全部寶可夢回復所有ＨＰ。
ＨＰ增强剂,ＨＰ增強劑,宝可梦的营养饮料。能提高１只宝可梦的ＨＰ的基础点数。,寶可夢的營養飲料。能提高１隻寶可夢的ＨＰ的基礎點數。,寶可夢的營養飲料。能提高１只寶可夢的ＨＰ的基礎點數。
攻击增强剂,攻擊增強劑,宝可梦的营养饮料。能提高１只宝可梦的攻击的基础点数。,寶可夢的營養飲料。能提高１隻寶可夢的攻擊的基礎點數。,寶可夢的營養飲料。能提高１只寶可夢的攻擊的基礎點數。
防御增强剂,防禦增強劑,宝可梦的营养饮料。能提高１只宝可梦的防御的基础点数。,寶可夢的營養飲料。能提高１隻寶可夢的防禦的基礎點數。,寶可夢的營養飲料。能提高１只寶可夢的防禦的基礎點數。
速度增强剂,速度增強劑,宝可梦的营养饮料。能提高１只宝可梦的速度的基础点数。,寶可夢的營養飲料。能提高１隻寶可夢的速度的基礎點數。,寶可夢的營養飲料。能提高１只寶可夢的速度的基礎點數。
特攻增强剂,特攻增強劑,宝可梦的营养饮料。能提高１只宝可梦的特攻的基础点数。,寶可夢的營養飲料。能提高１隻寶可夢的特攻的基礎點數。,寶可夢的營養飲料。能提高１只寶可夢的特攻的基礎點數。
神奇糖果,神奇糖果,充满能量的糖果。将它交给宝可梦后，１只宝可梦的等级仅会提高１。,充滿能量的糖果。餵給寶可夢後，能讓寶可夢的等級提高１級。,充滿能量的糖果。將它交給寶可夢後，１只寶可夢的等級僅會提高１。
ＰＰ提升剂,ＰＰ提升劑,能让宝可梦学会的其中１个招式的ＰＰ最大值少量提高。,能讓寶可夢已學會的其中１個招式的ＰＰ最大值少量提高。,能讓寶可夢學會的其中１個招式的ＰＰ最大值少量提高。
特防增强剂,特防增強劑,宝可梦的营养饮料。能提高１只宝可梦的特防的基础点数。,寶可夢的營養飲料。能提高１隻寶可夢的特防的基礎點數。,寶可夢的營養飲料。能提高１只寶可夢的特防的基礎點數。
ＰＰ极限提升剂,ＰＰ極限提升劑,能将宝可梦学会的其中１个招式的ＰＰ最大值提至最高。,能將寶可夢已學會的其中１個招式的ＰＰ最大值提至最高。,能將寶可夢學會的其中１個招式的ＰＰ最大值提至最高。
森之羊羹,森之羊羹,百代不为人知的特产。能治愈１只宝可梦的所有异常状态。,百代不為人知的特產。能治癒１隻寶可夢的所有異常狀態。,百代不為人知的特產。能治癒１只寶可夢的所有異常狀態。
能力防守,能力防守,在战斗中，５回合内不让我方能力降低的道具。,在戰鬥中，５回合內讓我方的能力不被降低的道具。,在戰鬥中，５回合內不讓我方能力降低的道具。
要害攻击,要害攻擊,击中要害的几率会大幅提高。只能使用１次。离场后，效果便会消失。,擊中要害的機率會大大提高。只能使用１次。離場後，效果便會消失。,擊中要害的機率會大幅提高。只能使用１次。離場後，效果便會消失。
力量强化,力量強化,大幅提高战斗中宝可梦攻击的道具。离场后，效果便会消失。,大大提高戰鬥中寶可夢攻擊的道具。離場後，效果便會消失。,大幅提高戰鬥中寶可夢攻擊的道具。離場後，效果便會消失。
防御强化,防禦強化,大幅提高战斗中宝可梦防御的道具。离场后，效果便会消失。,大大提高戰鬥中寶可夢防禦的道具。離場後，效果便會消失。,大幅提高戰鬥中寶可夢防禦的道具。離場後，效果便會消失。
速度强化,速度強化,大幅提高战斗中宝可梦速度的道具。离场后，效果便会消失。,大大提高戰鬥中寶可夢速度的道具。離場後，效果便會消失。,大幅提高戰鬥中寶可夢速度的道具。離場後，效果便會消失。
命中强化,命中強化,大幅提高战斗中宝可梦命中的道具。离场后，效果便会消失。,大大提高戰鬥中寶可夢命中的道具。離場後，效果便會消失。,大幅提高戰鬥中寶可夢命中的道具。離場後，效果便會消失。
特攻强化,特攻強化,大幅提高战斗中宝可梦特攻的道具。离场后，效果便会消失。,大大提高戰鬥中寶可夢特攻的道具。離場後，效果便會消失。,大幅提高戰鬥中寶可夢特攻的道具。離場後，效果便會消失。
特防强化,特防強化,大幅提高战斗中宝可梦特防的道具。离场后，效果便会消失。,大大提高戰鬥中寶可夢特防的道具。離場後，效果便會消失。,大幅提高戰鬥中寶可夢特防的道具。離場後，效果便會消失。
皮皮玩偶,皮皮玩偶,能吸引宝可梦注意的道具。在和野生宝可梦的战斗中绝对可以逃走。,能吸引寶可夢注意的道具。在和野生寶可夢的戰鬥中絕對可以逃走。,能吸引寶可夢注意的道具。在和野生寶可夢的戰鬥中絕對可以逃走。
向尾喵的尾巴,向尾喵的尾巴,能吸引宝可梦注意的道具。在和野生宝可梦的战斗中绝对可以逃走。,能吸引寶可夢注意的道具。在和野生寶可夢的戰鬥中絕對可以逃走。,能吸引寶可夢注意的道具。在和野生寶可夢的戰鬥中絕對可以逃走。
蓝色玻璃哨,藍色玻璃哨,以蓝色玻璃制成的哨子。可以治愈睡眠状态。,以藍色玻璃製成的笛子。可以治癒睡眠狀態。,以藍色玻璃製成的哨子。可以治癒睡眠狀態。
黄色玻璃哨,黃色玻璃哨,以黄色玻璃制成的哨子。可以治愈混乱状态。,以黃色玻璃製成的笛子。可以治癒混亂狀態。,以黃色玻璃製成的哨子。可以治癒混亂狀態。
红色玻璃哨,紅色玻璃哨,以红色玻璃制成的哨子。可以治愈着迷状态。,以紅色玻璃製成的笛子。可以治癒著迷狀態。,以紅色玻璃製成的哨子。可以治癒著迷狀態。
黑色玻璃哨,黑色玻璃哨,以黑色玻璃制成的哨子。在使用的地方更容易遇到强大的宝可梦。,以黑色玻璃製成的笛子。在使用的地方更容易遇到強大的寶可夢。,以黑色玻璃製成的哨子。在使用的地方更容易遇到強大的寶可夢。
白色玻璃哨,白色玻璃哨,以白色玻璃制成的哨子。在使用的地方更容易遇到弱小的宝可梦。,以白色玻璃製成的笛子。在使用的地方更容易遇到弱小的寶可夢。,以白色玻璃製成的哨子。在使用的地方更容易遇到弱小的寶可夢。
浅滩海盐,淺灘海鹽,在浅滩洞穴这地方找到的海盐。,在名為淺灘洞穴的地方找到的海鹽。,在淺灘洞穴這地方找到的海鹽。
浅滩贝壳,淺灘貝殼,在浅滩洞穴这地方找到的贝壳。,在名為淺灘洞穴的地方找到的貝殼。,在淺灘洞穴這地方找到的貝殼。
红色碎片,紅色碎片,红色的小碎片。好像是以前制作的某道具的一部分。,紅色的小碎片。好像是以前製作的某道具的一部分。,紅色的小碎片。好像是以前製作的某道具的一部分。
蓝色碎片,藍色碎片,蓝色的小碎片。好像是以前制作的某道具的一部分。,藍色的小碎片。好像是以前製作的某道具的一部分。,藍色的小碎片。好像是以前製作的某道具的一部分。
黄色碎片,黃色碎片,黄色的小碎片。好像是以前制作的某道具的一部分。,黃色的小碎片。好像是以前製作的某道具的一部分。,黃色的小碎片。好像是以前製作的某道具的一部分。
绿色碎片,綠色碎片,绿色的小碎片。好像是以前制作的某道具的一部分。,綠色的小碎片。好像是以前製作的某道具的一部分。,綠色的小碎片。好像是以前製作的某道具的一部分。
白银喷雾,白銀噴霧,弱小的野生宝可梦将完全不会出现。效果比除虫喷雾更持久。,弱小的野生寶可夢變得完全不會出現。效果比除蟲噴霧更持久。,弱小的野生寶可夢將完全不會出現。效果比除蟲噴霧更持久。
黄金喷雾,黃金噴霧,弱小的野生宝可梦将完全不会出现。效果比白银喷雾更持久。,弱小的野生寶可夢變得完全不會出現。效果比白銀噴霧更持久。,弱小的野生寶可夢將完全不會出現。效果比白銀噴霧更持久。
离洞绳,離洞繩,结实的长绳。可以从洞窟或迷宫中脱身。,結實的長繩。可以從洞窟或迷宮中脫身。,結實的長繩。可以從洞窟或迷宮中脫身。
除虫喷雾,除蟲噴霧,使用后，在较短的一段时间内，弱小的野生宝可梦将完全不会出现。,使用後的短暫期間，弱小的野生寶可夢變得完全不會出現。,使用後，在較短的一段時間內，弱小的野生寶可夢將完全不會出現。
日之石,日之石,能让某些特定宝可梦进化的神奇石头。像太阳一样赤红。,能讓特定寶可夢進化的神奇石頭。像太陽一樣赤紅。,能讓某些特定寶可夢進化的神奇石頭。像太陽一樣赤紅。
月之石,月之石,能让某些特定宝可梦进化的神奇石头。像夜空一样乌黑。,能讓特定寶可夢進化的神奇石頭。像夜空一樣深黑。,能讓某些特定寶可夢進化的神奇石頭。像夜空一樣烏黑。
火之石,火之石,能让某些特定宝可梦进化的神奇石头。看上去是橙黄色的。,能讓特定寶可夢進化的神奇石頭。看起來是橙黃色的。,能讓某些特定寶可夢進化的神奇石頭。看上去是橙黃色的。
雷之石,雷之石,能让某些特定宝可梦进化的神奇石头。有着闪电般的花纹。,能讓特定寶可夢進化的神奇石頭。上面有著閃電花紋。,能讓某些特定寶可夢進化的神奇石頭。有著閃電般的花紋。
水之石,水之石,能让某些特定宝可梦进化的神奇石头。看上去是澄蓝色的。,能讓特定寶可夢進化的神奇石頭。看起來是澄澈的藍色。,能讓某些特定寶可夢進化的神奇石頭。看上去是澄藍色的。
叶之石,葉之石,能让某些特定宝可梦进化的神奇石头。有着叶子般的花纹。,能讓特定寶可夢進化的神奇石頭。上面有著葉子花紋。,能讓某些特定寶可夢進化的神奇石頭。有著葉子般的花紋。
小蘑菇,小蘑菇,珍稀的小蘑菇。在一些爱好者中有着相当高的人气。,稀奇的小蘑菇。在部分愛好者間頗受歡迎。,珍稀的小蘑菇。在一些愛好者中有著相當高的人氣。
大蘑菇,大蘑菇,珍稀的大蘑菇。在一些爱好者中有着非常高的人气。,稀奇的大蘑菇。在部分愛好者中非常受歡迎。,珍稀的大蘑菇。在一些愛好者中有著非常高的人氣。
珍珠,珍珠,散发着美丽银辉且有点小的珍珠。可以在商店低价出售。,散發著美麗銀輝的有點小的珍珠。可以在商店低價出售。,散發著美麗銀輝且有點小的珍珠。可以在商店低價出售。
大珍珠,大珍珠,散发着美丽银辉且相当大颗的珍珠。可以在商店高价出售。,散發著美麗銀輝的頗大顆的珍珠。可以在商店高價出售。,散發著美麗銀輝且相當大顆的珍珠。可以在商店高價出售。
星星沙子,星星沙子,手感细腻且十分美丽的红色沙子。可以在商店低价出售。,手感細緻且十分美麗的紅色沙子。可以在商店低價出售。,手感細膩且十分美麗的紅色沙子。可以在商店低價出售。
星星碎片,星星碎片,闪着红光且十分美丽的宝石碎片。可以在商店高价出售。,閃著紅光且十分美麗的寶石碎片。可以在商店高價出售。,閃著紅光且十分美麗的寶石碎片。可以在商店高價出售。
金珠,金珠,闪着金光，以纯金制成的珠子。可以在商店高价出售。,閃著金光的純金製珠子。可以在商店高價出售。,閃著金光，以純金製成的珠子。可以在商店高價出售。
心之鳞片,心之鱗片,有着美丽心形外形且非常珍稀的鳞片。有些人收到会很高兴。,有著美麗心形外形且非常稀奇的鱗片。有些人收到會很高興。,有著美麗心形外形且非常珍稀的鱗片。有些人收到會很高興。
甜甜蜜,甜甜蜜,在草丛或洞窟等地方使用后，被甜甜香气吸引的野生宝可梦就会出现。,在草叢或洞窟等地方使用後，被甜甜香氣引誘的野生寶可夢就會出現。,在草叢或洞窟等地方使用後，被甜甜香氣吸引的野生寶可夢就會出現。
速速肥,速速肥,培育树果时的肥料。但完全不适合丰缘地区的土壤，所以没什么效果。,培育樹果時的肥料。但完全不適合豐緣地區的土壤，所以沒什麼效果。,培育樹果時的肥料。但完全不適合豐緣地區的土壤，所以沒什麼效果。
湿湿肥,濕濕肥,培育树果时的肥料。但完全不适合丰缘地区的土壤，所以没什么效果。,培育樹果時的肥料。但完全不適合豐緣地區的土壤，所以沒什麼效果。,培育樹果時的肥料。但完全不適合豐緣地區的土壤，所以沒什麼效果。
久久肥,久久肥,培育树果时的肥料。但完全不适合丰缘地区的土壤，所以没什么效果。,培育樹果時的肥料。但完全不適合豐緣地區的土壤，所以沒什麼效果。,培育樹果時的肥料。但完全不適合豐緣地區的土壤，所以沒什麼效果。
粘粘肥,黏黏肥,培育树果时的肥料。但完全不适合丰缘地区的土壤，所以没什么效果。,培育樹果時的肥料。但完全不適合豐緣地區的土壤，所以沒什麼效果。,培育樹果時的肥料。但完全不適合豐緣地區的土壤，所以沒什麼效果。
根状化石,根狀化石,很久以前栖息在海里的古代宝可梦的化石。好像是根的一部分。,很久以前棲息在海裡的古代寶可夢的化石。好像是根的一部分。,很久以前棲息在海裡的古代寶可夢的化石。好像是根的一部分。
爪子化石,爪子化石,很久以前栖息在海里的古代宝可梦的化石。好像是爪子的一部分。,很久以前棲息在海裡的古代寶可夢的化石。好像是爪子的一部分。,很久以前棲息在海裡的古代寶可夢的化石。好像是爪子的一部分。
贝壳化石,貝殼化石,很久以前栖息在海里的古代宝可梦的化石。好像是贝壳的一部分。,很久以前棲息在海裡的古代寶可夢的化石。好像是貝殼的一部分。,很久以前棲息在海裡的古代寶可夢的化石。好像是貝殼的一部分。
甲壳化石,甲殼化石,很久以前栖息在海里的古代宝可梦的化石。好像是甲壳的一部分。,很久以前棲息在海裡的古代寶可夢的化石。好像是甲殼的一部分。,很久以前棲息在海裡的古代寶可夢的化石。好像是甲殼的一部分。
秘密琥珀,秘密琥珀,封存着古代宝可梦遗传基因的琥珀，透着点红色。,封存著古代寶可夢遺傳基因的琥珀，透著點紅色。,封存著古代寶可夢遺傳基因的琥珀，透著點紅色。
盾甲化石,盾甲化石,很久以前生活在地上的古代宝可梦的化石。好像是领饰的一部分。,很久以前生活在地上的古代寶可夢的化石。好像是領飾的一部分。,很久以前生活在地上的古代寶可夢的化石。好像是領飾的一部分。
头盖化石,頭蓋化石,很久以前生活在地上的古代宝可梦的化石。好像是头部的一部分。,很久以前生活在地上的古代寶可夢的化石。好像是頭部的一部分。,很久以前生活在地上的古代寶可夢的化石。好像是頭部的一部分。
贵重骨头,貴重骨頭,在宝可梦考古学上非常贵重的骨头。可以在商店高价出售。,在寶可夢考古學上非常貴重的骨頭。可以在商店高價出售。,在寶可夢考古學上非常貴重的骨頭。可以在商店高價出售。
光之石,光之石,能让某些特定宝可梦进化的神奇石头。像光芒一样耀眼。,能讓特定寶可夢進化的神奇石頭。像光芒一樣耀眼。,能讓某些特定寶可夢進化的神奇石頭。像光芒一樣耀眼。
暗之石,暗之石,能让某些特定宝可梦进化的神奇石头。像黑夜一般漆黑。,能讓特定寶可夢進化的神奇石頭。像黑暗一般漆黑。,能讓某些特定寶可夢進化的神奇石頭。像黑夜一般漆黑。
觉醒之石,覺醒之石,能让某些特定宝可梦进化的神奇石头。像眼眸一般光彩动人。,能讓特定寶可夢進化的神奇石頭。像眼眸一般光彩動人。,能讓某些特定寶可夢進化的神奇石頭。像眼眸一般光彩動人。
浑圆之石,渾圓之石,能让某些特定宝可梦进化的神奇石头。像珠子一般圆润。,能讓特定寶可夢進化的神奇石頭。像珠子一般圓潤。,能讓某些特定寶可夢進化的神奇石頭。像珠子一般圓潤。
楔石,楔石,没有它，石之塔就会崩塌的重要石头。有时能从石头里听到声音。,沒有它，石之塔就會崩塌的重要石頭。有時能從石頭裡聽到聲音。,沒有它，石之塔就會崩塌的重要石頭。有時能從石頭裡聽到聲音。
白金宝珠,白金寶珠,让骑拉帝纳携带的话，龙和幽灵属性的招式威力就会提高。散发着光辉的宝珠。,讓騎拉帝納攜帶的話，龍和幽靈屬性的招式威力就會提高。散發著光輝的寶珠。,讓騎拉帝納攜帶的話，龍和幽靈屬性的招式威力就會提高。散發著光輝的寶珠。
水流卡带,水流卡帶,这是让盖诺赛克特携带的卡带。携带后，高科技光炮这招式就会变为水属性。,讓蓋諾賽克特攜帶的卡帶。攜帶後，招式高科技光炮會變為水屬性。,這是讓蓋諾賽克特攜帶的卡帶。攜帶後，高科技光炮這招式就會變為水屬性。
闪电卡带,閃電卡帶,这是让盖诺赛克特携带的卡带。携带后，高科技光炮这招式就会变为电属性。,讓蓋諾賽克特攜帶的卡帶。攜帶後，招式高科技光炮會變為電屬性。,這是讓蓋諾賽克特攜帶的卡帶。攜帶後，高科技光炮這招式就會變為電屬性。
火焰卡带,火焰卡帶,这是让盖诺赛克特携带的卡带。携带后，高科技光炮这招式就会变为火属性。,讓蓋諾賽克特攜帶的卡帶。攜帶後，招式高科技光炮會變為火屬性。,這是讓蓋諾賽克特攜帶的卡帶。攜帶後，高科技光炮這招式就會變為火屬性。
冰冻卡带,冰凍卡帶,这是让盖诺赛克特携带的卡带。携带后，高科技光炮这招式就会变为冰属性。,讓蓋諾賽克特攜帶的卡帶。攜帶後，招式高科技光炮會變為冰屬性。,這是讓蓋諾賽克特攜帶的卡帶。攜帶後，高科技光炮這招式就會變為冰屬性。
心形甜点,心形甜點,非常甜腻的巧克力。能让１只宝可梦回复２０ＨＰ。,非常甜膩的巧克力。能讓１隻寶可夢回復２０ＨＰ。,非常甜膩的巧克力。能讓１只寶可夢回復２０ＨＰ。
金刚宝珠,金剛寶珠,让帝牙卢卡携带的话，龙和钢属性的招式威力就会提高。散发着光辉的宝珠。,讓帝牙盧卡攜帶的話，龍和鋼屬性的招式威力就會提高。散發著光輝的寶珠。,讓帝牙盧卡攜帶的話，龍和鋼屬性的招式威力就會提高。散發著光輝的寶珠。
白玉宝珠,白玉寶珠,让帕路奇亚携带的话，龙和水属性的招式威力就会提高。散发着美丽光辉的宝珠。,讓帕路奇亞攜帶的話，龍和水屬性的招式威力就會提高。散發著美麗光輝的寶珠。,讓帕路奇亞攜帶的話，龍和水屬性的招式威力就會提高。散發著美麗光輝的寶珠。
初次邮件,初次郵件,方便写初次见面这类寒暄语的信纸。使用该道具时，需要让宝可梦携带着来用。,方便寫初次見面這類招呼語的信紙。需讓寶可夢攜帶使用。,方便寫初次見面這類寒暄語的信紙。使用該道具時，需要讓寶可夢攜帶著來用。
喜爱邮件,喜愛郵件,方便写表达自己喜好这类邮件的信纸。使用该道具时，需要让宝可梦携带着来用。,方便寫表達自己喜好這類郵件的信紙。需讓寶可夢攜帶使用。,方便寫表達自己喜好這類郵件的信紙。使用該道具時，需要讓寶可夢攜帶著來用。
邀请邮件,邀請郵件,方便写邀请对方这类邮件的信纸。使用该道具时，需要让宝可梦携带着来用。,方便寫邀請對方這類郵件的信紙。需讓寶可夢攜帶使用。,方便寫邀請對方這類郵件的信紙。使用該道具時，需要讓寶可夢攜帶著來用。
感谢邮件,感謝郵件,方便写表达感谢这类邮件的信纸。使用该道具时，需要让宝可梦携带着来用。,方便寫表達感謝這類郵件的信紙。需讓寶可夢攜帶使用。,方便寫表達感謝這類郵件的信紙。使用該道具時，需要讓寶可夢攜帶著來用。
询问邮件,詢問郵件,方便写询问对方这类邮件的信纸。使用该道具时，需要让宝可梦携带着来用。,方便寫詢問對方這類郵件的信紙。需讓寶可夢攜帶使用。,方便寫詢問對方這類郵件的信紙。使用該道具時，需要讓寶可夢攜帶著來用。
推荐邮件,推薦郵件,方便写推荐内容这类邮件的信纸。使用该道具时，需要让宝可梦携带着来用。,方便寫推薦內容這類郵件的信紙。需讓寶可夢攜帶使用。,方便寫推薦內容這類郵件的信紙。使用該道具時，需要讓寶可夢攜帶著來用。
回复邮件,回覆郵件,方便写回复邮件的信纸。使用该道具时，需要让宝可梦携带着来用。,方便寫回覆郵件的信紙。需讓寶可夢攜帶使用。,方便寫回覆郵件的信紙。使用該道具時，需要讓寶可夢攜帶著來用。
桥梁邮件Ｓ,橋梁郵件Ｓ,印有通天桥图案的信纸。使用该道具时，需要让宝可梦携带着来用。,印有通天橋圖案的信紙。需讓寶可夢攜帶使用。,印有通天橋圖案的信紙。使用該道具時，需要讓寶可夢攜帶著來用。
桥梁邮件Ｈ,橋梁郵件Ｈ,印有鲜红色活动桥图案的信纸。使用该道具时，需要让宝可梦携带着来用。,印有大紅色活動橋圖案的信紙。需讓寶可夢攜帶使用。,印有鮮紅色活動橋圖案的信紙。使用該道具時，需要讓寶可夢攜帶著來用。
桥梁邮件Ｃ,橋梁郵件Ｃ,印有钢铁悬索桥图案的信纸。使用该道具时，需要让宝可梦携带着来用。,印有鋼鐵懸索橋圖案的信紙。需讓寶可夢攜帶使用。,印有鋼鐵懸索橋圖案的信紙。使用該道具時，需要讓寶可夢攜帶著來用。
桥梁邮件Ｖ,橋梁郵件Ｖ,印有砖桥图案的信纸。使用该道具时，需要让宝可梦携带着来用。,印有磚橋圖案的信紙。需讓寶可夢攜帶使用。,印有磚橋圖案的信紙。使用該道具時，需要讓寶可夢攜帶著來用。
桥梁邮件Ｗ,橋梁郵件Ｗ,印有拱桥图案的信纸。使用该道具时，需要让宝可梦携带着来用。,印有拱橋圖案的信紙。需讓寶可夢攜帶使用。,印有拱橋圖案的信紙。使用該道具時，需要讓寶可夢攜帶著來用。
樱子果,櫻子果,让宝可梦携带后，可以治愈麻痹。,讓寶可夢攜帶後，可以治癒麻痺。,讓寶可夢攜帶後，可以治癒麻痺。
零余果,零餘果,让宝可梦携带后，可以治愈睡眠。,讓寶可夢攜帶後，可以治癒睡眠。,讓寶可夢攜帶後，可以治癒睡眠。
桃桃果,桃桃果,让宝可梦携带后，可以治愈中毒。,讓寶可夢攜帶後，可以治癒中毒。,讓寶可夢攜帶後，可以治癒中毒。
莓莓果,莓莓果,让宝可梦携带后，可以治愈灼伤。,讓寶可夢攜帶後，可以治癒灼傷。,讓寶可夢攜帶後，可以治癒灼傷。
利木果,利木果,让宝可梦携带后，可以治愈冰冻。,讓寶可夢攜帶後，可以治癒冰凍。,讓寶可夢攜帶後，可以治癒冰凍。
苹野果,蘋野果,让宝可梦携带后，可以回复１０ＰＰ。,讓寶可夢攜帶後，可以回復１０ＰＰ。,讓寶可夢攜帶後，可以回復１０ＰＰ。
橙橙果,橙橙果,让宝可梦携带后，可以回复１０ＨＰ。,讓寶可夢攜帶後，可以回復１０ＨＰ。,讓寶可夢攜帶後，可以回復１０ＨＰ。
柿仔果,柿仔果,让宝可梦携带后，可以治愈混乱。,讓寶可夢攜帶後，可以治癒混亂。,讓寶可夢攜帶後，可以治癒混亂。
木子果,木子果,让宝可梦携带后，可以治愈所有异常状态。,讓寶可夢攜帶後，可以治癒所有異常狀態。,讓寶可夢攜帶後，可以治癒所有異常狀態。
文柚果,文柚果,让宝可梦携带后，可以回复少量ＨＰ。,讓寶可夢攜帶後，可以回復少量ＨＰ。,讓寶可夢攜帶後，可以回復少量ＨＰ。
勿花果,勿花果,让宝可梦携带后，危机时可以回复ＨＰ。如果讨厌这味道就会混乱。,讓寶可夢攜帶後，危機時可以回復ＨＰ。如果討厭這味道就會混亂。,讓寶可夢攜帶後，危機時可以回復ＨＰ。如果討厭這味道就會混亂。
异奇果,異奇果,让宝可梦携带后，危机时可以回复ＨＰ。如果讨厌这味道就会混乱。,讓寶可夢攜帶後，危機時可以回復ＨＰ。如果討厭這味道就會混亂。,讓寶可夢攜帶後，危機時可以回復ＨＰ。如果討厭這味道就會混亂。
芒芒果,芒芒果,让宝可梦携带后，危机时可以回复ＨＰ。如果讨厌这味道就会混乱。,讓寶可夢攜帶後，危機時可以回復ＨＰ。如果討厭這味道就會混亂。,讓寶可夢攜帶後，危機時可以回復ＨＰ。如果討厭這味道就會混亂。
乐芭果,樂芭果,让宝可梦携带后，危机时可以回复ＨＰ。如果讨厌这味道就会混乱。,讓寶可夢攜帶後，危機時可以回復ＨＰ。如果討厭這味道就會混亂。,讓寶可夢攜帶後，危機時可以回復ＨＰ。如果討厭這味道就會混亂。
芭亚果,芭亞果,让宝可梦携带后，危机时可以回复ＨＰ。如果讨厌这味道就会混乱。,讓寶可夢攜帶後，危機時可以回復ＨＰ。如果討厭這味道就會混亂。,讓寶可夢攜帶後，危機時可以回復ＨＰ。如果討厭這味道就會混亂。
蔓莓果,蔓莓果,用于制作宝可方块，制作出来的宝可方块可用来打磨帅气。红色的果实尝起来是辣的。,製作用於增進帥氣的寶可方塊時使用。紅色的果實嘗起來是辣的。,用於製作寶可方塊，製作出來的寶可方塊可用來打磨帥氣。紅色的果實嘗起來是辣的。
墨莓果,墨莓果,用于制作宝可方块，制作出来的宝可方块可用来打磨美丽。蓝色的果实尝起来是涩的。,製作用於增進美麗的寶可方塊時使用。藍色的果實嘗起來是澀的。,用於製作寶可方塊，製作出來的寶可方塊可用來打磨美麗。藍色的果實嘗起來是澀的。
蕉香果,蕉香果,用于制作宝可方块，制作出来的宝可方块可用来打磨可爱。粉红色的果实尝起来是甜的。,製作用於增進可愛的寶可方塊時使用。粉紅色的果實嘗起來是甜的。,用於製作寶可方塊，製作出來的寶可方塊可用來打磨可愛。粉紅色的果實嘗起來是甜的。
西梨果,西梨果,用于制作宝可方块，制作出来的宝可方块可用来打磨聪明。绿色的果实尝起来是苦的。,製作用於增進聰明的寶可方塊時使用。綠色的果實嘗起來是苦的。,用於製作寶可方塊，製作出來的寶可方塊可用來打磨聰明。綠色的果實嘗起來是苦的。
凰梨果,凰梨果,用于制作宝可方块，制作出来的宝可方块可用来打磨强壮。黄色的果实尝起来是酸的。,製作用於增進強壯的寶可方塊時使用。黃色的果實嘗起來是酸的。,用於製作寶可方塊，製作出來的寶可方塊可用來打磨強壯。黃色的果實嘗起來是酸的。
榴石果,榴石果,如果把它交给宝可梦，宝可梦就会变得非常容易和训练家亲密，但ＨＰ的基础点数会降低。,如果把它餵給寶可夢，寶可夢會非常容易和訓練家變得親密，但ＨＰ的基礎點數會降低。,如果把它交給寶可夢，寶可夢就會變得非常容易和訓練家親密，但ＨＰ的基礎點數會降低。
藻根果,藻根果,如果把它交给宝可梦，宝可梦就会变得非常容易和训练家亲密，但攻击的基础点数会降低。,如果把它餵給寶可夢，寶可夢會非常容易和訓練家變得親密，但攻擊的基礎點數會降低。,如果把它交給寶可夢，寶可夢就會變得非常容易和訓練家親密，但攻擊的基礎點數會降低。
比巴果,比巴果,如果把它交给宝可梦，宝可梦就会变得非常容易和训练家亲密，但防御的基础点数会降低。,如果把它餵給寶可夢，寶可夢會非常容易和訓練家變得親密，但防禦的基礎點數會降低。,如果把它交給寶可夢，寶可夢就會變得非常容易和訓練家親密，但防禦的基礎點數會降低。
哈密果,哈密果,如果把它交给宝可梦，宝可梦就会变得非常容易和训练家亲密，但特攻的基础点数会降低。,如果把它餵給寶可夢，寶可夢會非常容易和訓練家變得親密，但特攻的基礎點數會降低。,如果把它交給寶可夢，寶可夢就會變得非常容易和訓練家親密，但特攻的基礎點數會降低。
萄葡果,萄葡果,如果把它交给宝可梦，宝可梦就会变得非常容易和训练家亲密，但特防的基础点数会降低。,如果把它餵給寶可夢，寶可夢會非常容易和訓練家變得親密，但特防的基礎點數會降低。,如果把它交給寶可夢，寶可夢就會變得非常容易和訓練家親密，但特防的基礎點數會降低。
茄番果,茄番果,如果把它交给宝可梦，宝可梦就会变得非常容易和训练家亲密，但速度的基础点数会降低。,如果把它餵給寶可夢，寶可夢會非常容易和訓練家變得親密，但速度的基礎點數會降低。,如果把它交給寶可夢，寶可夢就會變得非常容易和訓練家親密，但速度的基礎點數會降低。
玉黍果,玉黍果,用于制作宝可方块，制作出来的宝可方块可用来打磨美丽。在其他地区很少见的树果。,製作用於增進美麗的寶可方塊時使用。在其他地區很少見的樹果。,用於製作寶可方塊，製作出來的寶可方塊可用來打磨美麗。在其他地區很少見的樹果。
岳竹果,岳竹果,用于制作宝可方块，制作出来的宝可方块可用来打磨可爱。在其他地区很少见的树果。,製作用於增進可愛的寶可方塊時使用。在其他地區很少見的樹果。,用於製作寶可方塊，製作出來的寶可方塊可用來打磨可愛。在其他地區很少見的樹果。
茸丹果,茸丹果,用于制作宝可方块，制作出来的宝可方块可用来打磨聪明。在其他地区很少见的树果。,製作用於增進聰明的寶可方塊時使用。在其他地區很少見的樹果。,用於製作寶可方塊，製作出來的寶可方塊可用來打磨聰明。在其他地區很少見的樹果。
檬柠果,檬檸果,用于制作宝可方块，制作出来的宝可方块可用来打磨强壮。在其他地区很少见的树果。,製作用於增進強壯的寶可方塊時使用。在其他地區很少見的樹果。,用於製作寶可方塊，製作出來的寶可方塊可用來打磨強壯。在其他地區很少見的樹果。
刺角果,刺角果,用于制作宝可方块，制作出来的宝可方块可用来打磨可爱。在其他地区很少见的树果。,製作用於增進可愛的寶可方塊時使用。在其他地區很少見的樹果。,用於製作寶可方塊，製作出來的寶可方塊可用來打磨可愛。在其他地區很少見的樹果。
椰木果,椰木果,用于制作宝可方块，制作出来的宝可方块可用来打磨美丽。在其他地区很少见的树果。,製作用於增進美麗的寶可方塊時使用。在其他地區很少見的樹果。,用於製作寶可方塊，製作出來的寶可方塊可用來打磨美麗。在其他地區很少見的樹果。
瓜西果,瓜西果,用于制作宝可方块，制作出来的宝可方块可用来打磨聪明。在其他地区很少见的树果。,製作用於增進聰明的寶可方塊時使用。在其他地區很少見的樹果。,用於製作寶可方塊，製作出來的寶可方塊可用來打磨聰明。在其他地區很少見的樹果。
金枕果,金枕果,用于制作宝可方块，制作出来的宝可方块可用来打磨聪明。在其他地区很少见的树果。,製作用於增進聰明的寶可方塊時使用。在其他地區很少見的樹果。,用於製作寶可方塊，製作出來的寶可方塊可用來打磨聰明。在其他地區很少見的樹果。
靛莓果,靛莓果,用于制作宝可方块，制作出来的宝可方块可用来打磨美丽。在其他地区很少见的树果。,製作用於增進美麗的寶可方塊時使用。在其他地區很少見的樹果。,用於製作寶可方塊，製作出來的寶可方塊可用來打磨美麗。在其他地區很少見的樹果。
巧可果,巧可果,让宝可梦携带后，在受到效果绝佳的火属性招式攻击时，能令其威力减弱。,讓寶可夢攜帶後，在受到效果絕佳的火屬性招式攻擊時，能使其威力減弱。,讓寶可夢攜帶後，在受到效果絕佳的火屬性招式攻擊時，能令其威力減弱。
千香果,千香果,让宝可梦携带后，在受到效果绝佳的水属性招式攻击时，能令其威力减弱。,讓寶可夢攜帶後，在受到效果絕佳的水屬性招式攻擊時，能使其威力減弱。,讓寶可夢攜帶後，在受到效果絕佳的水屬性招式攻擊時，能令其威力減弱。
烛木果,燭木果,让宝可梦携带后，在受到效果绝佳的电属性招式攻击时，能令其威力减弱。,讓寶可夢攜帶後，在受到效果絕佳的電屬性招式攻擊時，能使其威力減弱。,讓寶可夢攜帶後，在受到效果絕佳的電屬性招式攻擊時，能令其威力減弱。
罗子果,羅子果,让宝可梦携带后，在受到效果绝佳的草属性招式攻击时，能令其威力减弱。,讓寶可夢攜帶後，在受到效果絕佳的草屬性招式攻擊時，能使其威力減弱。,讓寶可夢攜帶後，在受到效果絕佳的草屬性招式攻擊時，能令其威力減弱。
番荔果,番荔果,让宝可梦携带后，在受到效果绝佳的冰属性招式攻击时，能令其威力减弱。,讓寶可夢攜帶後，在受到效果絕佳的冰屬性招式攻擊時，能使其威力減弱。,讓寶可夢攜帶後，在受到效果絕佳的冰屬性招式攻擊時，能令其威力減弱。
莲蒲果,蓮蒲果,让宝可梦携带后，在受到效果绝佳的格斗属性招式攻击时，能令其威力减弱。,讓寶可夢攜帶後，在受到效果絕佳的格鬥屬性招式攻擊時，能使其威力減弱。,讓寶可夢攜帶後，在受到效果絕佳的格鬥屬性招式攻擊時，能令其威力減弱。
通通果,通通果,让宝可梦携带后，在受到效果绝佳的毒属性招式攻击时，能令其威力减弱。,讓寶可夢攜帶後，在受到效果絕佳的毒屬性招式攻擊時，能使其威力減弱。,讓寶可夢攜帶後，在受到效果絕佳的毒屬性招式攻擊時，能令其威力減弱。
腰木果,腰木果,让宝可梦携带后，在受到效果绝佳的地面属性招式攻击时，能令其威力减弱。,讓寶可夢攜帶後，在受到效果絕佳的地面屬性招式攻擊時，能使其威力減弱。,讓寶可夢攜帶後，在受到效果絕佳的地面屬性招式攻擊時，能令其威力減弱。
棱瓜果,稜瓜果,让宝可梦携带后，在受到效果绝佳的飞行属性招式攻击时，能令其威力减弱。,讓寶可夢攜帶後，在受到效果絕佳的飛行屬性招式攻擊時，能使其威力減弱。,讓寶可夢攜帶後，在受到效果絕佳的飛行屬性招式攻擊時，能令其威力減弱。
福禄果,福祿果,让宝可梦携带后，在受到效果绝佳的超能力属性招式攻击时，能令其威力减弱。,讓寶可夢攜帶後，在受到效果絕佳的超能力屬性招式攻擊時，能使其威力減弱。,讓寶可夢攜帶後，在受到效果絕佳的超能力屬性招式攻擊時，能令其威力減弱。
扁樱果,扁櫻果,让宝可梦携带后，在受到效果绝佳的虫属性招式攻击时，能令其威力减弱。,讓寶可夢攜帶後，在受到效果絕佳的蟲屬性招式攻擊時，能使其威力減弱。,讓寶可夢攜帶後，在受到效果絕佳的蟲屬性招式攻擊時，能令其威力減弱。
草蚕果,草蠶果,让宝可梦携带后，在受到效果绝佳的岩石属性招式攻击时，能令其威力减弱。,讓寶可夢攜帶後，在受到效果絕佳的岩石屬性招式攻擊時，能使其威力減弱。,讓寶可夢攜帶後，在受到效果絕佳的岩石屬性招式攻擊時，能令其威力減弱。
佛柑果,佛柑果,让宝可梦携带后，在受到效果绝佳的幽灵属性招式攻击时，能令其威力减弱。,讓寶可夢攜帶後，在受到效果絕佳的幽靈屬性招式攻擊時，能使其威力減弱。,讓寶可夢攜帶後，在受到效果絕佳的幽靈屬性招式攻擊時，能令其威力減弱。
莓榴果,莓榴果,让宝可梦携带后，在受到效果绝佳的龙属性招式攻击时，能令其威力减弱。,讓寶可夢攜帶後，在受到效果絕佳的龍屬性招式攻擊時，能使其威力減弱。,讓寶可夢攜帶後，在受到效果絕佳的龍屬性招式攻擊時，能令其威力減弱。
刺耳果,刺耳果,让宝可梦携带后，在受到效果绝佳的恶属性招式攻击时，能令其威力减弱。,讓寶可夢攜帶後，在受到效果絕佳的惡屬性招式攻擊時，能使其威力減弱。,讓寶可夢攜帶後，在受到效果絕佳的惡屬性招式攻擊時，能令其威力減弱。
霹霹果,霹霹果,让宝可梦携带后，在受到效果绝佳的钢属性招式攻击时，能令其威力减弱。,讓寶可夢攜帶後，在受到效果絕佳的鋼屬性招式攻擊時，能使其威力減弱。,讓寶可夢攜帶後，在受到效果絕佳的鋼屬性招式攻擊時，能令其威力減弱。
灯浆果,燈漿果,让宝可梦携带后，在受到一般属性招式攻击时，能令其威力减弱。,讓寶可夢攜帶後，在受到一般屬性招式攻擊時，能使其威力減弱。,讓寶可夢攜帶後，在受到一般屬性招式攻擊時，能令其威力減弱。
枝荔果,枝荔果,让宝可梦携带后，危机时，自己的攻击就会提高。,讓寶可夢攜帶後，危機時，自己的攻擊就會提高。,讓寶可夢攜帶後，危機時，自己的攻擊就會提高。
龙睛果,龍睛果,让宝可梦携带后，危机时，自己的防御就会提高。,讓寶可夢攜帶後，危機時，自己的防禦就會提高。,讓寶可夢攜帶後，危機時，自己的防禦就會提高。
沙鳞果,沙鱗果,让宝可梦携带后，危机时，自己的速度就会提高。,讓寶可夢攜帶後，危機時，自己的速度就會提高。,讓寶可夢攜帶後，危機時，自己的速度就會提高。
龙火果,龍火果,让宝可梦携带后，危机时，自己的特攻就会提高。,讓寶可夢攜帶後，危機時，自己的特攻就會提高。,讓寶可夢攜帶後，危機時，自己的特攻就會提高。
杏仔果,杏仔果,让宝可梦携带后，危机时，自己的特防就会提高。,讓寶可夢攜帶後，危機時，自己的特防就會提高。,讓寶可夢攜帶後，危機時，自己的特防就會提高。
兰萨果,蘭薩果,让宝可梦携带后，危机时，攻击会变得容易击中要害。,讓寶可夢攜帶後，危機時，攻擊會變得容易擊中要害。,讓寶可夢攜帶後，危機時，攻擊會變得容易擊中要害。
星桃果,星桃果,让宝可梦携带后，危机时，某一项能力就会大幅提高。,讓寶可夢攜帶後，危機時，某一項能力就會大幅提高。,讓寶可夢攜帶後，危機時，某一項能力就會大幅提高。
谜芝果,謎芝果,让宝可梦携带后，在受到效果绝佳的招式攻击时，可以回复ＨＰ。,讓寶可夢攜帶後，在受到效果絕佳的招式攻擊時，可以回復ＨＰ。,讓寶可夢攜帶後，在受到效果絕佳的招式攻擊時，可以回復ＨＰ。
奇秘果,奇秘果,让宝可梦携带后，危机时，招式的命中率仅会提高１次。,讓寶可夢攜帶後，危機時，招式的命中率會僅提高１次。,讓寶可夢攜帶後，危機時，招式的命中率僅會提高１次。
释陀果,釋陀果,让宝可梦携带后，危机时，行动仅会变快１次。,讓寶可夢攜帶後，危機時，行動會僅變快１次。,讓寶可夢攜帶後，危機時，行動僅會變快１次。
嘉珍果,嘉珍果,让宝可梦携带后，在受到物理招式攻击时，能给予对手伤害。,讓寶可夢攜帶後，在受到物理招式攻擊時，也能給予對手傷害。,讓寶可夢攜帶後，在受到物理招式攻擊時，能給予對手傷害。
雾莲果,霧蓮果,让宝可梦携带后，在受到特殊招式攻击时，能给予对手伤害。,讓寶可夢攜帶後，在受到特殊招式攻擊時，也能給予對手傷害。,讓寶可夢攜帶後，在受到特殊招式攻擊時，能給予對手傷害。
光粉,光粉,闪闪发光的粉末。携带后，光芒会迷惑对手，从而使其招式变得不容易命中。,閃閃發光的粉末。攜帶後，光芒會迷惑對手，進而使其招式變得不容易命中。,閃閃發光的粉末。攜帶後，光芒會迷惑對手，從而使其招式變得不容易命中。
白色香草,白色香草,当携带它的宝可梦能力降低时，仅能回到之前的状态１次。,當攜帶它的寶可夢能力降低時，將能回到初始狀態１次。,當攜帶它的寶可夢能力降低時，僅能回到之前的狀態１次。
强制锻炼器,強制鍛鍊器,又硬又重的锻炼器。虽然携带后速度会降低，但会比平时更容易茁壮成长。,又硬又重的鍛鍊器。雖然攜帶後速度會降低，但會比平時更容易茁壯成長。,又硬又重的鍛鍊器。雖然攜帶後速度會降低，但會比平時更容易茁壯成長。
学习装置,學習裝置,打开开关后，能让同行的所有宝可梦获得经验值的装置。,打開開關後，同行的所有寶可夢都可獲得經驗值的裝置。,打開開關後，能讓同行的所有寶可夢獲得經驗值的裝置。
先制之爪,先制之爪,又轻又尖锐的爪子。携带后，有时能比对手先一步行动。,又輕又尖銳的爪子。攜帶後，有時能比對手先一步行動。,又輕又尖銳的爪子。攜帶後，有時能比對手先一步行動。
安抚之铃,安撫之鈴,音色悦耳的铃铛。携带它的宝可梦会受到安抚，变得容易和训练家亲密。,音色悅耳的鈴鐺。攜帶它的寶可夢的心情會平靜下來，變得容易和訓練家親密。,音色悅耳的鈴鐺。攜帶它的寶可夢會受到安撫，變得容易和訓練家親密。
心灵香草,心靈香草,当携带它的宝可梦无法自由使出招式时，仅会回复１次。,當攜帶它的寶可夢無法自由使出招式時，會僅回復１次。,當攜帶它的寶可夢無法自由使出招式時，僅會回復１次。
讲究头带,講究頭帶,有点讲究的头带。虽然携带后攻击会提高，但只能使出相同的招式。,有點講究的頭帶。雖然攜帶後攻擊會提高，但只能使出相同的招式。,有點講究的頭帶。雖然攜帶後攻擊會提高，但只能使出相同的招式。
王者之证,王者之證,携带后进行攻击，在造成伤害时，有时会让对手畏缩。,攜帶後進行攻擊，並造成傷害時，有時會讓對手畏縮。,攜帶後進行攻擊，在造成傷害時，有時會讓對手畏縮。
银粉,銀粉,散发着银色光辉的粉末。携带后，虫属性的招式威力就会提高。,散發著銀色光輝的粉末。攜帶後，蟲屬性的招式威力就會提高。,散發著銀色光輝的粉末。攜帶後，蟲屬性的招式威力就會提高。
护符金币,護符金幣,只要携带它的宝可梦在战斗时出场一次，就能获得２倍金钱。,只要攜帶它的寶可夢在戰鬥時出場一次，就能獲得２倍金錢。,只要攜帶它的寶可夢在戰鬥時出場一次，就能獲得２倍金錢。
洁净之符,潔淨之符,让排在最前面的宝可梦携带后，野生宝可梦就会不容易出现。,讓排在最前面的寶可夢攜帶後，野生寶可夢會變得不容易出現。,讓排在最前面的寶可夢攜帶後，野生寶可夢就會不容易出現。
心之水滴,心之水滴,让拉帝欧斯或拉帝亚斯携带后，超能力和龙属性的招式威力就会提高的神奇珠子。,讓拉帝歐斯或拉帝亞斯攜帶後，超能力和龍屬性的招式威力就會提高的神奇珠子。,讓拉帝歐斯或拉帝亞斯攜帶後，超能力和龍屬性的招式威力就會提高的神奇珠子。
深海之牙,深海之牙,让珍珠贝携带后，特攻就会提高的牙齿。散发着闪亮的银光。,讓珍珠貝攜帶後，特攻就會提高的牙齒。散發著銳利的銀色光芒。,讓珍珠貝攜帶後，特攻就會提高的牙齒。散發著閃亮的銀光。
深海鳞片,深海鱗片,让珍珠贝携带后，特防就会提高的鳞片。散发着淡淡的粉红色光芒。,讓珍珠貝攜帶後，特防就會提高的鱗片。散發著淡淡的粉紅色光芒。,讓珍珠貝攜帶後，特防就會提高的鱗片。散發著淡淡的粉紅色光芒。
烟雾球,煙霧球,携带它的宝可梦在和野生宝可梦的战斗中绝对可以逃走。,攜帶它的寶可夢在和野生寶可夢的戰鬥中絕對可以逃走。,攜帶它的寶可夢在和野生寶可夢的戰鬥中絕對可以逃走。
不变之石,不變之石,携带后，宝可梦在此期间不会进化的神奇石头。,攜帶後，寶可夢在此期間不會進化的神奇石頭。,攜帶後，寶可夢在此期間不會進化的神奇石頭。
气势头带,氣勢頭帶,携带后，即便受到可能会导致濒死的招式，有时也能仅以１ＨＰ撑过去。,攜帶後，即便受到可能會導致瀕死的招式，有時也能僅以１ＨＰ撐過去。,攜帶後，即便受到可能會導致瀕死的招式，有時也能僅以１ＨＰ撐過去。
幸运蛋,幸運蛋,满载着幸福的蛋。携带它的宝可梦获得的经验值会少量增加。,滿載著幸福的蛋。攜帶它的寶可夢獲得的經驗值會少量增加。,滿載著幸福的蛋。攜帶它的寶可夢獲得的經驗值會少量增加。
焦点镜,焦點鏡,能看见弱点的镜片。携带它的宝可梦的招式会变得容易击中要害。,能看見弱點的鏡片。攜帶它的寶可夢的招式會變得容易擊中要害。,能看見弱點的鏡片。攜帶它的寶可夢的招式會變得容易擊中要害。
金属膜,金屬膜,特殊的金属膜。携带后，钢属性的招式威力就会提高。,特殊的金屬膜。攜帶後，鋼屬性的招式威力就會提高。,特殊的金屬膜。攜帶後，鋼屬性的招式威力就會提高。
吃剩的东西,吃剩的東西,携带后，宝可梦的ＨＰ会在战斗期间缓缓回复。,攜帶後，寶可夢的ＨＰ會在戰鬥期間緩緩回復。,攜帶後，寶可夢的ＨＰ會在戰鬥期間緩緩回復。
龙之鳞片,龍之鱗片,又硬又坚固的鳞片。龙属性宝可梦有时会携带它。,又硬又結實的鱗片。有時龍屬性寶可夢會攜帶著它。,又硬又堅固的鱗片。龍屬性寶可夢有時會攜帶它。
电气球,電氣球,让皮卡丘携带后，攻击和特攻的威力就会提高的神奇之球。,讓皮卡丘攜帶後，攻擊和特攻的威力就會提高的神奇之球。,讓皮卡丘攜帶後，攻擊和特攻的威力就會提高的神奇之球。
柔软沙子,柔軟沙子,手感细腻的沙子。携带后，地面属性的招式威力就会提高。,手感細緻的沙子。攜帶後，地面屬性的招式威力就會提高。,手感細膩的沙子。攜帶後，地面屬性的招式威力就會提高。
硬石头,硬石頭,绝对不会裂开的石头。携带后，岩石属性的招式威力就会提高。,絕對不會裂開的石頭。攜帶後，岩石屬性的招式威力就會提高。,絕對不會裂開的石頭。攜帶後，岩石屬性的招式威力就會提高。
奇迹种子,奇跡種子,孕育生命的种子。携带后，草属性的招式威力就会提高。,蘊藏生命的種子。攜帶後，草屬性的招式威力就會提高。,孕育生命的種子。攜帶後，草屬性的招式威力就會提高。
黑色眼镜,黑色眼鏡,看上去很奇怪的眼镜。携带后，恶属性的招式威力就会提高。,看起來很奇怪的眼鏡。攜帶後，惡屬性的招式威力就會提高。,看上去很奇怪的眼鏡。攜帶後，惡屬性的招式威力就會提高。
黑带,黑帶,能振作精神的带子。携带后，格斗属性的招式威力就会提高。,能振作精神的帶子。攜帶後，格鬥屬性的招式威力就會提高。,能振作精神的帶子。攜帶後，格鬥屬性的招式威力就會提高。
磁铁,磁鐵,强力的磁铁。携带后，电属性的招式威力就会提高。,強力的磁鐵。攜帶後，電屬性的招式威力就會提高。,強力的磁鐵。攜帶後，電屬性的招式威力就會提高。
神秘水滴,神秘水滴,水滴形状的宝石。携带后，水属性的招式威力就会提高。,水滴形狀的寶石。攜帶後，水屬性的招式威力就會提高。,水滴形狀的寶石。攜帶後，水屬性的招式威力就會提高。
锐利鸟嘴,銳利鳥嘴,又长又尖的鸟嘴。携带后，飞行属性的招式威力就会提高。,又長又尖的鳥嘴。攜帶後，飛行屬性的招式威力就會提高。,又長又尖的鳥嘴。攜帶後，飛行屬性的招式威力就會提高。
毒针,毒針,有毒的小针。携带后，毒属性的招式威力就会提高。,有毒的小針。攜帶後，毒屬性的招式威力就會提高。,有毒的小針。攜帶後，毒屬性的招式威力就會提高。
不融冰,不融冰,能隔绝热量的冰。携带后，冰属性的招式威力就会提高。,隔絕熱的冰。攜帶後，冰屬性的招式威力就會提高。,能隔絕熱量的冰。攜帶後，冰屬性的招式威力就會提高。
诅咒之符,詛咒之符,古怪可怕的咒符。携带后，幽灵属性的招式威力就会提高。,古怪可怕的咒符。攜帶後，幽靈屬性的招式威力就會提高。,古怪可怕的咒符。攜帶後，幽靈屬性的招式威力就會提高。
弯曲的汤匙,彎曲的湯匙,注入了念力的汤匙。携带后，超能力属性的招式威力就会提高。,注入了念力的湯匙。攜帶後，超能力屬性的招式威力就會提高。,注入了念力的湯匙。攜帶後，超能力屬性的招式威力就會提高。
木炭,木炭,焚烧用的燃料。携带后，火属性的招式威力就会提高。,燒東西的燃料。攜帶後，火屬性的招式威力就會提高。,焚燒用的燃料。攜帶後，火屬性的招式威力就會提高。
龙之牙,龍之牙,坚硬锐利的牙齿。携带后，龙属性的招式威力就会提高。,堅硬銳利的牙齒。攜帶後，龍屬性的招式威力就會提高。,堅硬銳利的牙齒。攜帶後，龍屬性的招式威力就會提高。
丝绸围巾,絲綢圍巾,手感不错的围巾。携带后，一般属性的招式威力就会提高。,手感不錯的圍巾。攜帶後，一般屬性的招式威力就會提高。,手感不錯的圍巾。攜帶後，一般屬性的招式威力就會提高。
升级数据,升級資料,内部储存了各种信息的透明机器。西尔佛公司制造。,內部儲存了各種資訊的透明機器。西爾佛公司製造。,內部儲存了各種資訊的透明機器。西爾佛公司製造。
贝壳之铃,貝殼之鈴,当携带它的宝可梦攻击对手并造成伤害时，能回复少量ＨＰ。,當攜帶它的寶可夢攻擊並造成對手傷害時，能回復少量ＨＰ。,當攜帶它的寶可夢攻擊對手並造成傷害時，能回復少量ＨＰ。
海潮薰香,海潮薰香,有着神奇香气的薰香。携带后，水属性的招式威力就会提高。,有著神奇香氣的薰香。攜帶後，水屬性的招式威力就會提高。,有著神奇香氣的薰香。攜帶後，水屬性的招式威力就會提高。
悠闲薰香,悠閒薰香,携带后，薰香的神奇香气会迷惑对手，其招式会变得不容易命中。,攜帶後，薰香的神奇香氣會迷惑對手，其招式會變得不容易命中。,攜帶後，薰香的神奇香氣會迷惑對手，其招式會變得不容易命中。
吉利拳,吉利拳,能带来幸运的拳套。让吉利蛋携带后，招式会变得容易击中要害。,能帶來幸運的拳套。讓吉利蛋攜帶後，招式會變得容易擊中要害。,能帶來幸運的拳套。讓吉利蛋攜帶後，招式會變得容易擊中要害。
金属粉,金屬粉,让百变怪携带后，防御就会提高的神奇粉末。非常细腻坚硬。,讓百變怪攜帶後，防禦就會提高的神奇粉末。非常細緻堅硬。,讓百變怪攜帶後，防禦就會提高的神奇粉末。非常細膩堅硬。
粗骨头,粗骨頭,某种坚硬的骨头。让卡拉卡拉或嘎啦嘎啦携带后，攻击就会提高。,某種堅硬的骨頭。讓卡拉卡拉或嘎啦嘎啦攜帶後，攻擊就會提高。,某種堅硬的骨頭。讓卡拉卡拉或嘎啦嘎啦攜帶後，攻擊就會提高。
大葱,大蔥,非常长且坚硬的茎。让大葱鸭携带后，招式会变得容易击中要害。,非常長且堅硬的莖。讓大蔥鴨攜帶後，招式會變得容易擊中要害。,非常長且堅硬的莖。讓大蔥鴨攜帶後，招式會變得容易擊中要害。
红色头巾,紅色頭巾,携带它去参加华丽大赛的宝可梦会比平时看上去更加帅气。,攜帶它去參加華麗大賽的寶可夢會比平時看起來更加帥氣。,攜帶它去參加華麗大賽的寶可夢會比平時看上去更加帥氣。
蓝色头巾,藍色頭巾,携带它去参加华丽大赛的宝可梦会比平时看上去更加美丽。,攜帶它去參加華麗大賽的寶可夢會比平時看起來更加美麗。,攜帶它去參加華麗大賽的寶可夢會比平時看上去更加美麗。
粉红头巾,粉紅頭巾,携带它去参加华丽大赛的宝可梦会比平时看上去更加可爱。,攜帶它去參加華麗大賽的寶可夢會比平時看起來更加可愛。,攜帶它去參加華麗大賽的寶可夢會比平時看上去更加可愛。
绿色头巾,綠色頭巾,携带它去参加华丽大赛的宝可梦会比平时看上去更加聪明。,攜帶它去參加華麗大賽的寶可夢會比平時看起來更加聰明。,攜帶它去參加華麗大賽的寶可夢會比平時看上去更加聰明。
黄色头巾,黃色頭巾,携带它去参加华丽大赛的宝可梦会比平时看上去更加强壮。,攜帶它去參加華麗大賽的寶可夢會比平時看起來更加強壯。,攜帶它去參加華麗大賽的寶可夢會比平時看上去更加強壯。
广角镜,廣角鏡,能放大观看物体的镜片。携带后，招式的命中率就会少量提高。,物體看起來會變大的鏡片。攜帶後，招式的命中率就會少量提高。,能放大觀看物體的鏡片。攜帶後，招式的命中率就會少量提高。
力量头带,力量頭帶,力如泉涌的头带。携带后，物理招式的威力就会少量提高。,力如泉湧的頭帶。攜帶後，物理招式的威力就會少量提高。,力如泉涌的頭帶。攜帶後，物理招式的威力就會少量提高。
博识眼镜,博識眼鏡,装着很厚镜片的眼镜。携带后，特殊招式的威力就会少量提高。,裝著很厚鏡片的眼鏡。攜帶後，特殊招式的威力就會少量提高。,裝著很厚鏡片的眼鏡。攜帶後，特殊招式的威力就會少量提高。
达人带,達人帶,用惯了的黑色带子。携带后，效果绝佳时的招式威力就会少量提高。,用慣了的黑色帶子。攜帶後，效果絕佳時的招式威力就會少量提高。,用慣了的黑色帶子。攜帶後，效果絕佳時的招式威力就會少量提高。
光之黏土,光之黏土,当携带它的宝可梦使出光墙或反射壁时，效果会比平时持续得更长。,當攜帶它的寶可夢使出光牆或反射壁時，效果會比平時持續得更久。,當攜帶它的寶可夢使出光牆或反射壁時，效果會比平時持續得更長。
生命宝珠,生命寶珠,携带后，虽然每次攻击时ＨＰ少量减少，但招式的威力会提高。,攜帶後，雖然每次攻擊時ＨＰ會少量減少，但招式的威力會提高。,攜帶後，雖然每次攻擊時ＨＰ少量減少，但招式的威力會提高。
强力香草,強力香草,携带它的宝可梦仅有１次机会可以在第１回合使出需要蓄力的招式。,攜帶它的寶可夢將有１次機會，可以在１回合內就發動需要蓄力的招式。,攜帶它的寶可夢僅有１次機會可以在第１回合使出需要蓄力的招式。
剧毒宝珠,劇毒寶珠,触碰后会放出毒的神奇宝珠。携带后，在战斗时会变成剧毒状态。,觸碰後會放出毒的神奇寶珠。攜帶後，在戰鬥時會變成劇毒狀態。,觸碰後會放出毒的神奇寶珠。攜帶後，在戰鬥時會變成劇毒狀態。
火焰宝珠,火焰寶珠,触碰后会放出热量的神奇宝珠。携带后，在战斗时会变成灼伤状态。,觸碰後會放出熱量的神奇寶珠。攜帶後，在戰鬥時會變成灼傷狀態。,觸碰後會放出熱量的神奇寶珠。攜帶後，在戰鬥時會變成灼傷狀態。
速度粉,速度粉,让百变怪携带后，速度就会提高的神奇粉末。非常细腻坚硬。,讓百變怪攜帶後，速度就會提高的神奇粉末。非常細緻堅硬。,讓百變怪攜帶後，速度就會提高的神奇粉末。非常細膩堅硬。
气势披带,氣勢披帶,携带后，在ＨＰ全满时，即便受到可能会导致濒死的招式，也能仅以１ＨＰ撑过去１次。,攜帶後，在ＨＰ全滿時，即使受到可能導致瀕死的招式攻擊，也能以１ＨＰ僅撐過１次。,攜帶後，在ＨＰ全滿時，即便受到可能會導致瀕死的招式，也能僅以１ＨＰ撐過去１次。
对焦镜,對焦鏡,当携带它的宝可梦比对手行动迟缓时，招式会变得容易命中。,當攜帶它的寶可夢比對手行動緩慢時，招式會變得容易命中。,當攜帶它的寶可夢比對手行動遲緩時，招式會變得容易命中。
节拍器,節拍器,携带后，连续使出相同招式时，威力就会提高。不再使出相同招式时，威力就会复原。,攜帶後，連續使出相同招式時，威力就會提高。停止時，威力就會復原。,攜帶後，連續使出相同招式時，威力就會提高。不再使出相同招式時，威力就會復原。
黑色铁球,黑色鐵球,携带后，速度会降低。飞行属性以及飘浮宝可梦会被地面招式击中。,攜帶後，速度會降低。飛行屬性以及飄浮寶可夢會被地面招式擊中。,攜帶後，速度會降低。飛行屬性以及飄浮寶可夢會被地面招式擊中。
后攻之尾,後攻之尾,非常沉重的某种尾巴。携带后，行动会比平时更加迟缓。,非常沉重的某種尾巴。攜帶後，行動會比平時更加緩慢。,非常沉重的某種尾巴。攜帶後，行動會比平時更加遲緩。
红线,紅線,长长的鲜红色细线。携带后，在自己着迷时能让对手也着迷。,長長的大紅色細線。攜帶後，陷入著迷狀態時，也能使對手陷入著迷狀態。,長長的鮮紅色細線。攜帶後，在自己著迷時能讓對手也著迷。
黑色污泥,黑色污泥,携带后，毒属性的宝可梦会缓缓回复ＨＰ。其他属性的话，ＨＰ则会减少。,攜帶後，毒屬性的寶可夢會緩緩回復ＨＰ。其他屬性的話，ＨＰ則會減少。,攜帶後，毒屬性的寶可夢會緩緩回復ＨＰ。其他屬性的話，ＨＰ則會減少。
冰冷岩石,冰冷岩石,携带它的宝可梦使出冰雹的话，冰雹的时间就会比平时更长。,攜帶它的寶可夢使出冰雹的話，冰雹的時間就會比平時更長。,攜帶它的寶可夢使出冰雹的話，冰雹的時間就會比平時更長。
沙沙岩石,沙沙岩石,携带它的宝可梦使出沙暴的话，沙暴的时间就会比平时更长。,攜帶它的寶可夢使出沙暴的話，沙暴的時間就會比平時更長。,攜帶它的寶可夢使出沙暴的話，沙暴的時間就會比平時更長。
炽热岩石,熾熱岩石,携带它的宝可梦使出大晴天的话，晴天的时间就会比平时更长。,攜帶它的寶可夢使出大晴天的話，晴天的時間就會比平時更長。,攜帶它的寶可夢使出大晴天的話，晴天的時間就會比平時更長。
潮湿岩石,潮濕岩石,携带它的宝可梦使出求雨的话，下雨的时间就会比平时更长。,攜帶它的寶可夢使出求雨的話，下雨的時間就會比平時更長。,攜帶它的寶可夢使出求雨的話，下雨的時間就會比平時更長。
紧缠钩爪,緊纏鉤爪,携带后，绑紧以及紧束等会持续造成伤害的招式的回合数会增加。,攜帶後，綁緊以及緊束等會持續造成傷害的招式的回合數會增加。,攜帶後，綁緊以及緊束等會持續造成傷害的招式的回合數會增加。
讲究围巾,講究圍巾,有点讲究的围巾。虽然携带后速度会提高，但只能使出相同的招式。,有點講究的圍巾。雖然攜帶後速度會提高，但只能使出相同的招式。,有點講究的圍巾。雖然攜帶後速度會提高，但只能使出相同的招式。
附着针,附著針,携带后，每回合都会受到伤害。有时也会附着到碰到自己的对手身上。,攜帶後，每回合都會受到傷害。有時也會附著到碰到自己的對手身上。,攜帶後，每回合都會受到傷害。有時也會附著到碰到自己的對手身上。
力量护腕,力量護腕,虽然携带后速度会降低，但宝可梦的攻击会比平时成长得更高。,雖然攜帶後速度會降低，但寶可夢的攻擊會比平時培育得更高。,雖然攜帶後速度會降低，但寶可夢的攻擊會比平時成長得更高。
力量腰带,力量腰帶,虽然携带后速度会降低，但宝可梦的防御会比平时成长得更高。,雖然攜帶後速度會降低，但寶可夢的防禦會比平時培育得更高。,雖然攜帶後速度會降低，但寶可夢的防禦會比平時成長得更高。
力量镜,力量鏡,虽然携带后速度会降低，但宝可梦的特攻会比平时成长得更高。,雖然攜帶後速度會降低，但寶可夢的特攻會比平時培育得更高。,雖然攜帶後速度會降低，但寶可夢的特攻會比平時成長得更高。
力量束带,力量束帶,虽然携带后速度会降低，但宝可梦的特防会比平时成长得更高。,雖然攜帶後速度會降低，但寶可夢的特防會比平時培育得更高。,雖然攜帶後速度會降低，但寶可夢的特防會比平時成長得更高。
力量护踝,力量護踝,虽然携带后速度会降低，但宝可梦的速度会比平时成长得更高。,雖然攜帶後速度會降低，但寶可夢的速度會比平時培育得更高。,雖然攜帶後速度會降低，但寶可夢的速度會比平時成長得更高。
力量负重,力量負重,虽然携带后速度会降低，但宝可梦的ＨＰ会比平时成长得更高。,雖然攜帶後速度會降低，但寶可夢的ＨＰ會比平時培育得更高。,雖然攜帶後速度會降低，但寶可夢的ＨＰ會比平時成長得更高。
美丽空壳,美麗空殼,结实坚硬的空壳。携带它的宝可梦必定可以和后备的宝可梦进行替换。,結實堅硬的空殼。攜帶它的寶可夢必定可以和後備的寶可夢進行替換。,結實堅硬的空殼。攜帶它的寶可夢必定可以和後備的寶可夢進行替換。
大根茎,大根莖,携带后，吸取ＨＰ的招式可以比平时更多地回复自己的ＨＰ。,攜帶後，吸取ＨＰ的招式可以比平時回復更多自己的ＨＰ。,攜帶後，吸取ＨＰ的招式可以比平時更多地回復自己的ＨＰ。
讲究眼镜,講究眼鏡,有点讲究的眼镜。虽然携带后特攻会提高，但只能使出相同的招式。,有點講究的眼鏡。雖然攜帶後特攻會提高，但只能使出相同的招式。,有點講究的眼鏡。雖然攜帶後特攻會提高，但只能使出相同的招式。
火球石板,火球石板,火属性的石板。携带后，火属性的招式威力就会增强。,火屬性的石板。攜帶後，火屬性的招式威力就會增強。,火屬性的石板。攜帶後，火屬性的招式威力就會增強。
水滴石板,水滴石板,水属性的石板。携带后，水属性的招式威力就会增强。,水屬性的石板。攜帶後，水屬性的招式威力就會增強。,水屬性的石板。攜帶後，水屬性的招式威力就會增強。
雷电石板,雷電石板,电属性的石板。携带后，电属性的招式威力就会增强。,電屬性的石板。攜帶後，電屬性的招式威力就會增強。,電屬性的石板。攜帶後，電屬性的招式威力就會增強。
碧绿石板,碧綠石板,草属性的石板。携带后，草属性的招式威力就会增强。,草屬性的石板。攜帶後，草屬性的招式威力就會增強。,草屬性的石板。攜帶後，草屬性的招式威力就會增強。
冰柱石板,冰柱石板,冰属性的石板。携带后，冰属性的招式威力就会增强。,冰屬性的石板。攜帶後，冰屬性的招式威力就會增強。,冰屬性的石板。攜帶後，冰屬性的招式威力就會增強。
拳头石板,拳頭石板,格斗属性的石板。携带后，格斗属性的招式威力就会增强。,格鬥屬性的石板。攜帶後，格鬥屬性的招式威力就會增強。,格鬥屬性的石板。攜帶後，格鬥屬性的招式威力就會增強。
剧毒石板,劇毒石板,毒属性的石板。携带后，毒属性的招式威力就会增强。,毒屬性的石板。攜帶後，毒屬性的招式威力就會增強。,毒屬性的石板。攜帶後，毒屬性的招式威力就會增強。
大地石板,大地石板,地面属性的石板。携带后，地面属性的招式威力就会增强。,地面屬性的石板。攜帶後，地面屬性的招式威力就會增強。,地面屬性的石板。攜帶後，地面屬性的招式威力就會增強。
蓝天石板,藍天石板,飞行属性的石板。携带后，飞行属性的招式威力就会增强。,飛行屬性的石板。攜帶後，飛行屬性的招式威力就會增強。,飛行屬性的石板。攜帶後，飛行屬性的招式威力就會增強。
神奇石板,神奇石板,超能力属性的石板。携带后，超能力属性的招式威力就会增强。,超能力屬性的石板。攜帶後，超能力屬性的招式威力就會增強。,超能力屬性的石板。攜帶後，超能力屬性的招式威力就會增強。
玉虫石板,玉蟲石板,虫属性的石板。携带后，虫属性的招式威力就会增强。,蟲屬性的石板。攜帶後，蟲屬性的招式威力就會增強。,蟲屬性的石板。攜帶後，蟲屬性的招式威力就會增強。
岩石石板,岩石石板,岩石属性的石板。携带后，岩石属性的招式威力就会增强。,岩石屬性的石板。攜帶後，岩石屬性的招式威力就會增強。,岩石屬性的石板。攜帶後，岩石屬性的招式威力就會增強。
妖怪石板,妖怪石板,幽灵属性的石板。携带后，幽灵属性的招式威力就会增强。,幽靈屬性的石板。攜帶後，幽靈屬性的招式威力就會增強。,幽靈屬性的石板。攜帶後，幽靈屬性的招式威力就會增強。
龙之石板,龍之石板,龙属性的石板。携带后，龙属性的招式威力就会增强。,龍屬性的石板。攜帶後，龍屬性的招式威力就會增強。,龍屬性的石板。攜帶後，龍屬性的招式威力就會增強。
恶颜石板,惡顏石板,恶属性的石板。携带后，恶属性的招式威力就会增强。,惡屬性的石板。攜帶後，惡屬性的招式威力就會增強。,惡屬性的石板。攜帶後，惡屬性的招式威力就會增強。
钢铁石板,鋼鐵石板,钢属性的石板。携带后，钢属性的招式威力就会增强。,鋼屬性的石板。攜帶後，鋼屬性的招式威力就會增強。,鋼屬性的石板。攜帶後，鋼屬性的招式威力就會增強。
奇异薰香,奇異薰香,有着神奇香气的薰香。携带后，超能力属性的招式威力就会提高。,有著神奇香氣的薰香。攜帶後，超能力屬性的招式威力就會提高。,有著神奇香氣的薰香。攜帶後，超能力屬性的招式威力就會提高。
岩石薰香,岩石薰香,有着神奇香气的薰香。携带后，岩石属性的招式威力就会提高。,有著神奇香氣的薰香。攜帶後，岩石屬性的招式威力就會提高。,有著神奇香氣的薰香。攜帶後，岩石屬性的招式威力就會提高。
饱腹薰香,飽腹薰香,有着神奇香气的薰香。携带后，宝可梦的行动会比平时更加迟缓。,有著神奇香氣的薰香。攜帶後，寶可夢的行動會比平時更加緩慢。,有著神奇香氣的薰香。攜帶後，寶可夢的行動會比平時更加遲緩。
涟漪薰香,漣漪薰香,有着神奇香气的薰香。携带后，水属性的招式威力就会提高。,有著神奇香氣的薰香。攜帶後，水屬性的招式威力就會提高。,有著神奇香氣的薰香。攜帶後，水屬性的招式威力就會提高。
花朵薰香,花朵薰香,有着神奇香气的薰香。携带后，草属性的招式威力就会提高。,有著神奇香氣的薰香。攜帶後，草屬性的招式威力就會提高。,有著神奇香氣的薰香。攜帶後，草屬性的招式威力就會提高。
幸运薰香,幸運薰香,只要携带它的宝可梦在战斗时出场一次，就能获得２倍金钱。,只要攜帶它的寶可夢在戰鬥時出場一次，就能獲得２倍金錢。,只要攜帶它的寶可夢在戰鬥時出場一次，就能獲得２倍金錢。
洁净薰香,潔淨薰香,让排在最前面的宝可梦携带后，野生宝可梦就会不容易出现。,讓排在最前面的寶可夢攜帶後，野生寶可夢會變得不容易出現。,讓排在最前面的寶可夢攜帶後，野生寶可夢就會不容易出現。
护具,護具,某种护具。非常坚硬而且沉重。某种宝可梦很喜欢它。,某種護具。非常堅硬而且沉重。某種寶可夢很喜歡它。,某種護具。非常堅硬而且沉重。某種寶可夢很喜歡它。
电力增幅器,電力增幅器,积蓄着庞大电气能量的箱子。某种宝可梦很喜欢它。,蓄積著龐大電氣能量的箱子。某種寶可夢很喜歡它。,積蓄著龐大電氣能量的箱子。某種寶可夢很喜歡它。
熔岩增幅器,熔岩增幅器,积蓄着庞大熔岩能量的箱子。某种宝可梦很喜欢它。,蓄積著龐大熔岩能量的箱子。某種寶可夢很喜歡它。,積蓄著龐大熔岩能量的箱子。某種寶可夢很喜歡它。
可疑补丁,可疑修正檔,内部储存了奇怪信息的透明机器。制造者不明。,內部儲存了可疑資訊的透明機器。製造者不明。,內部儲存了奇怪資訊的透明機器。製造者不明。
灵界之布,靈界之布,蕴含着惊人强大灵力的布。某种宝可梦很喜欢它。,蘊含著驚人的強大靈力的布。某種寶可夢很喜歡它。,蘊含著驚人強大靈力的布。某種寶可夢很喜歡它。
锐利之爪,銳利之爪,尖锐的爪子。携带后，招式会变得容易击中要害。,尖銳的爪子。攜帶後，招式會變得容易擊中要害。,尖銳的爪子。攜帶後，招式會變得容易擊中要害。
锐利之牙,銳利之牙,尖锐的牙齿。携带后，在给予伤害时，有时会让对手畏缩。,尖銳的牙齒。攜帶後，在給予傷害時，有時會讓對手畏縮。,尖銳的牙齒。攜帶後，在給予傷害時，有時會讓對手畏縮。
招式学习器０１,招式學習器０１,激励自己，从而提高攻击和特攻。,激勵自己，進而提高攻擊和特攻。,激勵自己，從而提高攻擊和特攻。
招式学习器０２,招式學習器０２,用尖锐的巨爪劈开对手进行攻击。,用尖銳的巨爪撕裂對手進行攻擊。,用尖銳的巨爪劈開對手進行攻擊。
招式学习器０３,招式學習器０３,将神奇的念波实体化攻击对手。给予物理伤害。,將神奇的念力波實體化後攻擊對手。給予對手物理傷害。,將神奇的念波實體化攻擊對手。給予物理傷害。
招式学习器０４,招式學習器０４,静心凝神，从而提高自己的特攻和特防。,屏氣凝神，提高自己的特攻和特防。,靜心凝神，從而提高自己的特攻和特防。
招式学习器０５,招式學習器０５,放走对手，强制拉后备宝可梦上场。如果对手为野生宝可梦，战斗将直接结束。,趕走對手，強制讓後備寶可夢上場。對手為野生寶可夢時，戰鬥將直接結束。,放走對手，強制拉後備寶可夢上場。如果對手為野生寶可夢，戰鬥將直接結束。
招式学习器０６,招式學習器０６,让对手陷入剧毒状态。随着回合的推进，中毒伤害会增加。,讓對手陷入劇毒狀態。中毒傷害會隨著回合的進行而增加。,讓對手陷入劇毒狀態。隨著回合的推進，中毒傷害會增加。
招式学习器０７,招式學習器０７,在５回合内一直降冰雹，除冰属性的宝可梦以外，给予其他宝可梦伤害。,降下冰雹，在５回合內場上除了冰屬性以外的寶可夢都會受到傷害。,在５回合內一直降冰雹，除冰屬性的寶可夢以外，給予其他寶可夢傷害。
招式学习器０８,招式學習器０８,使出全身力气绷紧肌肉，从而提高自己的攻击和防御。,將力量集中於體內，增厚肌肉，提高自己的攻擊和防禦。,使出全身力氣繃緊肌肉，從而提高自己的攻擊和防禦。
招式学习器０９,招式學習器０９,将特殊的毒液泼向对手。对处于中毒状态的对手，威力会变成２倍。,將特殊的毒液潑向對手。攻擊陷入中毒狀態的對手時，威力會變成２倍。,將特殊的毒液潑向對手。對處於中毒狀態的對手，威力會變成２倍。
招式学习器１０,招式學習器１０,根据所使用招式的宝可梦，招式属性也会改变。,招式的屬性會隨著使用此招式的寶可夢而改變。,根據所使用招式的寶可夢，招式屬性也會改變。
招式学习器１１,招式學習器１１,在５回合内阳光变得强烈，从而提高火属性的招式威力。水属性的招式威力则降低。,讓陽光增強，在５回合內提高火屬性招式的威力。水屬性招式的威力會降低。,在５回合內陽光變得強烈，從而提高火屬性的招式威力。水屬性的招式威力則降低。
招式学习器１２,招式學習器１２,使对手愤怒。在３回合内让对手只能使出给予伤害的招式。,激怒對手。在３回合內讓對手只能使出給予傷害的招式。,使對手憤怒。在３回合內讓對手只能使出給予傷害的招式。
招式学习器１３,招式學習器１３,向对手发射冰冻光束进行攻击。有时会让对手陷入冰冻状态。,向對手發射冰凍光束進行攻擊。有時會讓對手陷入冰凍狀態。,向對手發射冰凍光束進行攻擊。有時會讓對手陷入冰凍狀態。
招式学习器１４,招式學習器１４,将猛烈的暴风雪刮向对手进行攻击。有时会让对手陷入冰冻状态。,將猛烈的暴風雪吹向對手進行攻擊。有時會讓對手陷入冰凍狀態。,將猛烈的暴風雪刮向對手進行攻擊。有時會讓對手陷入冰凍狀態。
招式学习器１５,招式學習器１５,向对手发射强烈的光线进行攻击。下一回合自己将无法动弹。,向對手發射強烈的光線進行攻擊。下一回合自己將無法動彈。,向對手發射強烈的光線進行攻擊。下一回合自己將無法動彈。
招式学习器１６,招式學習器１６,在５回合内使用神奇的墙，减弱从对手那受到的特殊攻击的伤害。,利用神奇的屏障，在５回合內減輕來自對手的特殊攻擊傷害。,在５回合內使用神奇的牆，減弱從對手那受到的特殊攻擊的傷害。
招式学习器１７,招式學習器１７,完全抵挡对手的攻击。连续使出则容易失败。,完全防住對手的所有攻擊。連續使用時容易失敗。,完全抵擋對手的攻擊。連續使出則容易失敗。
招式学习器１８,招式學習器１８,在５回合内一直降雨，从而提高水属性的招式威力。火属性的招式威力则降低。,降下大雨，在５回合內提高水屬性招式的威力。火屬性招式的威力會降低。,在５回合內一直降雨，從而提高水屬性的招式威力。火屬性的招式威力則降低。
招式学习器１９,招式學習器１９,降到地面，使身体休息。回复自己最大ＨＰ的一半。,降落到地面，讓身體休息。回復自己最大ＨＰ的一半。,降到地面，使身體休息。回復自己最大ＨＰ的一半。
招式学习器２０,招式學習器２０,在５回合内被神奇的力量守护，从而不会陷入异常状态。,在５回合內被神奇的力量守護，不會陷入異常狀態。,在５回合內被神奇的力量守護，從而不會陷入異常狀態。
招式学习器２１,招式學習器２１,为了发泄不满而全力进行攻击。亲密度越低，威力越大。,為了發洩不滿而全力進行攻擊。親密度越低，威力越大。,為了發泄不滿而全力進行攻擊。親密度越低，威力越大。
招式学习器２２,招式學習器２２,第１回合收集满满的日光，第２回合发射光束进行攻击。,使用後的第１回合吸收大量日光，並於第２回合發射光束進行攻擊。,第１回合收集滿滿的日光，第２回合發射光束進行攻擊。
招式学习器２３,招式學習器２３,扔石头或炮弹，攻击飞行的对手。对手会被击落，掉到地面。,向空中的對手投擲石頭或炮彈等物體進行攻擊。對手會被擊落，掉到地面。,扔石頭或炮彈，攻擊飛行的對手。對手會被擊落，掉到地面。
招式学习器２４,招式學習器２４,向对手发出强力电击进行攻击。有时会让对手陷入麻痹状态。,向對手放出強力電流進行攻擊。有時會讓對手陷入麻痺狀態。,向對手發出強力電擊進行攻擊。有時會讓對手陷入麻痺狀態。
招式学习器２５,招式學習器２５,向对手劈下暴雷进行攻击。有时会让对手陷入麻痹状态。,向對手劈下暴雷進行攻擊。有時會讓對手陷入麻痺狀態。,向對手劈下暴雷進行攻擊。有時會讓對手陷入麻痺狀態。
招式学习器２６,招式學習器２６,利用地震的冲击，攻击自己周围所有的宝可梦。,用地震的衝擊，攻擊自己周圍所有的寶可夢。,利用地震的衝擊，攻擊自己周圍所有的寶可夢。
招式学习器２７,招式學習器２７,为了训练家而全力攻击对手。亲密度越高，威力越大。,為了訓練家而全力攻擊對手。親密度越高，威力越大。,為了訓練家而全力攻擊對手。親密度越高，威力越大。
招式学习器２８,招式學習器２８,吸取血液攻击对手。可以回复给予对手伤害的一半ＨＰ。,吸取對手的血液進行攻擊。可以回復給予對手傷害的一半ＨＰ。,吸取血液攻擊對手。可以回復給予對手傷害的一半ＨＰ。
招式学习器２９,招式學習器２９,向对手发送强大的念力进行攻击。有时会降低对手的特防。,向對手發送強大的念力進行攻擊。有時會降低對手的特防。,向對手發送強大的念力進行攻擊。有時會降低對手的特防。
招式学习器３０,招式學習器３０,投掷一团黑影进行攻击。有时会降低对手的特防。,投擲一團黑影進行攻擊。有時會降低對手的特防。,投擲一團黑影進行攻擊。有時會降低對手的特防。
招式学习器３１,招式學習器３１,将手刀猛烈地挥下攻击对手。还可以破坏光墙和反射壁等。,猛烈地揮下手刀攻擊對手。還可以破壞光牆和反射壁等。,將手刀猛烈地揮下攻擊對手。還可以破壞光牆和反射壁等。
招式学习器３２,招式學習器３２,通过快速移动来制造分身，扰乱对手，从而提高闪避率。,利用快速移動製造出分身擾亂對手，提高自己的閃避率。,通過快速移動來製造分身，擾亂對手，從而提高閃避率。
招式学习器３３,招式學習器３３,在５回合内使用神奇的墙，减弱从对手那受到的物理攻击的伤害。,利用神奇的屏障，在５回合內減輕來自對手的物理攻擊傷害。,在５回合內使用神奇的牆，減弱從對手那受到的物理攻擊的傷害。
招式学习器３４,招式學習器３４,用污泥波攻击自己周围所有的宝可梦。有时会陷入中毒状态。,用污泥波攻擊自己周圍所有的寶可夢。有時會讓對手陷入中毒狀態。,用污泥波攻擊自己周圍所有的寶可夢。有時會陷入中毒狀態。
招式学习器３５,招式學習器３５,向对手发射烈焰进行攻击。有时会让对手陷入灼伤状态。,向對手發射強烈火焰進行攻擊。有時會讓對手陷入灼傷狀態。,向對手發射烈焰進行攻擊。有時會讓對手陷入灼傷狀態。
招式学习器３６,招式學習器３６,用污泥投掷对手进行攻击。有时会让对手陷入中毒状态。,向對手投擲污泥進行攻擊。有時會讓對手陷入中毒狀態。,用污泥投擲對手進行攻擊。有時會讓對手陷入中毒狀態。
招式学习器３７,招式學習器３７,在５回合内，除岩石、地面和钢属性以外的宝可梦，都会受到伤害。岩石属性的特防还会提高。,在５回合內給予岩石、地面和鋼屬性以外的寶可夢傷害。岩石屬性寶可夢的特防會提高。,在５回合內，除岩石、地面和鋼屬性以外的寶可夢，都會受到傷害。岩石屬性的特防還會提高。
招式学习器３８,招式學習器３８,用大字的火焰烧尽对手。有时会让对手陷入灼伤状态。,用大字形狀的火焰燒盡對手。有時會讓對手陷入灼傷狀態。,用大字的火焰燒盡對手。有時會讓對手陷入灼傷狀態。
招式学习器３９,招式學習器３９,投掷岩石进行攻击。封住对手的行动，从而降低速度。,投擲岩石進行攻擊。封住對手的行動，進而降低其速度。,投擲岩石進行攻擊。封住對手的行動，從而降低速度。
招式学习器４０,招式學習器４０,以敏捷的动作戏弄对手后进行切斩。攻击必定会命中。,以敏捷的動作戲弄對手後進行切斬。攻擊必定會命中。,以敏捷的動作戲弄對手後進行切斬。攻擊必定會命中。
招式学习器４１,招式學習器４１,向对手无理取闹，令其不能连续２次使出相同招式。,無理取鬧，讓對手不能連續２次使出相同招式。,向對手無理取鬧，令其不能連續２次使出相同招式。
招式学习器４２,招式學習器４２,当自己处于中毒、麻痹、灼伤状态时，向对手使出此招式的话，威力会变成２倍。,當自己陷入中毒、麻痺、灼傷等狀態時，向對手使用此招式，威力會變成２倍。,當自己處於中毒、麻痺、灼傷狀態時，向對手使出此招式的話，威力會變成２倍。
招式学习器４３,招式學習器４３,将火焰围绕身体攻击对手。积蓄力量并提高自己的速度。,讓火焰圍繞全身後攻擊對手。同時蓄積力量來提高自己的速度。,將火焰圍繞身體攻擊對手。積蓄力量並提高自己的速度。
招式学习器４４,招式學習器４４,连续睡上２回合。回复自己的全部ＨＰ以及治愈所有异常状态。,連續睡２回合。回復自己的全部ＨＰ以及治癒所有異常狀態。,連續睡上２回合。回復自己的全部ＨＰ以及治癒所有異常狀態。
招式学习器４５,招式學習器４５,♂诱惑♀或♀诱惑♂，让对手着迷。对手将很难使出招式。,♂誘惑♀而♀誘惑♂，讓對手著迷。對手將難以使用招式。,♂誘惑♀或♀誘惑♂，讓對手著迷。對手將很難使出招式。
招式学习器４６,招式學習器４６,攻击的同时盗取道具。当自己携带道具时，不会去盗取。,在攻擊的同時偷取道具。當寶可夢自己有攜帶道具時，則無法偷取。,攻擊的同時盜取道具。當自己攜帶道具時，不會去盜取。
招式学习器４７,招式學習器４７,以敏捷的动作瞄准对手的脚进行攻击。降低对手的速度。,瞄準對手的腳，以敏捷的動作進行攻擊。可降低對手的速度。,以敏捷的動作瞄準對手的腳進行攻擊。降低對手的速度。
招式学习器４８,招式學習器４８,用歌声攻击对手。同伴还可以接着使出轮唱招式，威力也会提高。,用歌聲攻擊對手。大家一起輪唱便可以接連使出，威力也會提高。,用歌聲攻擊對手。夥伴還可以接著使出輪唱招式，威力也會提高。
招式学习器４９,招式學習器４９,用回声攻击对手。如果每回合都有宝可梦接着使用该招式，威力就会提高。,用回聲攻擊對手。每回合有寶可夢持續使用回聲時，招式的威力會提高。,用回聲攻擊對手。如果每回合都有寶可夢接著使用該招式，威力就會提高。
招式学习器５０,招式學習器５０,使出全部力量攻击对手。使用之后会因为反作用力，自己的特攻大幅降低。,釋放全部能量攻擊對手。使用後因為反作用力，自己的特攻會大幅降低。,使出全部力量攻擊對手。使用之後會因為反作用力，自己的特攻大幅降低。
招式学习器５１,招式學習器５１,用坚硬的翅膀敲打对手进行攻击。有时会提高自己的防御。,用堅硬的翅膀撞擊對手進行攻擊。有時會提高自己的防禦。,用堅硬的翅膀敲打對手進行攻擊。有時會提高自己的防禦。
招式学习器５２,招式學習器５２,提高气势，释放出全部力量。有时会降低对手的特防。,提高氣勢，釋放全身所有力量。有時會降低對手的特防。,提高氣勢，釋放出全部力量。有時會降低對手的特防。
招式学习器５３,招式學習器５３,发射从自然收集的生命力量。有时会降低对手的特防。,發射從大自然匯聚而來的生命力量。有時會降低對手的特防。,發射從自然收集的生命力量。有時會降低對手的特防。
招式学习器５４,招式學習器５４,对手的ＨＰ至少会留下１ＨＰ，如此般手下留情地攻击。,手下留情地攻擊對手，一定會讓對手剩下１ＨＰ。,對手的ＨＰ至少會留下１ＨＰ，如此般手下留情地攻擊。
招式学习器５５,招式學習器５５,向对手喷射煮得翻滚的开水进行攻击。有时会让对手陷入灼伤状态。,向對手噴射滾燙的熱水進行攻擊。有時會讓對手陷入灼傷狀態。,向對手噴射煮得翻滾的開水進行攻擊。有時會讓對手陷入灼傷狀態。
招式学习器５６,招式學習器５６,快速投掷携带的道具进行攻击。根据道具不同，威力和效果会改变。,快速投擲攜帶的道具進行攻擊。招式威力和效果會隨著道具不同而改變。,快速投擲攜帶的道具進行攻擊。根據道具不同，威力和效果會改變。
招式学习器５７,招式學習器５７,向对手发射电击光束。由于蓄满电流，有时会提高自己的特攻。,向對手發射電擊光束。有時會因電流蓄積，提高自己的特攻。,向對手發射電擊光束。由於蓄滿電流，有時會提高自己的特攻。
招式学习器５８,招式學習器５８,将带走的对手在第２回合从空中摔下进行攻击。被带到空中的对手不能动弹。,把帶到空中的對手於第２回合摔下進行攻擊。被帶到空中的對手將無法行動。,將帶走的對手在第２回合從空中摔下進行攻擊。被帶到空中的對手不能動彈。
招式学习器５９,招式學習器５９,用自己的身体狂舞挥打，给予对手伤害。,用自己的身體狂舞揮打，給予對手傷害。,用自己的身體狂舞揮打，給予對手傷害。
招式学习器６０,招式學習器６０,压制对手，从而将其行动顺序放到最后。,壓制對手，讓對手在回合的最後才能行動。,壓制對手，從而將其行動順序放到最後。
招式学习器６１,招式學習器６１,放出怪异的火焰，从而让对手陷入灼伤状态。,放出詭異的火焰，讓對手陷入灼傷狀態。,放出怪異的火焰，從而讓對手陷入灼傷狀態。
招式学习器６２,招式學習器６２,轻巧地攻击对手。自己没有携带道具时，会给予较大的伤害。,輕巧地攻擊對手。自己沒有攜帶道具時，能給予對手較大的傷害。,輕巧地攻擊對手。自己沒有攜帶道具時，會給予較大的傷害。
招式学习器６３,招式學習器６３,让对手在５回合内不能使用宝可梦携带的道具。训练家也不能给那只宝可梦使用道具。,讓對手在５回合內無法使用攜帶的道具。訓練家也不能對該寶可夢使用道具。,讓對手在５回合內不能使用寶可夢攜帶的道具。訓練家也不能給那隻寶可夢使用道具。
招式学习器６４,招式學習器６４,引发大爆炸，攻击自己周围所有的宝可梦。使用后自己会陷入濒死。,引起大爆炸，攻擊自己周圍所有的寶可夢。使用後自己會陷入瀕死。,引發大爆炸，攻擊自己周圍所有的寶可夢。使用後自己會陷入瀕死。
招式学习器６５,招式學習器６５,以影子做成的锐爪，劈开对手。容易击中要害。,用黑影化成的銳利爪子撕裂對手。容易擊中要害。,以影子做成的銳爪，劈開對手。容易擊中要害。
招式学习器６６,招式學習器６６,蓄力攻击。如果能在对手之后攻击，招式的威力会变成２倍。,累積力量進行攻擊。若在對手之後進行攻擊，招式的威力會變成２倍。,蓄力攻擊。如果能在對手之後攻擊，招式的威力會變成２倍。
招式学习器６７,招式學習器６７,用尖尖的角刺入对手进行攻击。攻击必定会命中。,用尖尖的角刺進對手進行攻擊。攻擊必定會命中。,用尖尖的角刺入對手進行攻擊。攻擊必定會命中。
招式学习器６８,招式學習器６８,使出自己浑身力量突击对手。下一回合自己将无法动弹。,使出全身上下所有力量突擊對手。下一回合自己將無法動彈。,使出自己渾身力量突擊對手。下一回合自己將無法動彈。
招式学习器６９,招式學習器６９,打磨自己的身体，减少空气阻力。可以大幅提高自己的速度。,打磨自己的身體，減少空氣阻力。可大幅提高自己的速度。,打磨自己的身體，減少空氣阻力。可以大幅提高自己的速度。
招式学习器７０,招式學習器７０,在５回合内减弱物理和特殊的伤害。只有冰雹时才能使出。,在５回合內減弱物理和特殊的傷害。在下冰雹時才有效果。,在５回合內減弱物理和特殊的傷害。只有冰雹時才能使出。
招式学习器７１,招式學習器７１,用尖尖的岩石刺入对手进行攻击。容易击中要害。,用尖銳的岩石刺進對手進行攻擊。容易擊中要害。,用尖尖的岩石刺入對手進行攻擊。容易擊中要害。
招式学习器７２,招式學習器７２,在攻击之后急速返回，和后备宝可梦进行替换。,攻擊後迅速返回，和後備寶可夢進行替換。,在攻擊之後急速返回，和後備寶可夢進行替換。
招式学习器７３,招式學習器７３,向对手发出微弱的电击，从而让对手陷入麻痹状态。,放出微弱的電流。讓對手陷入麻痺狀態。,向對手發出微弱的電擊，從而讓對手陷入麻痺狀態。
招式学习器７４,招式學習器７４,让身体高速旋转并撞击对手。速度比对手越慢，威力越大。,高速旋轉身體，撞擊對手。速度比對手越慢，威力越大。,讓身體高速旋轉並撞擊對手。速度比對手越慢，威力越大。
招式学习器７５,招式學習器７５,激烈地跳起战舞提高气势。大幅提高自己的攻击。,激烈地跳起戰舞提升氣勢。大幅提高自己的攻擊。,激烈地跳起戰舞提高氣勢。大幅提高自己的攻擊。
招式学习器７６,招式學習器７６,第１回合飞上天空，第２回合攻击对手。,使用後的第１回合飛上天空，並於第２回合攻擊對手。,第１回合飛上天空，第２回合攻擊對手。
招式学习器７７,招式學習器７７,向自己施以自我暗示，将能力变化的状态变得和对手一样。,向自己施加自我暗示，讓能力變化的狀態變得與對手相同。,向自己施以自我暗示，將能力變化的狀態變得和對手一樣。
招式学习器７８,招式學習器７８,用力踩踏地面并攻击自己周围所有的宝可梦。降低对方的速度。,用力踩踏地面，攻擊自己周圍所有的寶可夢。可降低對手的速度。,用力踩踏地面並攻擊自己周圍所有的寶可夢。降低對方的速度。
招式学习器７９,招式學習器７９,将冰冷的气息吹向对手进行攻击。必定会击中要害。,將冰冷的氣息吹向對手進行攻擊。必定會擊中要害。,將冰冷的氣息吹向對手進行攻擊。必定會擊中要害。
招式学习器８０,招式學習器８０,将大岩石猛烈地撞向对手进行攻击。有时会使对手畏缩。,將大岩石猛烈地砸向對手進行攻擊。有時會讓對手畏縮。,將大岩石猛烈地撞向對手進行攻擊。有時會使對手畏縮。
招式学习器８１,招式學習器８１,将镰刀或爪子像剪刀般地交叉，顺势劈开对手。,將鐮刀或爪子像剪刀般地交叉，順勢劈開對手。,將鐮刀或爪子像剪刀般地交叉，順勢劈開對手。
招式学习器８２,招式學習器８２,弹飞对手，强制拉后备宝可梦上场。如果对手为野生宝可梦，战斗将直接结束。,彈飛對手，強制讓後備寶可夢上場。對手為野生寶可夢時，戰鬥將直接結束。,彈飛對手，強制拉後備寶可夢上場。如果對手為野生寶可夢，戰鬥將直接結束。
招式学习器８３,招式學習器８３,在４～５回合内死缠烂打地进行攻击。在此期间对手将无法逃走。,在４～５回合內死纏爛打地進行攻擊。在此期間對手將無法逃走。,在４～５回合內死纏爛打地進行攻擊。在此期間對手將無法逃走。
招式学习器８４,招式學習器８４,用带毒的触手或手臂刺入对手。有时会让对手陷入中毒状态。,以帶有毒性的觸手或手臂刺進對手。有時會讓對手陷入中毒狀態。,用帶毒的觸手或手臂刺入對手。有時會讓對手陷入中毒狀態。
招式学习器８５,招式學習器８５,吃掉正在睡觉的对手的梦进行攻击。回复对手所受到伤害的一半ＨＰ。,吃掉熟睡中對手的夢進行攻擊。可以回復給予對手傷害的一半ＨＰ。,吃掉正在睡覺的對手的夢進行攻擊。回復對手所受到傷害的一半ＨＰ。
招式学习器８６,招式學習器８６,用草缠住并绊倒对手。对手越重，威力越大。,用打結的草絆倒對手。對手越重，威力越大。,用草纏住並絆倒對手。對手越重，威力越大。
招式学习器８７,招式學習器８７,激怒对手，使其混乱。因为愤怒，对手的攻击会大幅提高。,讓對手火大並陷入混亂。但對手的攻擊會因憤怒而大幅提高。,激怒對手，使其混亂。因為憤怒，對手的攻擊會大幅提高。
招式学习器８８,招式學習器８８,从自己已学会的招式中任意使出１个。只能在自己睡觉时使用。,從自己已學會的招式中隨機選出１個使出。只有在睡眠狀態時可以使用。,從自己已學會的招式中任意使出１個。只能在自己睡覺時使用。
招式学习器８９,招式學習器８９,在攻击之后急速返回，和后备宝可梦进行替换。,攻擊後迅速返回，和後備寶可夢進行替換。,在攻擊之後急速返回，和後備寶可夢進行替換。
招式学习器９０,招式學習器９０,削减少许自己的ＨＰ，制造分身。分身将成为自己的替身。,消耗一些自己的ＨＰ，製造分身。分身將成為自己的替身。,削減少許自己的ＨＰ，製造分身。分身將成為自己的替身。
招式学习器９１,招式學習器９１,将身体的光芒聚集在一点释放出去。有时会降低对手的特防。,將身體的光芒聚集在一個點後釋放出去。有時會降低對手的特防。,將身體的光芒聚集在一點釋放出去。有時會降低對手的特防。
招式学习器９２,招式學習器９２,制造出离奇的空间。在５回合内速度慢的宝可梦可以先行动。,創造出非常不可思議的空間。在５回合內，速度慢的寶可夢可以先行動。,製造出離奇的空間。在５回合內速度慢的寶可夢可以先行動。
秘传学习器０１,秘傳學習器０１,用镰刀或爪子等切斩对手进行攻击。还可以切断细的树木。,用鐮刀或爪子等切斬對手進行攻擊。也可以切斷細的樹木。,用鐮刀或爪子等切斬對手進行攻擊。還可以切斷細的樹木。
秘传学习器０２,秘傳學習器０２,第１回合飞上天空，第２回合攻击对手。还可以飞到去过的城镇。,使用後的第１回合飛上天空，並於第２回合攻擊對手。也可以飛到去過的城鎮。,第１回合飛上天空，第２回合攻擊對手。還可以飛到去過的城鎮。
秘传学习器０３,秘傳學習器０３,利用大浪攻击自己周围所有的宝可梦。,使用大浪攻擊自己周圍所有的寶可夢。也可以在水面上游泳前進。,利用大浪攻擊自己周圍所有的寶可夢。
秘传学习器０４,秘傳學習器０４,使出浑身力气殴打对手进行攻击。还可以推动沉重的岩石。,使出渾身力量毆打對手進行攻擊。也可以推動沉重的岩石。,使出渾身力氣毆打對手進行攻擊。還可以推動沉重的岩石。
秘传学习器０５,秘傳學習器０５,以惊人的气势扑向对手。有时会使对手畏缩。还可以游泳登上瀑布。,以驚人的氣勢撲向對手。有時會使對手畏縮。也可以游泳登上瀑布。,以驚人的氣勢撲向對手。有時會使對手畏縮。還可以游泳登上瀑布。
秘传学习器０６,秘傳學習器０６,用拳头进行攻击。有时会降低对手的防御。还可以击碎岩石。,用拳頭進行攻擊。有時會降低對手的防禦。也可以擊碎岩石。,用拳頭進行攻擊。有時會降低對手的防禦。還可以擊碎岩石。
探险套装,探險組合,装着有助于探险且方便使用的道具的袋子。有了它就可以进入地下通道。,裝著探險時可派上用場的好用道具的袋子。可以進入地下通道。,裝著有助於探險且方便使用的道具的袋子。有了它就可以進入地下通道。
宝物袋,寶物袋,结实的大袋子。可以将在煤矿里获得的宝物放进去。,結實的大袋子。可以將在礦坑裡獲得的寶物放進去。,結實的大袋子。可以將在煤礦裡獲得的寶物放進去。
规则书,規則書,写着对战规则。在进行连接对战时，可以选择规则。,寫著對戰規則。在進行連線對戰時，可以選擇規則。,寫著對戰規則。在進行連接對戰時，可以選擇規則。
宝可追踪,寶可追蹤,能够将藏在草丛里的宝可梦找出来的道具。走路就能给电池充电。,能夠將藏在草叢裡的寶可夢找出來的道具。走路就能給電池充電。,能夠將藏在草叢裡的寶可夢找出來的道具。走路就能給電池充電。
点数卡,點數卡,可以查看赢得的对战点数的卡片。,可以查看贏得的對戰點數的卡片。,可以查看贏得的對戰點數的卡片。
冒险笔记,冒險筆記,记录着到现在为止的冒险经历的笔记。,記錄著到目前為止的冒險歷程的筆記。,記錄著到現在為止的冒險經歷的筆記。
贴纸盒,貼紙盒,放有贴在球壳上的贴纸的容器。,放有貼在球殼上的貼紙的容器。,放有貼在球殼上的貼紙的容器。
饰品盒,飾品盒,漂亮精美的盒子。可以存放宝可梦出演音乐剧时用来装扮自己的多种小物件。,漂亮精美的盒子。可以存放多種用來裝扮出演音樂劇的寶可夢的小飾品。,漂亮精美的盒子。可以存放寶可夢出演音樂劇時用來裝扮自己的多種小物件。
贴纸袋,貼紙袋,可以放入１０张贴纸的小袋子。,可以放入１０張貼紙的小袋子。,可以放入１０張貼紙的小袋子。
朋友手册,朋友手冊,使用方便的手册。可以添加朋友或记录游戏的内容。,好用的手冊。可以新增朋友或記錄遊戲的內容。,使用方便的手冊。可以添加朋友或記錄遊戲的內容。
发电厂钥匙,發電廠鑰匙,用来打开或关闭山谷发电厂大门的大钥匙。不知为何，它落入了银河队的手中。,用來打開或關閉山谷發電廠大門的大鑰匙。不知為何它在銀河隊手中。,用來打開或關閉山谷發電廠大門的大鑰匙。不知為何，它落入了銀河隊的手中。
古代护符,古代護符,要交给神和镇上长老的远古护符。由宝可梦的骨头制成。,要交給神和鎮上長老的遠古護符。由寶可夢的骨頭製成。,要交給神和鎮上長老的遠古護符。由寶可夢的骨頭製成。
银河队钥匙,銀河隊鑰匙,用于解除银河队本部安全防范系统的钥匙卡。弄丢了的话，好像会受到惩罚。,用於解除銀河隊本部保全系統的鑰匙卡。弄丟了的話，好像會受到懲罰。,用於解除銀河隊本部安全防範系統的鑰匙卡。弄丟了的話，好像會受到懲罰。
红色锁链,紅色鎖鏈,神话道具。据说连接着孕育出神奥地区的传说的宝可梦。,神話道具。據說連結著孕育出神奧地區的傳說的寶可夢。,神話道具。據說連接著孕育出神奧地區的傳說的寶可夢。
城镇地图,城鎮地圖,可以随时轻松查看的便利地图。也能清楚自己的位置。,可以隨時輕鬆查看的好用地圖。也能知道自己的位置。,可以隨時輕鬆查看的便利地圖。也能清楚自己的位置。
对战搜寻器,對戰搜尋器,会告诉你想对战的训练家在哪里的机器。走路就能给电池充电。,會告訴你想對戰的訓練家在哪裡的機器。走路就能給電池充電。,會告訴你想對戰的訓練家在哪裡的機器。走路就能給電池充電。
代币盒,代幣盒,可以存放代币的盒子。最多能放入５００００枚在游戏城获得的代币。,最多可以放入５００００枚在遊戲城獲得的代幣的盒子。,可以存放代幣的盒子。最多能放入５００００枚在遊戲城獲得的代幣。
破旧钓竿,破舊釣竿,又破又旧的钓竿。在有水的地方使用的话，可以钓到宝可梦。,又破又舊的釣竿。在有水的地方使用的話，可以釣到寶可夢。,又破又舊的釣竿。在有水的地方使用的話，可以釣到寶可夢。
好钓竿,好釣竿,不错的新钓竿。在有水的地方使用的话，可以钓到宝可梦。,不錯的新釣竿。在有水的地方使用的話，可以釣到寶可夢。,不錯的新釣竿。在有水的地方使用的話，可以釣到寶可夢。
厉害钓竿,厲害釣竿,最新的厉害钓竿。在有水的地方使用的话，可以钓到宝可梦。,最新的厲害釣竿。在有水的地方使用的話，可以釣到寶可夢。,最新的厲害釣竿。在有水的地方使用的話，可以釣到寶可夢。
可达鸭喷壶,可達鴨噴壺,浇水的道具。能让埋在松软土壤里的树果快快长大。,澆水的器具。能讓埋在鬆軟土壤裡的樹果快快長大。,澆水的道具。能讓埋在鬆軟土壤裡的樹果快快長大。
宝芬盒,寶芬盒,用来保存烹饪好的宝芬的容器。,用來存放做好的寶芬的容器。,用來保存烹飪好的寶芬的容器。
自行车,自行車,能比跑步鞋跑得还快的折叠式自行车。,能跑得比跑步鞋還快的折疊式自行車。,能比跑步鞋跑得還快的摺疊式自行車。
房间钥匙,房間鑰匙,湖畔高级宾馆的房间钥匙。不知为何，它经常会丢失。,湖畔高級旅館的房間鑰匙。不知為何老是搞丟。,湖畔高級旅館的房間鑰匙。不知為何，它經常會丟失。
大木的信,大木的信,大木博士的来信。上面写着请来２２４号道路。,來自大木博士的信。上面寫著請來２２４號道路。,大木博士的來信。上面寫著請來２２４號道路。
新月之羽,新月之羽,散发着月辉般光芒的羽毛。据说隐藏着可以驱散恶梦的力量。,散發著月輝般光芒的羽毛。據說隱藏著可以驅除惡夢的力量。,散發著月輝般光芒的羽毛。據說隱藏著可以驅散惡夢的力量。
会员卡,會員卡,可以进入水脉市旅馆的卡片。不知为何，上面刻有５０年前左右的日期。,可以進入水脈市旅館的卡片。不知為何，上面刻有５０年前左右的日期。,可以進入水脈市旅館的卡片。不知為何，上面刻有５０年前左右的日期。
天界之笛,天界之笛,能发出响彻云霄的天籁之音的笛子。不知道是谁在什么时候制造的它。,能發出響徹雲霄的天籟之音的笛子。不知是什麼人在什麼時候製造了它。,能發出響徹雲霄的天籟之音的笛子。不知道是誰在什麼時候製造的它。
船票,船票,乘坐高速船水流号时所需的船票。上面绘有船的图案。,乘坐高速船水流號時所需的船票。上面繪有船的圖案。,乘坐高速船水流號時所需的船票。上面繪有船的圖案。
华丽大赛参加证,華麗大賽參加證,拿着它就可以参加宝可梦华丽大赛。上面印有纪念奖章。,拿著它就可以參加寶可夢華麗大賽。上面印有紀念獎章。,拿著它就可以參加寶可夢華麗大賽。上面印有紀念獎章。
火山镇石,火山鎮石,被灼热熔岩熔化的岩石凝固后形成的产物。里面还留有熔岩。,被灼熱熔岩熔化的岩石凝固後形成的產物。裡面還留有熔岩。,被灼熱熔岩熔化的岩石凝固後形成的產物。裡面還留有熔岩。
包裹,包裹,这是别人托付给你的包裹。需要将它交给从双叶镇启程踏上旅途的青梅竹马。,受人之託要交給從雙葉鎮啟程踏上旅途的青梅竹馬的包裹。,這是別人託付給你的包裹。需要將它交給從雙葉鎮啟程踏上旅途的青梅竹馬。
兑换券１,兌換券１,获取宝可梦手表，简称宝可表时所需的兑换券。需要３张。,欲取得寶可夢手錶，簡稱寶可錶時所需的兌換券。需要３張。,獲取寶可夢手錶，簡稱寶可錶時所需的兌換券。需要３張。
兑换券２,兌換券２,获取宝可梦手表，简称宝可表时所需的兑换券。需要３张。,欲取得寶可夢手錶，簡稱寶可錶時所需的兌換券。需要３張。,獲取寶可夢手錶，簡稱寶可錶時所需的兌換券。需要３張。
兑换券３,兌換券３,获取宝可梦手表，简称宝可表时所需的兑换券。需要３张。,欲取得寶可夢手錶，簡稱寶可錶時所需的兌換券。需要３張。,獲取寶可夢手錶，簡稱寶可錶時所需的兌換券。需要３張。
仓库钥匙,倉庫鑰匙,用于进入银河队在帷幕市市郊的可疑仓库的钥匙。,用於進入銀河隊在帷幕市市郊的可疑倉庫的鑰匙。,用於進入銀河隊在帷幕市市郊的可疑倉庫的鑰匙。
秘传之药,秘傳之藥,在湛蓝市的药店里得到的，能让任何宝可梦立刻变得精力充沛的高效药。,在湛藍市的藥店裡得到的，不管什麼寶可夢都能立刻變得精力充沛的高效藥。,在湛藍市的藥店裡得到的，能讓任何寶可夢立刻變得精力充沛的高效藥。
对战记录器,對戰記錄器,很酷的机器。可以记录和朋友或在特殊设施里的对战过程。,很酷的機器。可以記錄和朋友或在特殊設施裡的對戰過程。,很酷的機器。可以記錄和朋友或在特殊設施裡的對戰過程。
葛拉西蒂亚花,葛拉西蒂亞花,在生日或纪念日等日子里，为了表达感激之情，有时会将其扎成花束送出。,在生日或紀念日等日子裡，為了表達感激之情，有時會將其紮成花束送出。,在生日或紀念日等日子裡，為了表達感激之情，有時會將其紮成花束送出。
秘密钥匙,秘密鑰匙,在特定的地方使用，就会发出特殊电信号来开门的高科技钥匙。,在特定的地方使用，就會發出特殊電子訊號來開門的高科技鑰匙。,在特定的地方使用，就會發出特殊電信號來開門的高科技鑰匙。
球果盒,球果盒,使用方便，可以保存９９个球果的容器。,可以存放９９個球果的好用容器。,使用方便，可以保存９９個球果的容器。
未知图腾笔记,未知圖騰筆記,记录着已找到的未知图腾样子的笔记本。,記錄著已找到的未知圖騰樣子的筆記本。,記錄著已找到的未知圖騰樣子的筆記本。
树果种植盆,樹果種植盆,可以随时轻松培育树果的便携式栽培容器。,可以隨時輕鬆培育樹果的可攜式栽培容器。,可以隨時輕鬆培育樹果的便攜式栽培容器。
探宝器,探寶器,会对看不见的道具起反应，并将它的位置告诉你的最尖端机器。戴在头上使用。,會對看不見的道具起反應，並將它的位置告訴你的最尖端機器。戴在頭上使用。,會對看不見的道具起反應，並將它的位置告訴你的最尖端機器。戴在頭上使用。
蓝卡,藍卡,可以将《葵妍的密语》这节目的点数积攒起来的卡片。,可以將《葵妍的密語》這節目的點數儲存起來的卡片。,可以將《葵妍的密語》這節目的點數積攢起來的卡片。
美味尾巴,美味尾巴,非常美味的某种尾巴。可以在商店高价出售。,非常美味的某種尾巴。可以在商店高價出售。,非常美味的某種尾巴。可以在商店高價出售。
透明铃铛,透明鈴鐺,能发出静心宁神音色的，非常古旧的铃铛。,能發出使人心情平靜音色的，非常古老的鈴鐺。,能發出靜心寧神音色的，非常古舊的鈴鐺。
钥匙卡,鑰匙卡,用来打开电台卷帘门的卡片式钥匙。,用來打開電臺鐵捲門的卡片式鑰匙。,用來打開電台捲簾門的卡片式鑰匙。
地下钥匙,地下鑰匙,用来打开满金地道大门的钥匙。,用來打開滿金地下道的門的鑰匙。,用來打開滿金地下道大門的鑰匙。
杰尼龟喷壶,傑尼龜噴壺,浇水的道具。能让树果种植盆里的树果快快长大。,澆水的器具。能讓樹果種植盆裡的樹果快快長大。,澆水的道具。能讓樹果種植盆裡的樹果快快長大。
红色鳞片,紅色鱗片,在愤怒之湖里出现的红色暴鲤龙的鳞片。散发着像火一样的红色光芒。,在憤怒之湖裡出現的紅色暴鯉龍的鱗片。散發著像火一樣的紅色光芒。,在憤怒之湖裡出現的紅色暴鯉龍的鱗片。散發著像火一樣的紅色光芒。
遗失物,遺失物,模仿少女丢失的魔尼尼人偶。,模仿少女丟失的魔尼尼人偶。,模仿少女丟失的魔尼尼人偶。
磁浮列车自由票,磁浮列車自由票,乘坐磁浮列车时所需的车票。可以随时自由乘坐。,乘坐磁浮列車時所需的車票。可以隨時自由乘坐。,乘坐磁浮列車時所需的車票。可以隨時自由乘坐。
机械零件,機械零件,发电厂里被盗的，用于发电机的重要零件。,被人從發電廠裡偷走的發電機的重要零件。,發電廠裡被盜的，用於發電機的重要零件。
银色之羽,銀色之羽,散发着银色光辉的神奇羽毛。,散發著銀色光輝的神奇羽毛。,散發著銀色光輝的神奇羽毛。
虹色之羽,虹色之羽,散发着虹色光辉的神奇羽毛。,散發著虹色光輝的神奇羽毛。,散發著虹色光輝的神奇羽毛。
神奇蛋,神奇蛋,从宝可梦爷爷那里得到的有着神奇花纹的蛋。不知道是什么的蛋。,從寶可夢爺爺那裡得到的有著神奇花紋的蛋。不知道是什麼的蛋。,從寶可夢爺爺那裡得到的有著神奇花紋的蛋。不知道是什麼的蛋。
红球果,紅球果,红色的球果。有种刺鼻的气味。,紅色的球果。有種刺鼻的氣味。,紅色的球果。有種刺鼻的氣味。
蓝球果,藍球果,蓝色的球果。略有一股青草的香味。,藍色的球果。略有一股青草的香味。,藍色的球果。略有一股青草的香味。
黄球果,黃球果,黄色的球果。有种清爽的香味。,黃色的球果。有種清爽的香味。,黃色的球果。有種清爽的香味。
绿球果,綠球果,绿色的球果。有种焦香的香味，非常神奇。,綠色的球果。有種焦香的香味，非常神奇。,綠色的球果。有種焦香的香味，非常神奇。
粉球果,粉球果,粉红色的球果。有种甜甜的，好闻的香味。,粉紅色的球果。有種甜甜的，好聞的香味。,粉紅色的球果。有種甜甜的，好聞的香味。
白球果,白球果,白色的球果。没有任何气味。,白色的球果。沒有任何氣味。,白色的球果。沒有任何氣味。
黑球果,黑球果,黑色的球果。有种无法形容的气味。,黑色的球果。有種無法形容的氣味。,黑色的球果。有種無法形容的氣味。
速度球,速度球,有点与众不同的球。能很容易地捕捉逃跑速度很快的宝可梦。,有點與眾不同的球。能更容易地捉到逃跑速度很快的寶可夢。,有點與眾不同的球。能很容易地捕捉逃跑速度很快的寶可夢。
等级球,等級球,有点与众不同的球。要捕捉的宝可梦比自己宝可梦的等级越低，就会越容易捕捉。,有點與眾不同的球。對手的等級比自己的寶可夢低越多，就越容易捉到。,有點與眾不同的球。要捕捉的寶可夢比自己寶可夢的等級越低，就會越容易捕捉。
诱饵球,誘餌球,有点与众不同的球。能很容易地捕捉用钓竿钓上来的宝可梦。,有點與眾不同的球。能更容易地捉到用釣竿釣上來的寶可夢。,有點與眾不同的球。能很容易地捕捉用釣竿釣上來的寶可夢。
沉重球,沉重球,有点与众不同的球。能很容易地捕捉身体沉重的宝可梦。,有點與眾不同的球。能更容易地捉到身體沉重的寶可夢。,有點與眾不同的球。能很容易地捕捉身體沉重的寶可夢。
甜蜜球,甜蜜球,有点与众不同的球。能很容易地捕捉和自己宝可梦性别不同的宝可梦。,有點與眾不同的球。能更容易地捉到與自己的寶可夢性別不同的寶可夢。,有點與眾不同的球。能很容易地捕捉和自己寶可夢性別不同的寶可夢。
友友球,友友球,有点与众不同的球。捉到的野生宝可梦会立刻变得和训练家亲密起来。,有點與眾不同的球。捉到的野生寶可夢會立刻和訓練家變得親密。,有點與眾不同的球。捉到的野生寶可夢會立刻變得和訓練家親密起來。
月亮球,月亮球,有点与众不同的球。能很容易地捕捉使用月之石进化的宝可梦。,有點與眾不同的球。能更容易地捉到使用月之石進化的寶可夢。,有點與眾不同的球。能很容易地捕捉使用月之石進化的寶可夢。
竞赛球,競賽球,在捕虫大赛上使用的特殊的球。,在捕蟲大賽上使用的特殊的球。,在捕蟲大賽上使用的特殊的球。
公园球,公園球,在伙伴公园里使用的特殊的球。,在夥伴公園裡使用的特殊的球。,在夥伴公園裡使用的特殊的球。
相册,相簿,用来摆放在冒险中拍摄的纪念相片的相册。,用來擺放在冒險中拍攝的紀念照片的相簿。,用來擺放在冒險中拍攝的紀念相片的相簿。
ＧＢ播放器,ＧＢ播放器,可以听到怀旧歌曲的音乐播放器。可用一个开关切换歌曲。,可以聽到懷舊歌曲的音樂播放機。可一鍵切換歌曲。,可以聽到懷舊歌曲的音樂播放器。可用一個開關切換歌曲。
海声铃铛,海聲鈴鐺,能发出静心宁神音色的，非常古旧的铃铛。,能發出使人心情平靜音色的，非常古老的鈴鐺。,能發出靜心寧神音色的，非常古舊的鈴鐺。
愤怒馒头,憤怒饅頭,卡吉镇特产的馒头。能治愈１只宝可梦的所有异常状态。,卡吉鎮特產的饅頭。能治癒１隻寶可夢的所有異常狀態。,卡吉鎮特產的饅頭。能治癒１只寶可夢的所有異常狀態。
草绿色宝珠,草綠色寶珠,散发着绿色光辉的宝珠。据说和丰缘地区的传说渊源颇深。,據說和豐緣地區的傳說有著很深淵源的，散發著綠色光輝的寶珠。,散發著綠色光輝的寶珠。據說和豐緣地區的傳說淵源頗深。
上锁的容器,上鎖的容器,需用特殊钥匙打开的坚固的容器。,需用特殊鑰匙打開的堅固的容器。,需用特殊鑰匙打開的堅固的容器。
朱红色宝珠,朱紅色寶珠,散发着红色光辉的宝珠。据说和丰缘地区的传说渊源颇深。,據說和豐緣地區的傳說有著很深淵源的，散發著紅色光輝的寶珠。,散發著紅色光輝的寶珠。據說和豐緣地區的傳說淵源頗深。
靛蓝色宝珠,靛藍色寶珠,散发着蓝色光辉的宝珠。据说和丰缘地区的传说渊源颇深。,據說和豐緣地區的傳說有著很深淵源的，散發著藍色光輝的寶珠。,散發著藍色光輝的寶珠。據說和豐緣地區的傳說淵源頗深。
谜之水晶,謎之水晶,从地下挖出的水晶球。虽然表面覆盖着岩石和尘土，但非常漂亮。,從地下挖出的水晶球。雖然表面覆蓋著岩石和塵土，但非常漂亮。,從地下挖出的水晶球。雖然表面覆蓋著岩石和塵土，但非常漂亮。
美丽鳞片,美麗鱗片,能让某些特定宝可梦进化的神奇鳞片。散发着虹色光辉。,能讓特定寶可夢進化的神奇鱗片。散發著虹色光輝。,能讓某些特定寶可夢進化的神奇鱗片。散發著虹色光輝。
进化奇石,進化奇石,进化的神奇石块。携带后，还能进化的宝可梦的防御和特防就会提高。,進化的神奇石塊。攜帶後，還能進化的寶可夢的防禦和特防就會提高。,進化的神奇石塊。攜帶後，還能進化的寶可夢的防禦和特防就會提高。
轻石,輕石,非常轻的石头。携带后，宝可梦的体重会变轻。,非常輕的石頭。攜帶後，寶可夢的體重會變輕。,非常輕的石頭。攜帶後，寶可夢的體重會變輕。
凸凸头盔,凸凸頭盔,让宝可梦携带后，在受到打击招式攻击时，能给予对手伤害。,讓寶可夢攜帶後，在受到打擊招式攻擊時，也能給予對手傷害。,讓寶可夢攜帶後，在受到打擊招式攻擊時，能給予對手傷害。
气球,氣球,让宝可梦携带后，宝可梦会浮在空中。受到攻击就会破裂。,讓寶可夢攜帶後，寶可夢會浮在空中。受到攻擊就會破裂。,讓寶可夢攜帶後，寶可夢會浮在空中。受到攻擊就會破裂。
红牌,紅牌,有着神奇力量的卡片。携带后，能让使用了招式的对手退场。,有著神奇力量的卡片。攜帶後，能讓使用了招式的對手退場。,有著神奇力量的卡片。攜帶後，能讓使用了招式的對手退場。
标靶,標靶,原本因宝可梦的属性相克关系而无效的招式现在会变得能够击中自己。,原本因寶可夢的屬性相剋關係而無效的招式現在會變得能夠擊中自己。,原本因寶可夢的屬性相剋關係而無效的招式現在會變得能夠擊中自己。
紧绑束带,緊綁束帶,能增强绑紧招式的束带。携带后，绑紧招式的威力会变强。,輔助綁緊類招式的束帶。攜帶後，綁緊類招式的威力會變強。,能增強綁緊招式的束帶。攜帶後，綁緊招式的威力會變強。
球根,球根,一次性使用的球根。携带它的宝可梦如果受到水属性招式的攻击，特攻就会提高。,只能使用一次的球根。攜帶它的寶可夢如果受到水屬性招式的攻擊，特攻就會提高。,一次性使用的球根。攜帶它的寶可夢如果受到水屬性招式的攻擊，特攻就會提高。
充电电池,充電電池,一次性使用的充电电池。携带它的宝可梦如果受到电属性招式的攻击，攻击就会提高。,只能使用一次的充電電池。攜帶它的寶可夢如果受到電屬性招式的攻擊，攻擊就會提高。,一次性使用的充電電池。攜帶它的寶可夢如果受到電屬性招式的攻擊，攻擊就會提高。
逃脱按键,逃脫按鍵,携带它的宝可梦如果受到招式攻击，就能逃脱战斗，并和同行的其他宝可梦进行替换。,攜帶它的寶可夢如果受到招式攻擊，就能從戰鬥中逃脫，並和同行的其他寶可夢進行替換。,攜帶它的寶可夢如果受到招式攻擊，就能逃脫戰鬥，並和同行的其他寶可夢進行替換。
火之宝石,火之寶石,火属性的宝石。携带后，火属性的招式威力仅会增强１次。,火屬性的寶石。攜帶後，火屬性招式的威力會僅增強１次。,火屬性的寶石。攜帶後，火屬性的招式威力僅會增強１次。
水之宝石,水之寶石,水属性的宝石。携带后，水属性的招式威力仅会增强１次。,水屬性的寶石。攜帶後，水屬性招式的威力會僅增強１次。,水屬性的寶石。攜帶後，水屬性的招式威力僅會增強１次。
电之宝石,電之寶石,电属性的宝石。携带后，电属性的招式威力仅会增强１次。,電屬性的寶石。攜帶後，電屬性招式的威力會僅增強１次。,電屬性的寶石。攜帶後，電屬性的招式威力僅會增強１次。
草之宝石,草之寶石,草属性的宝石。携带后，草属性的招式威力仅会增强１次。,草屬性的寶石。攜帶後，草屬性招式的威力會僅增強１次。,草屬性的寶石。攜帶後，草屬性的招式威力僅會增強１次。
冰之宝石,冰之寶石,冰属性的宝石。携带后，冰属性的招式威力仅会增强１次。,冰屬性的寶石。攜帶後，冰屬性招式的威力會僅增強１次。,冰屬性的寶石。攜帶後，冰屬性的招式威力僅會增強１次。
格斗宝石,格鬥寶石,格斗属性的宝石。携带后，格斗属性的招式威力仅会增强１次。,格鬥屬性的寶石。攜帶後，格鬥屬性招式的威力會僅增強１次。,格鬥屬性的寶石。攜帶後，格鬥屬性的招式威力僅會增強１次。
毒之宝石,毒之寶石,毒属性的宝石。携带后，毒属性的招式威力仅会增强１次。,毒屬性的寶石。攜帶後，毒屬性招式的威力會僅增強１次。,毒屬性的寶石。攜帶後，毒屬性的招式威力僅會增強１次。
地面宝石,地面寶石,地面属性的宝石。携带后，地面属性的招式威力仅会增强１次。,地面屬性的寶石。攜帶後，地面屬性招式的威力會僅增強１次。,地面屬性的寶石。攜帶後，地面屬性的招式威力僅會增強１次。
飞行宝石,飛行寶石,飞行属性的宝石。携带后，飞行属性的招式威力仅会增强１次。,飛行屬性的寶石。攜帶後，飛行屬性招式的威力會僅增強１次。,飛行屬性的寶石。攜帶後，飛行屬性的招式威力僅會增強１次。
超能力宝石,超能力寶石,超能力属性的宝石。携带后，超能力属性的招式威力仅会增强１次。,超能力屬性的寶石。攜帶後，超能力屬性招式的威力會僅增強１次。,超能力屬性的寶石。攜帶後，超能力屬性的招式威力僅會增強１次。
虫之宝石,蟲之寶石,虫属性的宝石。携带后，虫属性的招式威力仅会增强１次。,蟲屬性的寶石。攜帶後，蟲屬性招式的威力會僅增強１次。,蟲屬性的寶石。攜帶後，蟲屬性的招式威力僅會增強１次。
岩石宝石,岩石寶石,岩石属性的宝石。携带后，岩石属性的招式威力仅会增强１次。,岩石屬性的寶石。攜帶後，岩石屬性招式的威力會僅增強１次。,岩石屬性的寶石。攜帶後，岩石屬性的招式威力僅會增強１次。
幽灵宝石,幽靈寶石,幽灵属性的宝石。携带后，幽灵属性的招式威力仅会增强１次。,幽靈屬性的寶石。攜帶後，幽靈屬性招式的威力會僅增強１次。,幽靈屬性的寶石。攜帶後，幽靈屬性的招式威力僅會增強１次。
龙之宝石,龍之寶石,龙属性的宝石。携带后，龙属性的招式威力仅会增强１次。,龍屬性的寶石。攜帶後，龍屬性招式的威力會僅增強１次。,龍屬性的寶石。攜帶後，龍屬性的招式威力僅會增強１次。
恶之宝石,惡之寶石,恶属性的宝石。携带后，恶属性的招式威力仅会增强１次。,惡屬性的寶石。攜帶後，惡屬性招式的威力會僅增強１次。,惡屬性的寶石。攜帶後，惡屬性的招式威力僅會增強１次。
钢之宝石,鋼之寶石,钢属性的宝石。携带后，钢属性的招式威力仅会增强１次。,鋼屬性的寶石。攜帶後，鋼屬性招式的威力會僅增強１次。,鋼屬性的寶石。攜帶後，鋼屬性的招式威力僅會增強１次。
一般宝石,一般寶石,一般属性的宝石。携带后，一般属性的招式威力仅会增强１次。,一般屬性的寶石。攜帶後，一般屬性招式的威力會僅增強１次。,一般屬性的寶石。攜帶後，一般屬性的招式威力僅會增強１次。
体力之羽,體力之羽,用于宝可梦的道具。能稍微提高１只宝可梦的ＨＰ的基础点数。,用於寶可夢的道具。能稍微提高１隻寶可夢的ＨＰ的基礎點數。,用於寶可夢的道具。能稍微提高１只寶可夢的ＨＰ的基礎點數。
肌力之羽,肌力之羽,用于宝可梦的道具。能稍微提高１只宝可梦的攻击的基础点数。,用於寶可夢的道具。能稍微提高１隻寶可夢的攻擊的基礎點數。,用於寶可夢的道具。能稍微提高１只寶可夢的攻擊的基礎點數。
抵抗之羽,抵抗之羽,用于宝可梦的道具。能稍微提高１只宝可梦的防御的基础点数。,用於寶可夢的道具。能稍微提高１隻寶可夢的防禦的基礎點數。,用於寶可夢的道具。能稍微提高１只寶可夢的防禦的基礎點數。
智力之羽,智力之羽,用于宝可梦的道具。能稍微提高１只宝可梦的特攻的基础点数。,用於寶可夢的道具。能稍微提高１隻寶可夢的特攻的基礎點數。,用於寶可夢的道具。能稍微提高１只寶可夢的特攻的基礎點數。
精神之羽,精神之羽,用于宝可梦的道具。能稍微提高１只宝可梦的特防的基础点数。,用於寶可夢的道具。能稍微提高１隻寶可夢的特防的基礎點數。,用於寶可夢的道具。能稍微提高１只寶可夢的特防的基礎點數。
瞬发之羽,瞬發之羽,用于宝可梦的道具。能稍微提高１只宝可梦的速度的基础点数。,用於寶可夢的道具。能稍微提高１隻寶可夢的速度的基礎點數。,用於寶可夢的道具。能稍微提高１只寶可夢的速度的基礎點數。
美丽之羽,美麗之羽,仅仅只是漂亮，没有任何效果，极其普通的羽毛。,僅僅只是漂亮，沒有任何效果，極其普通的羽毛。,僅僅只是漂亮，沒有任何效果，極其普通的羽毛。
背盖化石,背蓋化石,很久以前栖息在海里的古代宝可梦的化石。好像是后背的一部分。,很久以前棲息在海裡的古代寶可夢的化石。好像是後背的一部分。,很久以前棲息在海裡的古代寶可夢的化石。好像是後背的一部分。
羽毛化石,羽毛化石,据说是鸟宝可梦的祖先，古代宝可梦的化石。好像是翅膀的一部分。,據說是鳥寶可夢祖先的古代寶可夢的化石。好像是翅膀的一部分。,據說是鳥寶可夢的祖先，古代寶可夢的化石。好像是翅膀的一部分。
自由船票,自由船票,用于前往自由庭园岛的特殊船票。可以从飞云市上船。,用於前往自由庭園島的特殊船票。可以從飛雲市上船。,用於前往自由庭園島的特殊船票。可以從飛雲市上船。
释出之玉,釋出之玉,在这块神奇的玉石里，封存着用于产生释出之力的合众之力。,在這塊神奇的玉石裡，封存著用於產生釋出之力的合眾之力。,在這塊神奇的玉石裡，封存著用於產生釋出之力的合眾之力。
梦境球,夢境球,在连入之森中，不知何时出现在包包里的梦中球。能捉到任何宝可梦。,在連入之森中，不知何時出現在包包裡的夢中球。不管哪種寶可夢都能捉到。,在連入之森中，不知何時出現在包包裡的夢中球。能捉到任何寶可夢。
宝可尾草,寶可尾草,能吸引宝可梦注意的道具。在和野生宝可梦的战斗中绝对可以逃走。,能吸引寶可夢注意的道具。在和野生寶可夢的戰鬥中絕對可以逃走。,能吸引寶可夢注意的道具。在和野生寶可夢的戰鬥中絕對可以逃走。
物品箱,物品箱,漂亮精美的箱子。可以存放宝可梦出演音乐剧时用来装扮自己的多种小物件。,漂亮精美的箱子。可以存放多種用來裝扮出演音樂劇的寶可夢的小飾品。,漂亮精美的箱子。可以存放寶可夢出演音樂劇時用來裝扮自己的多種小物件。
龙之骨,龍之骨,据说是能在狂风暴雨的大海上随意翱翔的宝可梦的头骨。,據說是能在狂風暴雨的大海上任意翱翔的寶可夢的頭骨。,據說是能在狂風暴雨的大海上隨意翱翔的寶可夢的頭骨。
芳香蘑菇,芳香蘑菇,能让附近一带芳香四溢的珍稀蘑菇。可以在商店高价出售。,能讓附近一帶充滿馥郁香氣的稀奇蘑菇。可以在商店高價出售。,能讓附近一帶芳香四溢的珍稀蘑菇。可以在商店高價出售。
巨大金珠,巨大金珠,以纯金制成，闪着金光的大珠子。可以在商店高价出售。,閃著金光的純金製大珠子。可以在商店高價出售。,以純金製成，閃著金光的大珠子。可以在商店高價出售。
丸子珍珠,丸子珍珠,散发着美丽银辉且非常大颗的珍珠。可以在商店高价出售。,散發著美麗銀輝的非常大顆的珍珠。可以在商店高價出售。,散發著美麗銀輝且非常大顆的珍珠。可以在商店高價出售。
彗星碎片,彗星碎片,彗星临近时，掉落到地表上的碎片。可以在商店高价出售。,彗星接近時，掉落到地表上的碎片。可以在商店高價出售。,彗星臨近時，掉落到地表上的碎片。可以在商店高價出售。
古代铜币,古代銅幣,约３０００年前的文明使用的铜币。,距今約３０００年前的文明裡使用的銅幣。,約３０００年前的文明使用的銅幣。
古代银币,古代銀幣,约３０００年前的文明使用的银币。,距今約３０００年前的文明裡使用的銀幣。,約３０００年前的文明使用的銀幣。
古代金币,古代金幣,约３０００年前的文明使用的金币。,距今約３０００年前的文明裡使用的金幣。,約３０００年前的文明使用的金幣。
古代之壶,古代之壺,约３０００年前的文明制造的壶。,距今約３０００年前的文明裡製造的壺。,約３０００年前的文明製造的壺。
古代手镯,古代手鐲,约３０００年前的文明制造的手镯。,距今約３０００年前的文明裡製造的手鐲。,約３０００年前的文明製造的手鐲。
古代石像,古代石像,约３０００年前的文明制造的石像。,距今約３０００年前的文明裡製造的石像。,約３０００年前的文明製造的石像。
古代王冠,古代王冠,约３０００年前的文明制造的王冠。,距今約３０００年前的文明裡製造的王冠。,約３０００年前的文明製造的王冠。
飞云冰淇淋,飛雲冰淇淋,飞云市特产的冰淇淋。能治愈１只宝可梦的所有异常状态。,飛雲市特產的冰淇淋。能治癒１隻寶可夢的所有異常狀態。,飛雲市特產的冰淇淋。能治癒１只寶可夢的所有異常狀態。
要害攻击２,要害攻擊２,击中要害的几率会提高。每次使用效果都会提升。离场后，效果便会消失。,擊中要害的機率會提高。每次使用效果都會提升。離場後，效果便會復原。,擊中要害的機率會提高。每次使用效果都會提升。離場後，效果便會消失。
速度强化２,速度強化２,能相对提高战斗中宝可梦的速度。离场后，效果便会消失。,能相對提高戰鬥中寶可夢的速度。離場後，效果便會復原。,能相對提高戰鬥中寶可夢的速度。離場後，效果便會消失。
特攻强化２,特攻強化２,能相对提高战斗中宝可梦的特攻。离场后，效果便会消失。,能相對提高戰鬥中寶可夢的特攻。離場後，效果便會復原。,能相對提高戰鬥中寶可夢的特攻。離場後，效果便會消失。
特防强化２,特防強化２,能相对提高战斗中宝可梦的特防。离场后，效果便会消失。,能相對提高戰鬥中寶可夢的特防。離場後，效果便會復原。,能相對提高戰鬥中寶可夢的特防。離場後，效果便會消失。
防御强化２,防禦強化２,能相对提高战斗中宝可梦的防御。离场后，效果便会消失。,能相對提高戰鬥中寶可夢的防禦。離場後，效果便會復原。,能相對提高戰鬥中寶可夢的防禦。離場後，效果便會消失。
力量强化２,力量強化２,能相对提高战斗中宝可梦的攻击。离场后，效果便会消失。,能相對提高戰鬥中寶可夢的攻擊。離場後，效果便會復原。,能相對提高戰鬥中寶可夢的攻擊。離場後，效果便會消失。
命中强化２,命中強化２,能相对提高战斗中宝可梦的命中。离场后，效果便会消失。,能相對提高戰鬥中寶可夢的命中。離場後，效果便會復原。,能相對提高戰鬥中寶可夢的命中。離場後，效果便會消失。
速度强化３,速度強化３,能大量提高战斗中宝可梦的速度。离场后，效果便会消失。,能大幅提高戰鬥中寶可夢的速度。離場後，效果便會復原。,能大量提高戰鬥中寶可夢的速度。離場後，效果便會消失。
特攻强化３,特攻強化３,能大量提高战斗中宝可梦的特攻。离场后，效果便会消失。,能大幅提高戰鬥中寶可夢的特攻。離場後，效果便會復原。,能大量提高戰鬥中寶可夢的特攻。離場後，效果便會消失。
特防强化３,特防強化３,能大量提高战斗中宝可梦的特防。离场后，效果便会消失。,能大幅提高戰鬥中寶可夢的特防。離場後，效果便會復原。,能大量提高戰鬥中寶可夢的特防。離場後，效果便會消失。
防御强化３,防禦強化３,能大量提高战斗中宝可梦的防御。离场后，效果便会消失。,能大幅提高戰鬥中寶可夢的防禦。離場後，效果便會復原。,能大量提高戰鬥中寶可夢的防禦。離場後，效果便會消失。
力量强化３,力量強化３,能大量提高战斗中宝可梦的攻击。离场后，效果便会消失。,能大幅提高戰鬥中寶可夢的攻擊。離場後，效果便會復原。,能大量提高戰鬥中寶可夢的攻擊。離場後，效果便會消失。
命中强化３,命中強化３,能大量提高战斗中宝可梦的命中。离场后，效果便会消失。,能大幅提高戰鬥中寶可夢的命中。離場後，效果便會復原。,能大量提高戰鬥中寶可夢的命中。離場後，效果便會消失。
速度强化６,速度強化６,能极大提高战斗中宝可梦的速度。离场后，效果便会消失。,能極大幅提高戰鬥中寶可夢的速度。離場後，效果便會復原。,能極大提高戰鬥中寶可夢的速度。離場後，效果便會消失。
特攻强化６,特攻強化６,能极大提高战斗中宝可梦的特攻。离场后，效果便会消失。,能極大幅提高戰鬥中寶可夢的特攻。離場後，效果便會復原。,能極大提高戰鬥中寶可夢的特攻。離場後，效果便會消失。
特防强化６,特防強化６,能极大提高战斗中宝可梦的特防。离场后，效果便会消失。,能極大幅提高戰鬥中寶可夢的特防。離場後，效果便會復原。,能極大提高戰鬥中寶可夢的特防。離場後，效果便會消失。
防御强化６,防禦強化６,能极大提高战斗中宝可梦的防御。离场后，效果便会消失。,能極大幅提高戰鬥中寶可夢的防禦。離場後，效果便會復原。,能極大提高戰鬥中寶可夢的防禦。離場後，效果便會消失。
力量强化６,力量強化６,能极大提高战斗中宝可梦的攻击。离场后，效果便会消失。,能極大幅提高戰鬥中寶可夢的攻擊。離場後，效果便會復原。,能極大提高戰鬥中寶可夢的攻擊。離場後，效果便會消失。
命中强化６,命中強化６,能极大提高战斗中宝可梦的命中。离场后，效果便会消失。,能極大幅提高戰鬥中寶可夢的命中。離場後，效果便會復原。,能極大提高戰鬥中寶可夢的命中。離場後，效果便會消失。
特效召唤,特效召喚,使用后，能令我方宝可梦的特性启动。,使用後，能使我方寶可夢的特性發動。,使用後，能令我方寶可夢的特性啟動。
道具击落,道具擊落,使用后，能立刻丢弃我方宝可梦携带的道具。,使用後，我方寶可夢能立刻丟棄攜帶的道具。,使用後，能立刻丟棄我方寶可夢攜帶的道具。
道具召唤,道具召喚,使用后，能立刻使用我方宝可梦携带的道具。,使用後，我方寶可夢能立刻使用攜帶的道具。,使用後，能立刻使用我方寶可夢攜帶的道具。
恢复召唤,恢復召喚,使用后，我方宝可梦的能力变化将消失。,使用後，我方寶可夢的能力變化將復原。,使用後，我方寶可夢的能力變化將消失。
要害攻击３,要害攻擊３,击中要害的几率会大幅提高。每次使用效果都会提升。离场后，效果便会消失。,擊中要害的機率會大大提高。每次使用效果都會提升。離場後，效果便會消失。,擊中要害的機率會大幅提高。每次使用效果都會提升。離場後，效果便會消失。
光明石,光明石,莱希拉姆的肉体毁灭后变成的样子。据说它在等待着英雄的到来。,萊希拉姆的肉體毀滅後變成的樣子。據說它在等待著英雄的到來。,萊希拉姆的肉體毀滅後變成的樣子。據說它在等待著英雄的到來。
黑暗石,黑闇石,捷克罗姆的肉体毁灭后变成的样子。据说它在等待着英雄的到来。,捷克羅姆的肉體毀滅後變成的樣子。據說它在等待著英雄的到來。,捷克羅姆的肉體毀滅後變成的樣子。據說它在等待著英雄的到來。
招式学习器９３,招式學習器９３,让电流覆盖全身撞向对手进行攻击。自己也会受到少许伤害。,讓電流圍繞全身，衝撞對手進行攻擊。自己也會受到少許傷害。,讓電流覆蓋全身撞向對手進行攻擊。自己也會受到少許傷害。
招式学习器９４,招式學習器９４,利用大浪攻击自己周围所有的宝可梦。,使用大浪攻擊自己周圍所有的寶可夢。,利用大浪攻擊自己周圍所有的寶可夢。
招式学习器９５,招式學習器９５,没完没了地大声斥责，从而降低对手的特攻。,沒完沒了地向對手大聲咆哮，降低對手的特攻。,沒完沒了地大聲斥責，從而降低對手的特攻。
即时通讯器,即時通訊器,带摄像头功能，最多能让４人进行通话的最新型对讲机。,附影像鏡頭功能，最多能讓４人進行通話的最新型對講機。,帶攝像頭功能，最多能讓４人進行通話的最新型對講機。
神石,神石,奇幻之石。,奇幻之石。,奇幻之石。
配送物品１,配送物品１,长翅鸥投递的重要信件。,長翅鷗投遞的重要信件。,長翅鷗投遞的重要信件。
配送物品２,配送物品２,长翅鸥投递的重要信件。,長翅鷗投遞的重要信件。,長翅鷗投遞的重要信件。
配送物品３,配送物品３,长翅鸥投递的重要信件。,長翅鷗投遞的重要信件。,長翅鷗投遞的重要信件。
即时通讯器,即時通訊器,带摄像头功能，最多能让４人进行通话的最新型对讲机。,附影像鏡頭功能，最多能讓４人進行通話的最新型對講機。,帶攝像頭功能，最多能讓４人進行通話的最新型對講機。
奖牌盒,獎牌盒,可以放入获得的奖牌，并记录奖牌信息的箱形机器。,可以放入獲得的獎牌，並記錄獎牌資訊的箱形機器。,可以放入獲得的獎牌，並記錄獎牌資訊的箱形機器。
基因之楔,基因之楔,据说是能让原本为一体的酋雷姆和某宝可梦合体的一对楔子。,能讓據說原是一體的酋雷姆和某寶可夢合體的一對楔子。,據說是能讓原本為一體的酋雷姆和某寶可夢合體的一對楔子。
基因之楔,基因之楔,能让合体后的酋雷姆和某宝可梦分离成原状的一对楔子。,能讓合體後的酋雷姆和某寶可夢分離至原狀的一對楔子。,能讓合體後的酋雷姆和某寶可夢分離成原狀的一對楔子。
许可证,許可證,只有极少数人才知道的，进入自然保护区所需的授权卡。,進入只有極少數人才知道的自然保護區時，所需的授權卡。,只有極少數人才知道的，進入自然保護區所需的授權卡。
圆形护符,圓形護符,拥有它之后，在寄放屋里会更容易找到蛋的神奇浑圆护符。,只要擁有它，便會變得更容易在寄放屋裡發現蛋的神奇渾圓護符。,擁有它之後，在寄放屋裡會更容易找到蛋的神奇渾圓護符。
闪耀护符,閃耀護符,拥有它之后，据说会更容易遇见发光宝可梦的神奇闪光护符。,只要擁有它，據說會變得更容易遇見發光寶可夢的神奇閃光護符。,擁有它之後，據說會更容易遇見發光寶可夢的神奇閃光護符。
等离子卡,等離子卡,在等离子驱逐舰的船内输入密码时，需要用到的钥匙卡。,在等離子驅逐艦的船內輸入密碼時，需要用到的鑰匙卡。,在等離子驅逐艦的船內輸入密碼時，需要用到的鑰匙卡。
脏手帕,髒手帕,七宝市仓库咖啡馆的熟客遗失的手帕。隐约有着宝可梦的香气。,七寶市倉庫咖啡館的熟客遺失的手帕。隱約有著寶可夢的香氣。,七寶市倉庫咖啡館的熟客遺失的手帕。隱約有著寶可夢的香氣。
阿克罗玛机器,阿克羅瑪機器,能强行让宝可梦的能力觉醒的特殊装置。但由于是试制品，功能尚未完善。,能強行讓寶可夢的能力覺醒的特殊裝置。但由於是試作品，功能還不完全。,能強行讓寶可夢的能力覺醒的特殊裝置。但由於是試製品，功能尚未完善。
遗忘物,遺忘物,在雷文市的游乐园里捡到的即时通讯器。失主好像是个男孩子。,在雷文市的遊樂園裡撿到的即時通訊器。失主好像是個男孩子。,在雷文市的遊樂園裡撿到的即時通訊器。失主好像是個男孩子。
遗忘物,遺忘物,在雷文市的游乐园里捡到的即时通讯器。失主好像是个女孩子。,在雷文市的遊樂園裡撿到的即時通訊器。失主好像是個女孩子。,在雷文市的遊樂園裡撿到的即時通訊器。失主好像是個女孩子。
现形镜,現形鏡,能够通过照出真实，让宝可梦变回原来样子的神奇镜子。,能藉由照出真實，讓寶可夢變回原來樣子的神奇鏡子。,能夠通過照出真實，讓寶可夢變回原來樣子的神奇鏡子。
弱点保险,弱點保險,被针对弱点时，攻击和特攻就会大幅提高。,被攻擊到弱點時，攻擊和特攻就會分別大幅提高。,被針對弱點時，攻擊和特攻就會大幅提高。
突击背心,突擊背心,会变得富有攻击性的背心。虽然携带后特防会提高，但会无法使出变化招式。,會變得富有攻擊性的背心。雖然攜帶後特防會提高，但會無法使出變化招式。,會變得富有攻擊性的背心。雖然攜帶後特防會提高，但會無法使出變化招式。
全息影像通讯器,全像投影通訊器,可以随时查看接收到的全息影像数据的装置。,可以隨時查看接收到的全像投影資料的裝置。,可以隨時查看接收到的全像投影資料的裝置。
博士的信,博士的信,布拉塔诺博士写给妈妈的信。上面带有微微的香气。,布拉塔諾博士寫給媽媽的信。信上帶有微微香氣。,布拉塔諾博士寫給媽媽的信。上面帶有微微的香氣。
轮滑鞋,溜冰鞋,鞋底下装着滑轮。能在地面上滑行，或漂亮地表演特技。,鞋底裝著滑輪。能在地面上滑行，或漂亮地表演特技。,鞋底下裝著滑輪。能在地面上滑行，或漂亮地表演特技。
妖精石板,妖精石板,妖精属性的石板。携带后，妖精属性的招式威力就会增强。,妖精屬性的石板。攜帶後，妖精屬性的招式威力就會增強。,妖精屬性的石板。攜帶後，妖精屬性的招式威力就會增強。
特性胶囊,特性膠囊,如果用于有着２种特性的宝可梦，就能令其现有特性变为另一种的胶囊。,如果用於有著２種特性的寶可夢，就能使其特性變為另外一種的膠囊。,如果用於有著２種特性的寶可夢，就能令其現有特性變為另一種的膠囊。
泡沫奶油,泡沫奶油,松松软软起着泡的，稍微有点甜的奶油。某种宝可梦很喜欢它。,鬆鬆軟軟起著泡的，稍微有點甜的奶油。某種寶可夢很喜歡它。,松鬆軟軟起著泡的，稍微有點甜的奶油。某種寶可夢很喜歡它。
香袋,香袋,装着散发微浓香气的香料的袋子。某种宝可梦很喜欢它。,裝著散發有點濃的香氣的香料的袋子。某種寶可夢很喜歡它。,裝著散發微濃香氣的香料的袋子。某種寶可夢很喜歡它。
光苔,光苔,一次性使用的光苔。携带它的宝可梦如果受到水属性招式攻击，特防就会提高。,只能使用一次的光苔。攜帶它的寶可夢如果受到水屬性招式攻擊，特防就會提高。,一次性使用的光苔。攜帶它的寶可夢如果受到水屬性招式攻擊，特防就會提高。
雪球,雪球,一次性使用的雪球。携带它的宝可梦如果受到冰属性招式攻击，攻击就会提高。,只能使用一次的雪球。攜帶它的寶可夢如果受到冰屬性招式攻擊，攻擊就會提高。,一次性使用的雪球。攜帶它的寶可夢如果受到冰屬性招式攻擊，攻擊就會提高。
防尘护目镜,防塵護目鏡,不单是天气造成的伤害，就连粉末类招式的效果也能防御的护目镜。,不單是天氣造成的傷害，連放出粉末的招式效果也能防止的護目鏡。,不單是天氣造成的傷害，就連粉末類招式的效果也能防禦的護目鏡。
宝可梦之笛,寶可夢之笛,能吹出让睡着的宝可梦都会情不自禁醒来的美妙音色的笛子。,能吹出讓睡著的寶可夢都會情不自禁醒來的美妙音色的笛子。,能吹出讓睡著的寶可夢都會情不自禁醒來的美妙音色的笛子。
硕果肥,碩果肥,培育树果时的肥料。但完全不适合丰缘地区的土壤，所以没什么效果。,培育樹果時的肥料。但完全不適合豐緣地區的土壤，所以沒什麼效果。,培育樹果時的肥料。但完全不適合豐緣地區的土壤，所以沒什麼效果。
吃惊肥,吃驚肥,培育树果时的肥料。但完全不适合丰缘地区的土壤，所以没什么效果。,培育樹果時的肥料。但完全不適合豐緣地區的土壤，所以沒什麼效果。,培育樹果時的肥料。但完全不適合豐緣地區的土壤，所以沒什麼效果。
劲劲肥,勁勁肥,培育树果时的肥料。但完全不适合丰缘地区的土壤，所以没什么效果。,培育樹果時的肥料。但完全不適合豐緣地區的土壤，所以沒什麼效果。,培育樹果時的肥料。但完全不適合豐緣地區的土壤，所以沒什麼效果。
超效肥,超效肥,培育树果时的肥料。但完全不适合丰缘地区的土壤，所以没什么效果。,培育樹果時的肥料。但完全不適合豐緣地區的土壤，所以沒什麼效果。,培育樹果時的肥料。但完全不適合豐緣地區的土壤，所以沒什麼效果。
耿鬼进化石,耿鬼進化石,让耿鬼携带后，在战斗时就能进行超级进化的一种神奇超级石。,讓耿鬼攜帶後，在戰鬥時就能進行超級進化的一種神奇超級石。,讓耿鬼攜帶後，在戰鬥時就能進行超級進化的一種神奇超級石。
沙奈朵进化石,沙奈朵進化石,让沙奈朵携带后，在战斗时就能进行超级进化的一种神奇超级石。,讓沙奈朵攜帶後，在戰鬥時就能進行超級進化的一種神奇超級石。,讓沙奈朵攜帶後，在戰鬥時就能進行超級進化的一種神奇超級石。
电龙进化石,電龍進化石,让电龙携带后，在战斗时就能进行超级进化的一种神奇超级石。,讓電龍攜帶後，在戰鬥時就能進行超級進化的一種神奇超級石。,讓電龍攜帶後，在戰鬥時就能進行超級進化的一種神奇超級石。
妙蛙花进化石,妙蛙花進化石,让妙蛙花携带后，在战斗时就能进行超级进化的一种神奇超级石。,讓妙蛙花攜帶後，在戰鬥時就能進行超級進化的一種神奇超級石。,讓妙蛙花攜帶後，在戰鬥時就能進行超級進化的一種神奇超級石。
喷火龙进化石Ｘ,噴火龍進化石Ｘ,让喷火龙携带后，在战斗时就能进行超级进化的一种神奇超级石。,讓噴火龍攜帶後，在戰鬥時就能進行超級進化的一種神奇超級石。,讓噴火龍攜帶後，在戰鬥時就能進行超級進化的一種神奇超級石。
水箭龟进化石,水箭龜進化石,让水箭龟携带后，在战斗时就能进行超级进化的一种神奇超级石。,讓水箭龜攜帶後，在戰鬥時就能進行超級進化的一種神奇超級石。,讓水箭龜攜帶後，在戰鬥時就能進行超級進化的一種神奇超級石。
超梦进化石Ｘ,超夢進化石Ｘ,让超梦携带后，在战斗时就能进行超级进化的一种神奇超级石。,讓超夢攜帶後，在戰鬥時就能進行超級進化的一種神奇超級石。,讓超夢攜帶後，在戰鬥時就能進行超級進化的一種神奇超級石。
超梦进化石Ｙ,超夢進化石Ｙ,让超梦携带后，在战斗时就能进行超级进化的一种神奇超级石。,讓超夢攜帶後，在戰鬥時就能進行超級進化的一種神奇超級石。,讓超夢攜帶後，在戰鬥時就能進行超級進化的一種神奇超級石。
火焰鸡进化石,火焰雞進化石,让火焰鸡携带后，在战斗时就能进行超级进化的一种神奇超级石。,讓火焰雞攜帶後，在戰鬥時就能進行超級進化的一種神奇超級石。,讓火焰雞攜帶後，在戰鬥時就能進行超級進化的一種神奇超級石。
恰雷姆进化石,恰雷姆進化石,让恰雷姆携带后，在战斗时就能进行超级进化的一种神奇超级石。,讓恰雷姆攜帶後，在戰鬥時就能進行超級進化的一種神奇超級石。,讓恰雷姆攜帶後，在戰鬥時就能進行超級進化的一種神奇超級石。
黑鲁加进化石,黑魯加進化石,让黑鲁加携带后，在战斗时就能进行超级进化的一种神奇超级石。,讓黑魯加攜帶後，在戰鬥時就能進行超級進化的一種神奇超級石。,讓黑魯加攜帶後，在戰鬥時就能進行超級進化的一種神奇超級石。
波士可多拉进化石,波士可多拉進化石,让波士可多拉携带后，在战斗时就能进行超级进化的一种神奇超级石。,讓波士可多拉攜帶後，在戰鬥時就能進行超級進化的一種神奇超級石。,讓波士可多拉攜帶後，在戰鬥時就能進行超級進化的一種神奇超級石。
诅咒娃娃进化石,詛咒娃娃進化石,让诅咒娃娃携带后，在战斗时就能进行超级进化的一种神奇超级石。,讓詛咒娃娃攜帶後，在戰鬥時就能進行超級進化的一種神奇超級石。,讓詛咒娃娃攜帶後，在戰鬥時就能進行超級進化的一種神奇超級石。
班基拉斯进化石,班基拉斯進化石,让班基拉斯携带后，在战斗时就能进行超级进化的一种神奇超级石。,讓班基拉斯攜帶後，在戰鬥時就能進行超級進化的一種神奇超級石。,讓班基拉斯攜帶後，在戰鬥時就能進行超級進化的一種神奇超級石。
巨钳螳螂进化石,巨鉗螳螂進化石,让巨钳螳螂携带后，在战斗时就能进行超级进化的一种神奇超级石。,讓巨鉗螳螂攜帶後，在戰鬥時就能進行超級進化的一種神奇超級石。,讓巨鉗螳螂攜帶後，在戰鬥時就能進行超級進化的一種神奇超級石。
凯罗斯进化石,凱羅斯進化石,让凯罗斯携带后，在战斗时就能进行超级进化的一种神奇超级石。,讓凱羅斯攜帶後，在戰鬥時就能進行超級進化的一種神奇超級石。,讓凱羅斯攜帶後，在戰鬥時就能進行超級進化的一種神奇超級石。
化石翼龙进化石,化石翼龍進化石,让化石翼龙携带后，在战斗时就能进行超级进化的一种神奇超级石。,讓化石翼龍攜帶後，在戰鬥時就能進行超級進化的一種神奇超級石。,讓化石翼龍攜帶後，在戰鬥時就能進行超級進化的一種神奇超級石。
路卡利欧进化石,路卡利歐進化石,让路卡利欧携带后，在战斗时就能进行超级进化的一种神奇超级石。,讓路卡利歐攜帶後，在戰鬥時就能進行超級進化的一種神奇超級石。,讓路卡利歐攜帶後，在戰鬥時就能進行超級進化的一種神奇超級石。
暴雪王进化石,暴雪王進化石,让暴雪王携带后，在战斗时就能进行超级进化的一种神奇超级石。,讓暴雪王攜帶後，在戰鬥時就能進行超級進化的一種神奇超級石。,讓暴雪王攜帶後，在戰鬥時就能進行超級進化的一種神奇超級石。
袋兽进化石,袋獸進化石,让袋兽携带后，在战斗时就能进行超级进化的一种神奇超级石。,讓袋獸攜帶後，在戰鬥時就能進行超級進化的一種神奇超級石。,讓袋獸攜帶後，在戰鬥時就能進行超級進化的一種神奇超級石。
暴鲤龙进化石,暴鯉龍進化石,让暴鲤龙携带后，在战斗时就能进行超级进化的一种神奇超级石。,讓暴鯉龍攜帶後，在戰鬥時就能進行超級進化的一種神奇超級石。,讓暴鯉龍攜帶後，在戰鬥時就能進行超級進化的一種神奇超級石。
阿勃梭鲁进化石,阿勃梭魯進化石,让阿勃梭鲁携带后，在战斗时就能进行超级进化的一种神奇超级石。,讓阿勃梭魯攜帶後，在戰鬥時就能進行超級進化的一種神奇超級石。,讓阿勃梭魯攜帶後，在戰鬥時就能進行超級進化的一種神奇超級石。
喷火龙进化石Ｙ,噴火龍進化石Ｙ,让喷火龙携带后，在战斗时就能进行超级进化的一种神奇超级石。,讓噴火龍攜帶後，在戰鬥時就能進行超級進化的一種神奇超級石。,讓噴火龍攜帶後，在戰鬥時就能進行超級進化的一種神奇超級石。
胡地进化石,胡地進化石,让胡地携带后，在战斗时就能进行超级进化的一种神奇超级石。,讓胡地攜帶後，在戰鬥時就能進行超級進化的一種神奇超級石。,讓胡地攜帶後，在戰鬥時就能進行超級進化的一種神奇超級石。
赫拉克罗斯进化石,赫拉克羅斯進化石,让赫拉克罗斯携带后，在战斗时就能进行超级进化的一种神奇超级石。,讓赫拉克羅斯攜帶後，在戰鬥時就能進行超級進化的一種神奇超級石。,讓赫拉克羅斯攜帶後，在戰鬥時就能進行超級進化的一種神奇超級石。
大嘴娃进化石,大嘴娃進化石,让大嘴娃携带后，在战斗时就能进行超级进化的一种神奇超级石。,讓大嘴娃攜帶後，在戰鬥時就能進行超級進化的一種神奇超級石。,讓大嘴娃攜帶後，在戰鬥時就能進行超級進化的一種神奇超級石。
雷电兽进化石,雷電獸進化石,让雷电兽携带后，在战斗时就能进行超级进化的一种神奇超级石。,讓雷電獸攜帶後，在戰鬥時就能進行超級進化的一種神奇超級石。,讓雷電獸攜帶後，在戰鬥時就能進行超級進化的一種神奇超級石。
烈咬陆鲨进化石,烈咬陸鯊進化石,让烈咬陆鲨携带后，在战斗时就能进行超级进化的一种神奇超级石。,讓烈咬陸鯊攜帶後，在戰鬥時就能進行超級進化的一種神奇超級石。,讓烈咬陸鯊攜帶後，在戰鬥時就能進行超級進化的一種神奇超級石。
拉帝亚斯进化石,拉帝亞斯進化石,让拉帝亚斯携带后，在战斗时就能进行超级进化的一种神奇超级石。,讓拉帝亞斯攜帶後，在戰鬥時就能進行超級進化的一種神奇超級石。,讓拉帝亞斯攜帶後，在戰鬥時就能進行超級進化的一種神奇超級石。
拉帝欧斯进化石,拉帝歐斯進化石,让拉帝欧斯携带后，在战斗时就能进行超级进化的一种神奇超级石。,讓拉帝歐斯攜帶後，在戰鬥時就能進行超級進化的一種神奇超級石。,讓拉帝歐斯攜帶後，在戰鬥時就能進行超級進化的一種神奇超級石。
洛玫果,洛玫果,让宝可梦携带后，在受到效果绝佳的妖精属性招式攻击时，能令其威力减弱。,讓寶可夢攜帶後，在受到效果絕佳的妖精屬性招式攻擊時，能使其威力減弱。,讓寶可夢攜帶後，在受到效果絕佳的妖精屬性招式攻擊時，能令其威力減弱。
亚开果,亞開果,让宝可梦携带后，在受到物理招式攻击时，自己的防御就会提高。,讓寶可夢攜帶後，在受到物理招式攻擊時，自己的防禦就會提高。,讓寶可夢攜帶後，在受到物理招式攻擊時，自己的防禦就會提高。
香罗果,香羅果,让宝可梦携带后，在受到特殊招式攻击时，自己的特防就会提高。,讓寶可夢攜帶後，在受到特殊招式攻擊時，自己的特防就會提高。,讓寶可夢攜帶後，在受到特殊招式攻擊時，自己的特防就會提高。
莲叶童子喷壶,蓮葉童子噴壺,浇水的道具。能让埋在松软土壤里的树果快快长大。,澆水的器具。能讓埋在鬆軟土壤裡的樹果快快長大。,澆水的道具。能讓埋在鬆軟土壤裡的樹果快快長大。
招式学习器９６,招式學習器９６,用自然之力进行攻击。根据所使用场所的不同，使出的招式也会有所变化。,用自然之力進行攻擊。隨著使用場所的不同，使出的招式也會有所變化。,用自然之力進行攻擊。根據所使用場所的不同，使出的招式也會有所變化。
招式学习器９７,招式學習器９７,从体内发出充满恶意的恐怖气场。有时会使对手畏缩。,從身體發出充滿惡意的恐怖氣場。有時會使對手畏縮。,從體內發出充滿惡意的恐怖氣場。有時會使對手畏縮。
招式学习器９８,招式學習器９８,以惊人的气势扑向对手。有时会使对手畏缩。,以驚人的氣勢撲向對手。有時會讓對手畏縮。,以驚人的氣勢撲向對手。有時會使對手畏縮。
招式学习器９９,招式學習器９９,向对手发出强光，并给予伤害。,向對手發出強光，並給予傷害。,向對手發出強光，並給予傷害。
招式学习器１００,招式學習器１００,和对手进行密语，使其失去集中力，从而降低对手的特攻。,向對手低聲密語，使其失去集中力，進而降低對手的特攻。,和對手進行密語，使其失去集中力，從而降低對手的特攻。
发电厂通行证,發電廠通行證,该通行证可用作进入１３号道路上的发电厂时所需的身份证明。,該通行證可用作進入１３號道路上的發電廠時所需的身份證明。,該通行證可用作進入１３號道路上的發電廠時所需的身份證明。
超级环,超級環,蕴藏着未知力量的圆环。能让携带着超级石战斗的宝可梦进行超级进化。,隱藏著未知力量的圓環。能讓攜帶著超級石戰鬥的寶可夢進行超級進化。,蘊藏著未知力量的圓環。能讓攜帶著超級石戰鬥的寶可夢進行超級進化。
似珍石,似珍石,在有些人看来可能会觉得它十分贵重。非常与众不同的石头。,在某些人眼裡可能會覺得它十分貴重。頗與眾不同的石頭。,在有些人看來可能會覺得它十分貴重。非常與眾不同的石頭。
常见石,常見石,在有些人看来可能会觉得它十分贵重。但其实是块普通的石头。,在某些人眼裡可能會覺得它十分貴重。但其實是塊普通的石頭。,在有些人看來可能會覺得它十分貴重。但其實是塊普通的石頭。
折价券,折價券,在时装店买道具时，能以比平时更低的价格购买的券。,在時裝店買物品時，能以比平時更低的價格購買的券。,在時裝店買道具時，能以比平時更低的價格購買的券。
电梯钥匙,電梯鑰匙,可以启动弗拉达利研究所里电梯的钥匙卡。上面有着闪焰队的标志。,可以啟動弗拉達利研究所裡電梯的鑰匙卡。上面有著閃焰隊的標誌。,可以啟動弗拉達利研究所裡電梯的鑰匙卡。上面有著閃焰隊的標誌。
ＴＭＶ自由票,ＴＭＶ自由票,可以随时乘坐连接着密阿雷市和奇楠市的超高速列车的车票。,可以隨時乘坐連接著密阿雷市和奇楠市的超高速列車的車票。,可以隨時乘坐連接著密阿雷市和奇楠市的超高速列車的車票。
卡洛斯勋章,卡洛斯勳章,颁发给为卡洛斯地区作出杰出贡献的人的宝贵勋章。,頒發給為卡洛斯地區帶來傑出貢獻的人的寶貴勳章。,頒發給為卡洛斯地區作出傑出貢獻的人的寶貴勳章。
探险心得,探險心得,朋友亲手制作的指南手册。里面汇总了训练家在旅行时所需注意的各种事项。,朋友親手製作的指南手冊。裡面整合了訓練家旅行時的注意事項。,朋友親手製作的指南手冊。裡面匯總了訓練家在旅行時所需注意的各種事項。
神秘摆设,神秘擺設,在阿罗拉地区，据说是模仿古时候被称为守护神的神奇宝可梦而制作的摆设。,據說是模仿自古以來在阿羅拉地區被稱為守護神的神奇寶可夢而製作的擺設。,在阿羅拉地區，據說是模仿古時候被稱為守護神的神奇寶可夢而製作的擺設。
隐形眼镜盒,隱形眼鏡盒,可以存放隐形眼镜的，有点漂亮的盒子。,可以存放隱形眼鏡的，有點漂亮的盒子。,可以存放隱形眼鏡的，有點漂亮的盒子。
化妆包,化妝包,可以存放唇膏的精美小包包。,可以存放唇膏的精美小包包。,可以存放唇膏的精美小包包。
衣物箱,衣物箱,能塞入任意时尚物品，收纳能力极佳的轻箱子。,能夠塞入各種時尚物品的收納能力極佳的輕箱子。,能塞入任意時尚物品，收納能力極佳的輕箱子。
密阿雷格雷派饼,密阿雷格雷派餅,在密阿雷市很受欢迎的点心。能治愈１只宝可梦的所有异常状态。,在密阿雷市很受歡迎的點心。能治癒１隻寶可夢的所有異常狀態。,在密阿雷市很受歡迎的點心。能治癒１只寶可夢的所有異常狀態。
娑罗沙布蕾,娑羅沙布蕾,娑罗市特产的沙布蕾。能治愈１只宝可梦的所有异常状态。,娑羅市特產的沙布蕾。能治癒１隻寶可夢的所有異常狀態。,娑羅市特產的沙布蕾。能治癒１只寶可夢的所有異常狀態。
颚之化石,顎之化石,很久以前生活在地上的古代宝可梦的化石。好像是很大的颚的一部分。,很久以前生活在地上的古代寶可夢的化石。好像是很大的顎的一部分。,很久以前生活在地上的古代寶可夢的化石。好像是很大的顎的一部分。
鳍之化石,鰭之化石,很久以前生活在地上的古代宝可梦的化石。好像是头鳍的一部分。,很久以前生活在地上的古代寶可夢的化石。好像是頭鰭的一部分。,很久以前生活在地上的古代寶可夢的化石。好像是頭鰭的一部分。
帅哥券,帥哥券,喷有闪闪发光的涂料，帅哥亲手制作的券。,噴有閃閃發光的塗料，帥哥親手製作的券。,噴有閃閃發光的塗料，帥哥親手製作的券。
自行车,自行車,能比跑步鞋跑得还快的折叠式自行车。,能跑得比跑步鞋還快的折疊式自行車。,能比跑步鞋跑得還快的摺疊式自行車。
全息影像通讯器,全像投影通訊器,可以随时查看接收到的全息影像数据的装置。,可以隨時查看接收到的全像投影資料的裝置。,可以隨時查看接收到的全像投影資料的裝置。
妖精宝石,妖精寶石,妖精属性的宝石。携带后，妖精属性的招式威力会仅增强１次。,妖精屬性的寶石。攜帶後，妖精屬性的招式威力會僅增強１次。,妖精屬性的寶石。攜帶後，妖精屬性的招式威力會僅增強１次。
超级坠饰,超級墜飾,蕴藏着未知力量的坠饰。能让携带着超级石战斗的宝可梦进行超级进化。,隱藏著未知力量的墜飾。能讓攜帶著超級石戰鬥的寶可夢進行超級進化。,蘊藏著未知力量的墜飾。能讓攜帶著超級石戰鬥的寶可夢進行超級進化。
超级手套,超級手套,蕴藏着未知力量的手套。能让携带着超级石战斗的宝可梦进行超级进化。,隱藏著未知力量的手套。能讓攜帶著超級石戰鬥的寶可夢進行超級進化。,蘊藏著未知力量的手套。能讓攜帶著超級石戰鬥的寶可夢進行超級進化。
音速自行车,音速自行車,能以２倍以上的速度移动的折叠式自行车。,能以２倍以上速度移動的折疊式自行車。,能以２倍以上的速度移動的摺疊式自行車。
越野自行车,越野自行車,能做出跳跃或抬前轮动作的折叠式自行车。,能做出跳躍或抬前輪動作的折疊式自行車。,能做出跳躍或抬前輪動作的摺疊式自行車。
吼吼鲸喷壶,吼吼鯨噴壺,浇水的道具。能让埋在土壤里的树果快快长大。,澆水的器具。能讓埋在土壤裡的樹果快快長大。,澆水的道具。能讓埋在土壤裡的樹果快快長大。
得文的物品,得文的物品,此物品里面放着的是得文制造的某种零件。,裡面放有得文製造的某種零件的物品。,此物品裡面放著的是得文製造的某種零件。
集灰袋,集灰袋,将堆积起来的火山灰收集起来的袋子。,用於收集堆積的火山灰的袋子。,將堆積起來的火山灰收集起來的袋子。
地下钥匙,地下鑰匙,进入紫堇地下的新紫堇时，所使用的钥匙。,用於進入紫菫地下的新紫菫的鑰匙。,進入紫菫地下的新紫菫時，所使用的鑰匙。
宝可方块套装,寶可方塊組合,这是树果混合器和宝可方块盒的套装。树果混合器可利用树果制作宝可方块，而做好的宝可方块可用宝可方块盒来保存。,可由樹果製作寶可方塊的樹果混合器與存放用的寶可方塊盒之套裝。,這是樹果混合器和寶可方塊盒的套裝。樹果混合器可利用樹果製作寶可方塊，而做好的寶可方塊可用寶可方塊盒來保存。
给大吾的信,給大吾的信,从得文社长那里得到的信。,得文社長託付的信。,從得文社長那裡得到的信。
无限船票,無限船票,前往南方孤岛的船票。橙华道馆的馆主千里知道其中的秘密！？,前往南方孤島的船票。橙華道館的館主千里知道其中的秘密！？,前往南方孤島的船票。橙華道館的館主千里知道其中的秘密！？
探测器,探測器,在海紫堇中找到的道具。,在海紫菫中找到的道具。,在海紫菫中找到的道具。
ＧＯＧＯ护目镜,ＧＯＧＯ護目鏡,能在沙漠的沙暴中保护眼睛的出色护目镜。,能在沙漠的沙暴中保護眼睛的出色護目鏡。,能在沙漠的沙暴中保護眼睛的出色護目鏡。
陨石,隕石,原本是落入流星瀑布里的陨石。是在烟囱山获得的。,原為墜落在流星瀑布裡的隕石。在煙囪山得到了它。,原本是落入流星瀑布裡的隕石。是在煙囪山獲得的。
１号客房的钥匙,１號客房的鑰匙,进入海紫堇的房间时所需的钥匙。,用於進入海紫菫的房間的鑰匙。,進入海紫菫的房間時所需的鑰匙。
２号客房的钥匙,２號客房的鑰匙,进入海紫堇的房间时所需的钥匙。,用於進入海紫菫的房間的鑰匙。,進入海紫菫的房間時所需的鑰匙。
４号客房的钥匙,４號客房的鑰匙,进入海紫堇的房间时所需的钥匙。,用於進入海紫菫的房間的鑰匙。,進入海紫菫的房間時所需的鑰匙。
６号客房的钥匙,６號客房的鑰匙,进入海紫堇的房间时所需的钥匙。,用於進入海紫菫的房間的鑰匙。,進入海紫菫的房間時所需的鑰匙。
仓库钥匙,倉庫鑰匙,进入海紫堇的仓库时所需的钥匙。,用於進入海紫菫的房間的鑰匙。,進入海紫菫的倉庫時所需的鑰匙。
得文侦测镜,得文偵測鏡,会对看不见的宝可梦起反应，并发出声音的得文特制产品。,會對看不見的寶可夢起反應，並發出聲音的得文特製產品。,會對看不見的寶可夢起反應，並發出聲音的得文特製產品。
船票,船票,乘坐渡船时需要用到。,乘坐交通船時需要用到。,乘坐渡船時需要用到。
秘传学习器０７,秘傳學習器０７,第１回合潜入，第２回合浮上来进行攻击。,使用後的第１回合潛入水中，並於第２回合浮上來進行攻擊。,第１回合潛入，第２回合浮上來進行攻擊。
得文潜水装备,得文潛水裝備,潜水时装备在身上用来呼吸氧气的面罩。得文制造。,潛水時裝備在身上用來呼吸氧氣的面罩。得文製造。,潛水時裝備在身上用來呼吸氧氣的面罩。得文製造。
演出礼服,演出禮服,在华丽大赛上演出时穿的非常帅气的礼服。,在華麗大賽上演出時穿的非常帥氣的禮服。,在華麗大賽上演出時穿的非常帥氣的禮服。
演出礼裙,演出禮裙,在华丽大赛上演出时穿的非常可爱的礼裙。,在華麗大賽上演出時穿的非常可愛的禮裙。,在華麗大賽上演出時穿的非常可愛的禮裙。
熔岩装,熔岩裝,集熔岩队科学技术于一身的服装。能承受任何冲击。,集結了熔岩隊的科學技術製造的服裝。能承受任何衝擊。,集熔岩隊科學技術於一身的服裝。能承受任何衝擊。
海洋装,海洋裝,集海洋队科学技术于一身的服装。能承受任何冲击。,集結了海洋隊的科學技術製造的服裝。能承受任何衝擊。,集海洋隊科學技術於一身的服裝。能承受任何衝擊。
双人票,雙人票,在绿岭宇宙中心举办的天体展览的双人票。,在綠嶺宇宙中心舉辦的天體展覽的雙人票。,在綠嶺宇宙中心舉辦的天體展覽的雙人票。
超级手镯,超級手鐲,蕴藏着未知力量的手镯。能让携带着超级石战斗的宝可梦进行超级进化。,隱藏著未知力量的手鐲。能讓攜帶著超級石戰鬥的寶可夢進行超級進化。,蘊藏著未知力量的手鐲。能讓攜帶著超級石戰鬥的寶可夢進行超級進化。
超级吊坠,超級吊墜,蕴藏着未知力量的吊坠。能让携带着超级石战斗的宝可梦进行超级进化。,隱藏著未知力量的吊墜。能讓攜帶著超級石戰鬥的寶可夢進行超級進化。,蘊藏著未知力量的吊墜。能讓攜帶著超級石戰鬥的寶可夢進行超級進化。
超级眼镜,超級眼鏡,蕴藏着未知力量的眼镜。能让携带着超级石战斗的宝可梦进行超级进化。,隱藏著未知力量的眼鏡。能讓攜帶著超級石戰鬥的寶可夢進行超級進化。,蘊藏著未知力量的眼鏡。能讓攜帶著超級石戰鬥的寶可夢進行超級進化。
超级船锚,超級船錨,蕴藏着未知力量的船锚。能让携带着超级石战斗的宝可梦进行超级进化。,隱藏著未知力量的船錨。能讓攜帶著超級石戰鬥的寶可夢進行超級進化。,蘊藏著未知力量的船錨。能讓攜帶著超級石戰鬥的寶可夢進行超級進化。
超级领针,超級領針,蕴藏着未知力量的领针。能让携带着超级石战斗的宝可梦进行超级进化。,隱藏著未知力量的領針。能讓攜帶著超級石戰鬥的寶可夢進行超級進化。,蘊藏著未知力量的領針。能讓攜帶著超級石戰鬥的寶可夢進行超級進化。
超级头冠,超級頭冠,蕴藏着未知力量的头冠。能让携带着超级石战斗的宝可梦进行超级进化。,隱藏著未知力量的頭冠。能讓攜帶著超級石戰鬥的寶可夢進行超級進化。,蘊藏著未知力量的頭冠。能讓攜帶著超級石戰鬥的寶可夢進行超級進化。
超级脚镯,超級腳鐲,蕴藏着未知力量的脚镯。能让携带着超级石战斗的宝可梦进行超级进化。,隱藏著未知力量的腳鐲。能讓攜帶著超級石戰鬥的寶可夢進行超級進化。,蘊藏著未知力量的腳鐲。能讓攜帶著超級石戰鬥的寶可夢進行超級進化。
陨石,隕石,在烟囱山上获得的陨石。隐约散发着光辉。,在煙囪山上獲得的隕石。隱約散發著光芒。,在煙囪山上獲得的隕石。隱約散發著光輝。
巨沼怪进化石,巨沼怪進化石,让巨沼怪携带后，在战斗时就能进行超级进化的一种神奇超级石。,讓巨沼怪攜帶後，在戰鬥時就能進行超級進化的一種神奇超級石。,讓巨沼怪攜帶後，在戰鬥時就能進行超級進化的一種神奇超級石。
蜥蜴王进化石,蜥蜴王進化石,让蜥蜴王携带后，在战斗时就能进行超级进化的一种神奇超级石。,讓蜥蜴王攜帶後，在戰鬥時就能進行超級進化的一種神奇超級石。,讓蜥蜴王攜帶後，在戰鬥時就能進行超級進化的一種神奇超級石。
勾魂眼进化石,勾魂眼進化石,让勾魂眼携带后，在战斗时就能进行超级进化的一种神奇超级石。,讓勾魂眼攜帶後，在戰鬥時就能進行超級進化的一種神奇超級石。,讓勾魂眼攜帶後，在戰鬥時就能進行超級進化的一種神奇超級石。
七夕青鸟进化石,七夕青鳥進化石,让七夕青鸟携带后，在战斗时就能进行超级进化的一种神奇超级石。,讓七夕青鳥攜帶後，在戰鬥時就能進行超級進化的一種神奇超級石。,讓七夕青鳥攜帶後，在戰鬥時就能進行超級進化的一種神奇超級石。
艾路雷朵进化石,艾路雷朵進化石,让艾路雷朵携带后，在战斗时就能进行超级进化的一种神奇超级石。,讓艾路雷朵攜帶後，在戰鬥時就能進行超級進化的一種神奇超級石。,讓艾路雷朵攜帶後，在戰鬥時就能進行超級進化的一種神奇超級石。
差不多娃娃进化石,差不多娃娃進化石,让差不多娃娃携带后，在战斗时就能进行超级进化的一种神奇超级石。,讓差不多娃娃攜帶後，在戰鬥時就能進行超級進化的一種神奇超級石。,讓差不多娃娃攜帶後，在戰鬥時就能進行超級進化的一種神奇超級石。
巨金怪进化石,巨金怪進化石,让巨金怪携带后，在战斗时就能进行超级进化的一种神奇超级石。,讓巨金怪攜帶後，在戰鬥時就能進行超級進化的一種神奇超級石。,讓巨金怪攜帶後，在戰鬥時就能進行超級進化的一種神奇超級石。
巨牙鲨进化石,巨牙鯊進化石,让巨牙鲨携带后，在战斗时就能进行超级进化的一种神奇超级石。,讓巨牙鯊攜帶後，在戰鬥時就能進行超級進化的一種神奇超級石。,讓巨牙鯊攜帶後，在戰鬥時就能進行超級進化的一種神奇超級石。
呆壳兽进化石,呆殼獸進化石,让呆壳兽携带后，在战斗时就能进行超级进化的一种神奇超级石。,讓呆殼獸攜帶後，在戰鬥時就能進行超級進化的一種神奇超級石。,讓呆殼獸攜帶後，在戰鬥時就能進行超級進化的一種神奇超級石。
大钢蛇进化石,大鋼蛇進化石,让大钢蛇携带后，在战斗时就能进行超级进化的一种神奇超级石。,讓大鋼蛇攜帶後，在戰鬥時就能進行超級進化的一種神奇超級石。,讓大鋼蛇攜帶後，在戰鬥時就能進行超級進化的一種神奇超級石。
大比鸟进化石,大比鳥進化石,让大比鸟携带后，在战斗时就能进行超级进化的一种神奇超级石。,讓大比鳥攜帶後，在戰鬥時就能進行超級進化的一種神奇超級石。,讓大比鳥攜帶後，在戰鬥時就能進行超級進化的一種神奇超級石。
冰鬼护进化石,冰鬼護進化石,让冰鬼护携带后，在战斗时就能进行超级进化的一种神奇超级石。,讓冰鬼護攜帶後，在戰鬥時就能進行超級進化的一種神奇超級石。,讓冰鬼護攜帶後，在戰鬥時就能進行超級進化的一種神奇超級石。
蒂安希进化石,蒂安希進化石,让蒂安希携带后，在战斗时就能进行超级进化的一种神奇超级石。,讓蒂安希攜帶後，在戰鬥時就能進行超級進化的一種神奇超級石。,讓蒂安希攜帶後，在戰鬥時就能進行超級進化的一種神奇超級石。
惩戒之壶,懲戒之壺,据说在很久以前封印着某只宝可梦力量的壶。,據說在很久以前封印著某隻寶可夢力量的壺。,據說在很久以前封印著某隻寶可夢力量的壺。
超级护腕,超級護腕,蕴藏着未知力量的护腕。能让携带着超级石战斗的宝可梦进行超级进化。,隱藏著未知力量的護腕。能讓攜帶著超級石戰鬥的寶可夢進行超級進化。,蘊藏著未知力量的護腕。能讓攜帶著超級石戰鬥的寶可夢進行超級進化。
喷火驼进化石,噴火駝進化石,喷火驼携带后，在战斗时就能进行超级进化的一种神奇超级石。,噴火駝攜帶後，在戰鬥時就能進行超級進化的一種神奇超級石。,噴火駝攜帶後，在戰鬥時就能進行超級進化的一種神奇超級石。
长耳兔进化石,長耳兔進化石,长耳兔携带后，在战斗时就能进行超级进化的一种神奇超级石。,長耳兔攜帶後，在戰鬥時就能進行超級進化的一種神奇超級石。,長耳兔攜帶後，在戰鬥時就能進行超級進化的一種神奇超級石。
暴飞龙进化石,暴飛龍進化石,暴飞龙携带后，在战斗时就能进行超级进化的一种神奇超级石。,暴飛龍攜帶後，在戰鬥時就能進行超級進化的一種神奇超級石。,暴飛龍攜帶後，在戰鬥時就能進行超級進化的一種神奇超級石。
大针蜂进化石,大針蜂進化石,大针蜂携带后，在战斗时就能进行超级进化的一种神奇超级石。,大針蜂攜帶後，在戰鬥時就能進行超級進化的一種神奇超級石。,大針蜂攜帶後，在戰鬥時就能進行超級進化的一種神奇超級石。
陨石,隕石,在烟囱山上获得的陨石。持续散发着微光。摸上去隐约有点暖暖的。,在煙囪山上獲得的隕石。持續散發著微微光芒。摸起來有點暖暖的。,在煙囪山上獲得的隕石。持續散發著微光。摸上去隱約有點暖暖的。
陨石,隕石,在烟囱山上获得的陨石。上面浮现着某些花纹，并散发着七色光芒。,在煙囪山上獲得的隕石。上面浮現出某種花紋，並流瀉著七色光芒。,在煙囪山上獲得的隕石。上面浮現著某些花紋，並散發著七色光芒。
钥石,鑰石,蕴藏着未知力量的石头。能让携带着超级石战斗的宝可梦进行超级进化。,隱藏著未知力量的石頭。能讓攜帶著超級石戰鬥的寶可夢進行超級進化。,蘊藏著未知力量的石頭。能讓攜帶著超級石戰鬥的寶可夢進行超級進化。
陨石碎片,隕石碎片,掉落在石之洞窟里的陨石碎片之一。摸上去有一点点暖暖的。,掉落在石之洞窟裡的隕石碎片之一。摸起來有點暖暖的。,掉落在石之洞窟裡的隕石碎片之一。摸上去有一點點暖暖的。
无限之笛,無限之笛,无论身在何处，都能召唤拉帝欧斯或拉帝亚斯的笛子。,無論身在何處，都能召喚拉帝歐斯或拉帝亞斯的笛子。,無論身在何處，都能召喚拉帝歐斯或拉帝亞斯的笛子。
一般Ｚ,一般Ｚ,Ｚ力量的结晶。会将一般属性的招式升级成Ｚ招式。,Ｚ力量的結晶。會把一般屬性的招式升級為Ｚ招式。,Ｚ力量的結晶。會將一般屬性的招式升級成Ｚ招式。
火Ｚ,火Ｚ,Ｚ力量的结晶。会将火属性的招式升级成Ｚ招式。,Ｚ力量的結晶。會把火屬性的招式升級為Ｚ招式。,Ｚ力量的結晶。會將火屬性的招式升級成Ｚ招式。
水Ｚ,水Ｚ,Ｚ力量的结晶。会将水属性的招式升级成Ｚ招式。,Ｚ力量的結晶。會把水屬性的招式升級為Ｚ招式。,Ｚ力量的結晶。會將水屬性的招式升級成Ｚ招式。
电Ｚ,電Ｚ,Ｚ力量的结晶。会将电属性的招式升级成Ｚ招式。,Ｚ力量的結晶。會把電屬性的招式升級為Ｚ招式。,Ｚ力量的結晶。會將電屬性的招式升級成Ｚ招式。
草Ｚ,草Ｚ,Ｚ力量的结晶。会将草属性的招式升级成Ｚ招式。,Ｚ力量的結晶。會把草屬性的招式升級為Ｚ招式。,Ｚ力量的結晶。會將草屬性的招式升級成Ｚ招式。
冰Ｚ,冰Ｚ,Ｚ力量的结晶。会将冰属性的招式升级成Ｚ招式。,Ｚ力量的結晶。會把冰屬性的招式升級為Ｚ招式。,Ｚ力量的結晶。會將冰屬性的招式升級成Ｚ招式。
格斗Ｚ,格鬥Ｚ,Ｚ力量的结晶。会将格斗属性的招式升级成Ｚ招式。,Ｚ力量的結晶。會把格鬥屬性的招式升級為Ｚ招式。,Ｚ力量的結晶。會將格鬥屬性的招式升級成Ｚ招式。
毒Ｚ,毒Ｚ,Ｚ力量的结晶。会将毒属性的招式升级成Ｚ招式。,Ｚ力量的結晶。會把毒屬性的招式升級為Ｚ招式。,Ｚ力量的結晶。會將毒屬性的招式升級成Ｚ招式。
地面Ｚ,地面Ｚ,Ｚ力量的结晶。会将地面属性的招式升级成Ｚ招式。,Ｚ力量的結晶。會把地面屬性的招式升級為Ｚ招式。,Ｚ力量的結晶。會將地面屬性的招式升級成Ｚ招式。
飞行Ｚ,飛行Ｚ,Ｚ力量的结晶。会将飞行属性的招式升级成Ｚ招式。,Ｚ力量的結晶。會把飛行屬性的招式升級為Ｚ招式。,Ｚ力量的結晶。會將飛行屬性的招式升級成Ｚ招式。
超能力Ｚ,超能力Ｚ,Ｚ力量的结晶。会将超能力属性的招式升级成Ｚ招式。,Ｚ力量的結晶。會把超能力屬性的招式升級為Ｚ招式。,Ｚ力量的結晶。會將超能力屬性的招式升級成Ｚ招式。
虫Ｚ,蟲Ｚ,Ｚ力量的结晶。会将虫属性的招式升级成Ｚ招式。,Ｚ力量的結晶。會把蟲屬性的招式升級為Ｚ招式。,Ｚ力量的結晶。會將蟲屬性的招式升級成Ｚ招式。
岩石Ｚ,岩石Ｚ,Ｚ力量的结晶。会将岩石属性的招式升级成Ｚ招式。,Ｚ力量的結晶。會把岩石屬性的招式升級為Ｚ招式。,Ｚ力量的結晶。會將岩石屬性的招式升級成Ｚ招式。
幽灵Ｚ,幽靈Ｚ,Ｚ力量的结晶。会将幽灵属性的招式升级成Ｚ招式。,Ｚ力量的結晶。會把幽靈屬性的招式升級為Ｚ招式。,Ｚ力量的結晶。會將幽靈屬性的招式升級成Ｚ招式。
龙Ｚ,龍Ｚ,Ｚ力量的结晶。会将龙属性的招式升级成Ｚ招式。,Ｚ力量的結晶。會把龍屬性的招式升級為Ｚ招式。,Ｚ力量的結晶。會將龍屬性的招式升級成Ｚ招式。
恶Ｚ,惡Ｚ,Ｚ力量的结晶。会将恶属性的招式升级成Ｚ招式。,Ｚ力量的結晶。會把惡屬性的招式升級為Ｚ招式。,Ｚ力量的結晶。會將惡屬性的招式升級成Ｚ招式。
钢Ｚ,鋼Ｚ,Ｚ力量的结晶。会将钢属性的招式升级成Ｚ招式。,Ｚ力量的結晶。會把鋼屬性的招式升級為Ｚ招式。,Ｚ力量的結晶。會將鋼屬性的招式升級成Ｚ招式。
妖精Ｚ,妖精Ｚ,Ｚ力量的结晶。会将妖精属性的招式升级成Ｚ招式。,Ｚ力量的結晶。會把妖精屬性的招式升級為Ｚ招式。,Ｚ力量的結晶。會將妖精屬性的招式升級成Ｚ招式。
皮卡丘Ｚ,皮卡丘Ｚ,Ｚ力量的结晶。会将皮卡丘的伏特攻击升级成Ｚ招式。,Ｚ力量的結晶。會把皮卡丘的伏特攻擊升級為Ｚ招式。,Ｚ力量的結晶。會將皮卡丘的伏特攻擊升級成Ｚ招式。
银色王冠,銀色王冠,银色的美丽王冠。有些人收到它会很高兴。,銀色的美麗王冠。有些人收到它會很高興。,銀色的美麗王冠。有些人收到它會很高興。
金色王冠,金色王冠,金色的美丽王冠。比银色王冠珍贵。有些人收到它会很高兴。,金色的美麗王冠。比銀色王冠更珍貴。有些人收到它會很高興。,金色的美麗王冠。比銀色王冠珍貴。有些人收到它會很高興。
Ｚ手环,Ｚ手環,通过使用训练家的气力和体力来让宝可梦释放出Ｚ力量的神奇手环。,透過使用訓練家的氣力和體力來讓寶可夢釋放出Ｚ力量的神奇手環。,通過使用訓練家的氣力和體力來讓寶可夢釋放出Ｚ力量的神奇手環。
狙射树枭Ｚ,狙射樹梟Ｚ,Ｚ力量的结晶。会将狙射树枭的缝影升级成Ｚ招式。,Ｚ力量的結晶。會把狙射樹梟的縫影升級為Ｚ招式。,Ｚ力量的結晶。會將狙射樹梟的縫影升級成Ｚ招式。
炽焰咆哮虎Ｚ,熾焰咆哮虎Ｚ,Ｚ力量的结晶。会将炽焰咆哮虎的ＤＤ金勾臂升级成Ｚ招式。,Ｚ力量的結晶。會把熾焰咆哮虎的ＤＤ金勾臂升級為Ｚ招式。,Ｚ力量的結晶。會將熾焰咆哮虎的ＤＤ金勾臂升級成Ｚ招式。
西狮海壬Ｚ,西獅海壬Ｚ,Ｚ力量的结晶。会将西狮海壬的泡影的咏叹调升级成Ｚ招式。,Ｚ力量的結晶。會把西獅海壬的泡影的詠歎調升級為Ｚ招式。,Ｚ力量的結晶。會將西獅海壬的泡影的詠嘆調升級成Ｚ招式。
卡璞Ｚ,卡璞Ｚ,Ｚ力量的结晶。会将卡璞们的自然之怒升级成Ｚ招式。,Ｚ力量的結晶。會把卡璞們的自然之怒升級為Ｚ招式。,Ｚ力量的結晶。會將卡璞們的自然之怒升級成Ｚ招式。
玛夏多Ｚ,瑪夏多Ｚ,Ｚ力量的结晶。会将玛夏多的暗影偷盗升级成Ｚ招式。,Ｚ力量的結晶。會把瑪夏多的暗影偷盜升級為Ｚ招式。,Ｚ力量的結晶。會將瑪夏多的暗影偷盜升級成Ｚ招式。
阿罗雷Ｚ,阿羅雷Ｚ,Ｚ力量的结晶。会将阿罗拉地区雷丘的十万伏特升级成Ｚ招式。,Ｚ力量的結晶。會把阿羅拉地區雷丘的十萬伏特升級為Ｚ招式。,Ｚ力量的結晶。會將阿羅拉地區雷丘的十萬伏特升級成Ｚ招式。
卡比兽Ｚ,卡比獸Ｚ,Ｚ力量的结晶。会将卡比兽的终极冲击升级成Ｚ招式。,Ｚ力量的結晶。會把卡比獸的終極衝擊升級為Ｚ招式。,Ｚ力量的結晶。會將卡比獸的終極衝擊升級成Ｚ招式。
伊布Ｚ,伊布Ｚ,Ｚ力量的结晶。会将伊布的珍藏升级成Ｚ招式。,Ｚ力量的結晶。會把伊布的珍藏升級為Ｚ招式。,Ｚ力量的結晶。會將伊布的珍藏升級成Ｚ招式。
梦幻Ｚ,夢幻Ｚ,Ｚ力量的结晶。会将梦幻的精神强念升级成Ｚ招式。,Ｚ力量的結晶。會把夢幻的精神強念升級為Ｚ招式。,Ｚ力量的結晶。會將夢幻的精神強念升級成Ｚ招式。
一般Ｚ,一般Ｚ,可用它来制造用于对战并能将一般属性招式升级成Ｚ招式的Ｚ力量结晶。,會製造出把一般屬性招式升級為Ｚ招式的Ｚ力量結晶。,可用它來製造用於對戰並能將一般屬性招式升級成Ｚ招式的Ｚ力量結晶。
火Ｚ,火Ｚ,可用它来制造用于对战并能将火属性招式升级成Ｚ招式的Ｚ力量结晶。,會製造出把火屬性招式升級為Ｚ招式的Ｚ力量結晶。,可用它來製造用於對戰並能將火屬性招式升級成Ｚ招式的Ｚ力量結晶。
水Ｚ,水Ｚ,可用它来制造用于对战并能将水属性招式升级成Ｚ招式的Ｚ力量结晶。,會製造出把水屬性招式升級為Ｚ招式的Ｚ力量結晶。,可用它來製造用於對戰並能將水屬性招式升級成Ｚ招式的Ｚ力量結晶。
电Ｚ,電Ｚ,可用它来制造用于对战并能将电属性招式升级成Ｚ招式的Ｚ力量结晶。,會製造出把電屬性招式升級為Ｚ招式的Ｚ力量結晶。,可用它來製造用於對戰並能將電屬性招式升級成Ｚ招式的Ｚ力量結晶。
草Ｚ,草Ｚ,可用它来制造用于对战并能将草属性招式升级成Ｚ招式的Ｚ力量结晶。,會製造出把草屬性招式升級為Ｚ招式的Ｚ力量結晶。,可用它來製造用於對戰並能將草屬性招式升級成Ｚ招式的Ｚ力量結晶。
冰Ｚ,冰Ｚ,可用它来制造用于对战并能将冰属性招式升级成Ｚ招式的Ｚ力量结晶。,會製造出把冰屬性招式升級為Ｚ招式的Ｚ力量結晶。,可用它來製造用於對戰並能將冰屬性招式升級成Ｚ招式的Ｚ力量結晶。
格斗Ｚ,格鬥Ｚ,可用它来制造用于对战并能将格斗属性招式升级成Ｚ招式的Ｚ力量结晶。,會製造出把格鬥屬性招式升級為Ｚ招式的Ｚ力量結晶。,可用它來製造用於對戰並能將格鬥屬性招式升級成Ｚ招式的Ｚ力量結晶。
毒Ｚ,毒Ｚ,可用它来制造用于对战并能将毒属性招式升级成Ｚ招式的Ｚ力量结晶。,會製造出把毒屬性招式升級為Ｚ招式的Ｚ力量結晶。,可用它來製造用於對戰並能將毒屬性招式升級成Ｚ招式的Ｚ力量結晶。
地面Ｚ,地面Ｚ,可用它来制造用于对战并能将地面属性招式升级成Ｚ招式的Ｚ力量结晶。,會製造出把地面屬性招式升級為Ｚ招式的Ｚ力量結晶。,可用它來製造用於對戰並能將地面屬性招式升級成Ｚ招式的Ｚ力量結晶。
飞行Ｚ,飛行Ｚ,可用它来制造用于对战并能将飞行属性招式升级成Ｚ招式的Ｚ力量结晶。,會製造出把飛行屬性招式升級為Ｚ招式的Ｚ力量結晶。,可用它來製造用於對戰並能將飛行屬性招式升級成Ｚ招式的Ｚ力量結晶。
超能力Ｚ,超能力Ｚ,可用它来制造用于对战并能将超能力属性招式升级成Ｚ招式的Ｚ力量结晶。,會製造出把超能力屬性招式升級為Ｚ招式的Ｚ力量結晶。,可用它來製造用於對戰並能將超能力屬性招式升級成Ｚ招式的Ｚ力量結晶。
虫Ｚ,蟲Ｚ,可用它来制造用于对战并能将虫属性招式升级成Ｚ招式的Ｚ力量结晶。,會製造出把蟲屬性招式升級為Ｚ招式的Ｚ力量結晶。,可用它來製造用於對戰並能將蟲屬性招式升級成Ｚ招式的Ｚ力量結晶。
岩石Ｚ,岩石Ｚ,可用它来制造用于对战并能将岩石属性招式升级成Ｚ招式的Ｚ力量结晶。,會製造出把岩石屬性招式升級為Ｚ招式的Ｚ力量結晶。,可用它來製造用於對戰並能將岩石屬性招式升級成Ｚ招式的Ｚ力量結晶。
幽灵Ｚ,幽靈Ｚ,可用它来制造用于对战并能将幽灵属性招式升级成Ｚ招式的Ｚ力量结晶。,會製造出把幽靈屬性招式升級為Ｚ招式的Ｚ力量結晶。,可用它來製造用於對戰並能將幽靈屬性招式升級成Ｚ招式的Ｚ力量結晶。
龙Ｚ,龍Ｚ,可用它来制造用于对战并能将龙属性招式升级成Ｚ招式的Ｚ力量结晶。,會製造出把龍屬性招式升級為Ｚ招式的Ｚ力量結晶。,可用它來製造用於對戰並能將龍屬性招式升級成Ｚ招式的Ｚ力量結晶。
恶Ｚ,惡Ｚ,可用它来制造用于对战并能将恶属性招式升级成Ｚ招式的Ｚ力量结晶。,會製造出把惡屬性招式升級為Ｚ招式的Ｚ力量結晶。,可用它來製造用於對戰並能將惡屬性招式升級成Ｚ招式的Ｚ力量結晶。
钢Ｚ,鋼Ｚ,可用它来制造用于对战并能将钢属性招式升级成Ｚ招式的Ｚ力量结晶。,會製造出把鋼屬性招式升級為Ｚ招式的Ｚ力量結晶。,可用它來製造用於對戰並能將鋼屬性招式升級成Ｚ招式的Ｚ力量結晶。
妖精Ｚ,妖精Ｚ,可用它来制造用于对战并能将妖精属性招式升级成Ｚ招式的Ｚ力量结晶。,會製造出把妖精屬性招式升級為Ｚ招式的Ｚ力量結晶。,可用它來製造用於對戰並能將妖精屬性招式升級成Ｚ招式的Ｚ力量結晶。
皮卡丘Ｚ,皮卡丘Ｚ,可用它来制造用于对战并能将皮卡丘的伏特攻击升级成特殊Ｚ招式的Ｚ力量结晶。,會製造出把皮卡丘的伏特攻擊升級為特殊Ｚ招式的Ｚ力量結晶。,可用它來製造用於對戰並能將皮卡丘的伏特攻擊升級成特殊Ｚ招式的Ｚ力量結晶。
狙射树枭Ｚ,狙射樹梟Ｚ,可用它来制造用于对战并能将狙射树枭的缝影升级成特殊Ｚ招式的Ｚ力量结晶。,會製造出把狙射樹梟的縫影升級為特殊Ｚ招式的Ｚ力量結晶。,可用它來製造用於對戰並能將狙射樹梟的縫影升級成特殊Ｚ招式的Ｚ力量結晶。
炽焰咆哮虎Ｚ,熾焰咆哮虎Ｚ,可用它来制造用于对战并能将炽焰咆哮虎的ＤＤ金勾臂升级成特殊Ｚ招式的Ｚ力量结晶。,會製造出把熾焰咆哮虎的ＤＤ金勾臂升級為特殊Ｚ招式的Ｚ力量結晶。,可用它來製造用於對戰並能將熾焰咆哮虎的ＤＤ金勾臂升級成特殊Ｚ招式的Ｚ力量結晶。
西狮海壬Ｚ,西獅海壬Ｚ,可用它来制造用于对战并能将西狮海壬的泡影的咏叹调升级成特殊Ｚ招式的Ｚ力量结晶。,會製造出把西獅海壬的泡影的詠歎調升級為特殊Ｚ招式的Ｚ力量結晶。,可用它來製造用於對戰並能將西獅海壬的泡影的詠嘆調升級成特殊Ｚ招式的Ｚ力量結晶。
卡璞Ｚ,卡璞Ｚ,可用它来制造用于对战并能将卡璞们的自然之怒升级成特殊Ｚ招式的Ｚ力量结晶。,會製造出把卡璞們的自然之怒升級為特殊Ｚ招式的Ｚ力量結晶。,可用它來製造用於對戰並能將卡璞們的自然之怒升級成特殊Ｚ招式的Ｚ力量結晶。
玛夏多Ｚ,瑪夏多Ｚ,可用它来制造用于对战并能将玛夏多的暗影偷盗升级成特殊Ｚ招式的Ｚ力量结晶。,會製造出把瑪夏多的暗影偷盜升級為特殊Ｚ招式的Ｚ力量結晶。,可用它來製造用於對戰並能將瑪夏多的暗影偷盜升級成特殊Ｚ招式的Ｚ力量結晶。
阿罗雷Ｚ,阿羅雷Ｚ,可用它来制造用于对战并能将阿罗拉地区雷丘的十万伏特升级成特殊Ｚ招式的Ｚ力量结晶。,會製造出把阿羅拉地區雷丘的十萬伏特升級為特殊Ｚ招式的Ｚ力量結晶。,可用它來製造用於對戰並能將阿羅拉地區雷丘的十萬伏特升級成特殊Ｚ招式的Ｚ力量結晶。
卡比兽Ｚ,卡比獸Ｚ,可用它来制造用于对战并能将卡比兽的终极冲击升级成特殊Ｚ招式的Ｚ力量结晶。,會製造出把卡比獸的終極衝擊升級為特殊Ｚ招式的Ｚ力量結晶。,可用它來製造用於對戰並能將卡比獸的終極衝擊升級成特殊Ｚ招式的Ｚ力量結晶。
伊布Ｚ,伊布Ｚ,可用它来制造用于对战并能将伊布的珍藏升级成特殊Ｚ招式的Ｚ力量结晶。,會製造出把伊布的珍藏升級為特殊Ｚ招式的Ｚ力量結晶。,可用它來製造用於對戰並能將伊布的珍藏升級成特殊Ｚ招式的Ｚ力量結晶。
梦幻Ｚ,夢幻Ｚ,可用它来制造用于对战并能将梦幻的精神强念升级成特殊Ｚ招式的Ｚ力量结晶。,會製造出把夢幻的精神強念升級為特殊Ｚ招式的Ｚ力量結晶。,可用它來製造用於對戰並能將夢幻的精神強念升級成特殊Ｚ招式的Ｚ力量結晶。
智皮卡Ｚ,智皮卡Ｚ,可用它来制造用于对战并能将戴着帽子的皮卡丘的十万伏特升级成特殊Ｚ招式的Ｚ力量结晶。,會製造出把戴著帽子的皮卡丘的十萬伏特升級為特殊Ｚ招式的Ｚ力量結晶。,可用它來製造用於對戰並能將戴著帽子的皮卡丘的十萬伏特升級成特殊Ｚ招式的Ｚ力量結晶。
智皮卡Ｚ,智皮卡Ｚ,Ｚ力量的结晶。会将戴着帽子的皮卡丘的十万伏特升级成Ｚ招式。,Ｚ力量的結晶。會把戴著帽子的皮卡丘的十萬伏特升級為Ｚ招式。,Ｚ力量的結晶。會將戴著帽子的皮卡丘的十萬伏特升級成Ｚ招式。
材料袋,材料袋,将丛林里收集到的材料装在一起的袋子。在玛奥的考验中使用。,把叢林裡收集到的材料放在一起的袋子。會在瑪奧的考驗中使用。,將叢林裡收集到的材料裝在一起的袋子。在瑪奧的考驗中使用。
钓竿,釣竿,水莲队长制作的钓竿。如果向着岩石阴影那边使用，就能钓到宝可梦。,水蓮隊長製作的釣竿。如果向著岩石陰影那邊使用，就可以釣到寶可夢。,水蓮隊長製作的釣竿。如果向著岩石陰影那邊使用，就能釣到寶可夢。
博士的面罩,博士的面罩,皇家蒙面人的面罩。好像是职业摔角手自己用缝纫机缝制的。,皇家蒙面人的面罩。好像是職業摔角手自己用縫紉機縫製的。,皇家蒙面人的面罩。好像是職業摔角手自己用縫紉機縫製的。
圆庆票,圓慶票,可以在圆庆广场开启游乐项目。,可以在圓慶廣場開啟遊樂項目。,可以在圓慶廣場開啟遊樂項目。
光辉石,光輝石,从被认为是阿罗拉守护神的宝可梦那里得到的石头。据说其光辉下有着某种秘密。,從被認為是阿羅拉守護神的寶可夢處得到的石頭。據說其光輝包含著某種秘密。,從被認為是阿羅拉守護神的寶可夢那裡得到的石頭。據說其光輝下有著某種秘密。
胆怯球,膽怯球,使用后会容易呼唤伙伴，但使用后会消失。携带后，在受到威吓时速度会提高。,使用後，野生寶可夢會較常呼喚夥伴。攜帶後，受到威嚇時速度會提高。效果發動後會消失。,使用後會容易呼喚夥伴，但使用後會消失。攜帶後，在受到威嚇時速度會提高。
基格尔德多面体,基格爾德多面體,用于收集宝可梦基格尔德的核心和细胞的道具。还可以教基格尔德招式。,用於收集寶可夢基格爾德的核心和細胞的道具。也可以教基格爾德招式。,用於收集寶可夢基格爾德的核心和細胞的道具。還可以教基格爾德招式。
冰之石,冰之石,能让某些特定宝可梦进化的神奇石头。有着雪花般的花纹。,能讓特定寶可夢進化的神奇石頭。有著雪花般的花紋。,能讓某些特定寶可夢進化的神奇石頭。有著雪花般的花紋。
骑行装置,騎行裝置,通过输入编号，瞬间召唤与编号对应的坐骑宝可梦的道具。,透過輸入編號，瞬間叫出與編號對應的坐騎寶可夢的道具。,通過輸入編號，瞬間召喚與編號對應的坐騎寶可夢的道具。
究极球,究極球,为捕捉究极异兽而制作的特殊精灵球。很难捕捉究极异兽之外的宝可梦。,為捕捉究極異獸而製作的特殊精靈球。很難捕捉究極異獸之外的寶可夢。,為捕捉究極異獸而製作的特殊精靈球。很難捕捉究極異獸之外的寶可夢。
大马拉萨达,大馬拉薩達,阿罗拉特产的油炸面包。能治愈１只宝可梦的所有异常状态。,阿羅拉特產的油炸麵包。能治癒１隻寶可夢的所有異常狀態。,阿羅拉特產的油炸麵包。能治癒１只寶可夢的所有異常狀態。
朱红色花蜜,朱紅色花蜜,在乌拉乌拉花园里获得的花蜜。可以改变特定宝可梦的样子。,在烏拉烏拉花園裡獲得的花蜜。可以改變特定寶可夢的樣子。,在烏拉烏拉花園裡獲得的花蜜。可以改變特定寶可夢的樣子。
金黄色花蜜,金黃色花蜜,在美乐美乐花园里获得的花蜜。可以改变特定宝可梦的样子。,在美樂美樂花園裡獲得的花蜜。可以改變特定寶可夢的樣子。,在美樂美樂花園裡獲得的花蜜。可以改變特定寶可夢的樣子。
桃粉色花蜜,桃粉色花蜜,在皇家大道的花园里获得的花蜜。可以改变特定宝可梦的样子。,在皇家大道的花壇裡獲得的花蜜。可以改變特定寶可夢的樣子。,在皇家大道的花園裡獲得的花蜜。可以改變特定寶可夢的樣子。
兰紫色花蜜,蘭紫色花蜜,在波尼花园里获得的花蜜。可以改变特定宝可梦的样子。,在波尼花園裡獲得的花蜜。可以改變特定寶可夢的樣子。,在波尼花園裡獲得的花蜜。可以改變特定寶可夢的樣子。
太阳之笛,太陽之笛,为了对太阳的传说的宝可梦表达感激之情，据说会用它来献上美乐。,為了對太陽的傳說的寶可夢表達感激之情，據說會用牠來獻上美樂。,為了對太陽的傳說的寶可夢錶達感激之情，據說會用它來獻上美樂。
月亮之笛,月亮之笛,为了对月亮的传说的宝可梦表达感激之情，据说会用它来献上美乐。,為了對月亮的傳說的寶可夢表達感激之情，據說會用牠來獻上美樂。,為了對月亮的傳說的寶可夢錶達感激之情，據說會用它來獻上美樂。
奇异卡片,奇異卡片,上面写有“在阿卡拉岛８号道路的汽车旅馆客房里等”的谜之卡片。,上面寫有「在阿卡拉島８號道路的汽車旅館客房裡等」的謎之卡片。,上面寫有「在阿卡拉島８號道路的汽車旅館客房裡等」的謎之卡片。
大地膜,大地膜,当携带它的宝可梦利用招式或特性展开场地时，场地的持续时间会比平时更长。,當攜帶它的寶可夢透過招式或特性展開場地時，場地的持續時間會比平時更長。,當攜帶它的寶可夢利用招式或特性展開場地時，場地的持續時間會比平時更長。
部位护具,部位護具,不会受到触碰攻击对手时本应受到的效果。,觸碰要攻擊的對手時，不會受到本應受到的效果。,不會受到觸碰攻擊對手時本應受到的效果。
电气种子,電氣種子,让宝可梦携带后，在电气场地上使用，防御就会提高。,讓寶可夢攜帶後，在電氣場地上使用，就會提高防禦。,讓寶可夢攜帶後，在電氣場地上使用，防禦就會提高。
精神种子,精神種子,让宝可梦携带后，在精神场地上使用，特防就会提高。,讓寶可夢攜帶後，在精神場地上使用，就會提高特防。,讓寶可夢攜帶後，在精神場地上使用，特防就會提高。
薄雾种子,薄霧種子,让宝可梦携带后，在薄雾场地上使用，特防就会提高。,讓寶可夢攜帶後，在薄霧場地上使用，就會提高特防。,讓寶可夢攜帶後，在薄霧場地上使用，特防就會提高。
青草种子,青草種子,让宝可梦携带后，在青草场地上使用，防御就会提高。,讓寶可夢攜帶後，在青草場地上使用，就會提高防禦。,讓寶可夢攜帶後，在青草場地上使用，防禦就會提高。
战斗存储碟,戰鬥記憶碟,装有格斗属性数据的存储碟。特定宝可梦携带后，属性就会发生变化。,裝有格鬥屬性資料的記憶碟。特定寶可夢攜帶後，就會產生屬性的變化。,裝有格鬥屬性資料的記憶碟。特定寶可夢攜帶後，屬性就會發生變化。
飞翔存储碟,飛翔記憶碟,装有飞行属性数据的存储碟。特定宝可梦携带后，属性就会发生变化。,裝有飛行屬性資料的記憶碟。特定寶可夢攜帶後，就會產生屬性的變化。,裝有飛行屬性資料的記憶碟。特定寶可夢攜帶後，屬性就會發生變化。
毒存储碟,毒記憶碟,装有毒属性数据的存储碟。特定宝可梦携带后，属性就会发生变化。,裝有毒屬性資料的記憶碟。特定寶可夢攜帶後，就會產生屬性的變化。,裝有毒屬性資料的記憶碟。特定寶可夢攜帶後，屬性就會發生變化。
大地存储碟,大地記憶碟,装有地面属性数据的存储碟。特定宝可梦携带后，属性就会发生变化。,裝有地面屬性資料的記憶碟。特定寶可夢攜帶後，就會產生屬性的變化。,裝有地面屬性資料的記憶碟。特定寶可夢攜帶後，屬性就會發生變化。
岩石存储碟,岩石記憶碟,装有岩石属性数据的存储碟。特定宝可梦携带后，属性就会发生变化。,裝有岩石屬性資料的記憶碟。特定寶可夢攜帶後，就會產生屬性的變化。,裝有岩石屬性資料的記憶碟。特定寶可夢攜帶後，屬性就會發生變化。
虫子存储碟,蟲子記憶碟,装有虫属性数据的存储碟。特定宝可梦携带后，属性就会发生变化。,裝有蟲屬性資料的記憶碟。特定寶可夢攜帶後，就會產生屬性的變化。,裝有蟲屬性資料的記憶碟。特定寶可夢攜帶後，屬性就會發生變化。
幽灵存储碟,幽靈記憶碟,装有幽灵属性数据的存储碟。特定宝可梦携带后，属性就会发生变化。,裝有幽靈屬性資料的記憶碟。特定寶可夢攜帶後，就會產生屬性的變化。,裝有幽靈屬性資料的記憶碟。特定寶可夢攜帶後，屬性就會發生變化。
钢铁存储碟,鋼鐵記憶碟,装有钢属性数据的存储碟。特定宝可梦携带后，属性就会发生变化。,裝有鋼屬性資料的記憶碟。特定寶可夢攜帶後，就會產生屬性的變化。,裝有鋼屬性資料的記憶碟。特定寶可夢攜帶後，屬性就會發生變化。
火焰存储碟,火焰記憶碟,装有火属性数据的存储碟。特定宝可梦携带后，属性就会发生变化。,裝有火屬性資料的記憶碟。特定寶可夢攜帶後，就會產生屬性的變化。,裝有火屬性資料的記憶碟。特定寶可夢攜帶後，屬性就會發生變化。
清水存储碟,清水記憶碟,装有水属性数据的存储碟。特定宝可梦携带后，属性就会发生变化。,裝有水屬性資料的記憶碟。特定寶可夢攜帶後，就會產生屬性的變化。,裝有水屬性資料的記憶碟。特定寶可夢攜帶後，屬性就會發生變化。
青草存储碟,青草記憶碟,装有草属性数据的存储碟。特定宝可梦携带后，属性就会发生变化。,裝有草屬性資料的記憶碟。特定寶可夢攜帶後，就會產生屬性的變化。,裝有草屬性資料的記憶碟。特定寶可夢攜帶後，屬性就會發生變化。
电子存储碟,電子記憶碟,装有电属性数据的存储碟。特定宝可梦携带后，属性就会发生变化。,裝有電屬性資料的記憶碟。特定寶可夢攜帶後，就會產生屬性的變化。,裝有電屬性資料的記憶碟。特定寶可夢攜帶後，屬性就會發生變化。
精神存储碟,精神記憶碟,装有超能力属性数据的存储碟。特定宝可梦携带后，属性就会发生变化。,裝有超能力屬性資料的記憶碟。特定寶可夢攜帶後，就會產生屬性的變化。,裝有超能力屬性資料的記憶碟。特定寶可夢攜帶後，屬性就會發生變化。
冰雪存储碟,冰雪記憶碟,装有冰属性数据的存储碟。特定宝可梦携带后，属性就会发生变化。,裝有冰屬性資料的記憶碟。特定寶可夢攜帶後，就會產生屬性的變化。,裝有冰屬性資料的記憶碟。特定寶可夢攜帶後，屬性就會發生變化。
龙存储碟,龍記憶碟,装有龙属性数据的存储碟。特定宝可梦携带后，属性就会发生变化。,裝有龍屬性資料的記憶碟。特定寶可夢攜帶後，就會產生屬性的變化。,裝有龍屬性資料的記憶碟。特定寶可夢攜帶後，屬性就會發生變化。
黑暗存储碟,黑暗記憶碟,装有恶属性数据的存储碟。特定宝可梦携带后，属性就会发生变化。,裝有惡屬性資料的記憶碟。特定寶可夢攜帶後，就會產生屬性的變化。,裝有惡屬性資料的記憶碟。特定寶可夢攜帶後，屬性就會發生變化。
妖精存储碟,妖精記憶碟,装有妖精属性数据的存储碟。特定宝可梦携带后，属性就会发生变化。,裝有妖精屬性資料的記憶碟。特定寶可夢攜帶後，就會產生屬性的變化。,裝有妖精屬性資料的記憶碟。特定寶可夢攜帶後，屬性就會發生變化。