Master Ball,マスターボール,大师球,大師球,掌门球,掌門球,大师球,大師球
Ultra Ball,ハイパーボール,高级球,高級球,高级球,高級球,高级球,高級球
Great Ball,スーパーボール,超级球,超級球,超级球,超級球,超级球,超級球
Poké Ball,モンスターボール,精灵球,精靈球,神奇宝贝球,神奇寶貝球,精灵球,精靈球
Safari Ball,サファリボール,狩猎球,狩獵球,狩猎球,狩獵球,狩猎球,狩獵球
Net Ball,ネットボール,捕网球,捕網球,网纹球,網紋球,捕网球,捕網球
Dive Ball,ダイブボール,潜水球,潛水球,潜水球,潛水球,潜水球,潛水球
Nest Ball,ネストボール,巢穴球,巢穴球,巢穴球,巢穴球,巢穴球,巢穴球
Repeat Ball,リピートボール,重复球,重複球,重复球,重複球,重复球,重複球
Timer Ball,タイマーボール,计时球,計時球,计时球,計時球,计时球,計時球
Luxury Ball,ゴージャスボール,豪华球,豪華球,华丽球,華麗球,豪华球,豪華球
Premier Ball,プレミアボール,纪念球,紀念球,首席球,首席球,纪念球,紀念球
Dusk Ball,ダークボール,黑暗球,黑暗球,黑暗球,黑暗球,黑暗球,黑暗球
Heal Ball,ヒールボール,治愈球,治癒球,治愈球,治癒球,治愈球,治癒球
Quick Ball,クイックボール,先机球,先機球,超速球,超速球,先机球,先機球
Cherish Ball,プレシャスボール,贵重球,貴重球,珍贵球,珍貴球,贵重球,貴重球
Potion,キズぐすり,伤药,傷藥,药水,藥水,伤药,傷藥
Antidote,どくけし,解毒药,解毒藥,解毒剂,解毒劑,解毒药,解毒藥
Burn Heal,やけどなおし,灼伤药,灼傷藥,灼伤药,灼傷藥,灼伤药,灼傷藥
Ice Heal,こおりなおし,解冻药,解凍藥,解冻药,解凍藥,解冻药,解凍藥
Awakening,ねむけざまし,解眠药,解眠藥,解眠药,解眠藥,解眠药,解眠藥
Paralyze Heal,まひなおし,解麻药,解麻藥,解麻药,解麻藥,解麻药,解麻藥
Full Restore,かいふくのくすり,全复药,全復藥,回复药水,回復藥水,全复药,全復藥
Max Potion,まんたんのくすり,全满药,全滿藥,全满药水,全滿藥水,全满药,全滿藥
Hyper Potion,すごいキズぐすり,厉害伤药,厲害傷藥,超高级药水,超高級藥水,厉害伤药,厲害傷藥
Super Potion,いいキズぐすり,好伤药,好傷藥,超级药水,超級藥水,好伤药,好傷藥
Full Heal,なんでもなおし,万灵药,萬靈藥,万能药,萬能藥,万灵药,萬靈藥
Revive,げんきのかけら,活力碎片,活力碎片,更生剂,更生劑,活力碎片,活力碎片
Max Revive,げんきのかたまり,活力块,活力塊,特级更生剂,特級更生劑,活力块,活力塊
Fresh Water,おいしいみず,美味之水,美味之水,美味之水,美味之水,美味之水,美味之水
Soda Pop,サイコソーダ,劲爽汽水,勁爽汽水,塞可汽水,塞可汽水,劲爽汽水,勁爽汽水
Lemonade,ミックスオレ,果汁牛奶,果汁牛奶,综合调味乳,綜合調味乳,果汁牛奶,果汁牛奶
Moomoo Milk,モーモーミルク,哞哞鲜奶,哞哞鮮奶,摩摩牛奶,摩摩牛奶,哞哞鲜奶,哞哞鮮奶
Energy Powder,ちからのこな,元气粉,元氣粉,元气之粉,元氣之粉,元气粉,元氣粉
Energy Root,ちからのねっこ,元气根,元氣根,元气之根,元氣之根,元气根,元氣根
Heal Powder,ばんのうごな,万能粉,萬能粉,万能之粉,萬能之粉,万能粉,萬能粉
Revival Herb,ふっかつそう,复活草,復活草,复活之草,復活之草,复活草,復活草
Ether,ピーピーエイド,ＰＰ单项小补剂,ＰＰ單項小補劑,PP小补剂,PP小補劑,ＰＰ单项小补剂,ＰＰ單項小補劑
Max Ether,ピーピーリカバー,ＰＰ单项全补剂,ＰＰ單項全補劑,PP单补剂,PP單補劑,ＰＰ单项全补剂,ＰＰ單項全補劑
Elixir,ピーピーエイダー,ＰＰ多项小补剂,ＰＰ多項小補劑,PP大补剂,PP大補劑,ＰＰ多项小补剂,ＰＰ多項小補劑
Max Elixir,ピーピーマックス,ＰＰ多项全补剂,ＰＰ多項全補劑,PP全补剂,PP全補劑,ＰＰ多项全补剂,ＰＰ多項全補劑
Lava Cookie,フエンせんべい,釜炎仙贝,釜炎仙貝,釜炎仙贝,釜炎仙貝,釜炎仙贝,釜炎仙貝
Berry Juice,きのみジュース,树果汁,樹果汁,树果汁,樹果汁,树果汁,樹果汁
Sacred Ash,せいなるはい,圣灰,聖灰,神圣之灰,神聖之灰,圣灰,聖灰
HP Up,マックスアップ,ＨＰ增强剂,ＨＰ增強劑,HP提升剂,HP提升劑,ＨＰ增强剂,ＨＰ增強劑
Protein,タウリン,攻击增强剂,攻擊增強劑,攻击牛磺剂,攻擊牛磺劑,攻击增强剂,攻擊增強劑
Iron,ブロムヘキシン,防御增强剂,防禦增強劑,防御提升剂,防禦提升劑,防御增强剂,防禦增強劑
Carbos,インドメタシン,速度增强剂,速度增強劑,效果防护剂,效果防護劑,速度增强剂,速度增強劑
Calcium,リゾチウム,特攻增强剂,特攻增強劑,特攻增加剂,特攻增加劑,特攻增强剂,特攻增強劑
Rare Candy,ふしぎなアメ,神奇糖果,神奇糖果,神奇糖果,神奇糖果,神奇糖果,神奇糖果
PP Up,ポイントアップ,ＰＰ提升剂,ＰＰ提升劑,PP提升剂,PP提升劑,ＰＰ提升剂,ＰＰ提升劑
Zinc,キトサン,特防增强剂,特防增強劑,特防甲壳剂,特防甲殼劑,特防增强剂,特防增強劑
PP Max,ポイントマックス,ＰＰ极限提升剂,ＰＰ極限提升劑,PP增加剂,PP增加劑,ＰＰ极限提升剂,ＰＰ極限提升劑
Old Gateau,もりのヨウカン,森之羊羹,森之羊羹,森之羊羹,森之羊羹,森之羊羹,森之羊羹
Guard Spec.,エフェクトガード,能力防守,能力防守,防御效果,防禦效果,防御效果,防禦效果
Dire Hit,クリティカット,要害攻击,要害攻擊,要害攻击,要害攻擊,要害攻击,要害攻擊
X Attack,プラスパワー,力量强化,力量強化,力量增强,力量增強,力量增强,力量增強
X Defense,ディフェンダー,防御强化,防禦強化,伤害预防,傷害預防,伤害预防,傷害預防
X Speed,スピーダー,速度强化,速度強化,速度增加,速度增加,速度增加,速度增加
X Accuracy,ヨクアタール,命中强化,命中強化,命中加强,命中加強,命中强化,命中強化
X Sp. Atk,スペシャルアップ,特攻强化,特攻強化,特殊增强,特殊增強,特殊增强,特殊增強
X Sp. Def,スペシャルガード,特防强化,特防強化,特防强化,特防強化,特防强化,特防強化
Poké Doll,ピッピにんぎょう,皮皮玩偶,皮皮玩偶,皮皮玩偶,皮皮玩偶,皮皮玩偶,皮皮玩偶
Fluffy Tail,エネコのシッポ,向尾喵的尾巴,向尾喵的尾巴,向尾喵的尾巴,向尾喵的尾巴,向尾喵的尾巴,向尾喵的尾巴
Blue Flute,あおいビードロ,蓝色玻璃哨,藍色玻璃哨,蓝色哨子,藍色哨子,蓝色玻璃哨,藍色玻璃哨
Yellow Flute,きいろビードロ,黄色玻璃哨,黃色玻璃哨,黄色哨子,黃色哨子,黄色玻璃哨,黃色玻璃哨
Red Flute,あかいビードロ,红色玻璃哨,紅色玻璃哨,红色哨子,紅色哨子,红色玻璃哨,紅色玻璃哨
Black Flute,くろいビードロ,黑色玻璃哨,黑色玻璃哨,黑色哨子,黑色哨子,黑色玻璃哨,黑色玻璃哨
White Flute,しろいビードロ,白色玻璃哨,白色玻璃哨,白色哨子,白色哨子,白色玻璃哨,白色玻璃哨
Shoal Salt,あさせのしお,浅滩海盐,淺灘海鹽,浅滩海盐,淺灘海鹽,浅滩海盐,淺灘海鹽
Shoal Shell,あさせのかいがら,浅滩贝壳,淺灘貝殼,浅滩贝壳,淺灘貝殼,浅滩贝壳,淺灘貝殼
Red Shard,あかいかけら,红色碎片,紅色碎片,红色碎片,紅色碎片,红色碎片,紅色碎片
Blue Shard,あおいかけら,蓝色碎片,藍色碎片,蓝色碎片,藍色碎片,蓝色碎片,藍色碎片
Yellow Shard,きいろいかけら,黄色碎片,黃色碎片,黄色碎片,黃色碎片,黄色碎片,黃色碎片
Green Shard,みどりのかけら,绿色碎片,綠色碎片,绿色碎片,綠色碎片,绿色碎片,綠色碎片
Super Repel,シルバースプレー,白银喷雾,白銀噴霧,白银喷雾器,白銀噴霧器,白银喷雾,白銀噴霧
Max Repel,ゴールドスプレー,黄金喷雾,黃金噴霧,黄金喷雾器,黃金噴霧器,黄金喷雾,黃金噴霧
Escape Rope,あなぬけのヒモ,离洞绳,離洞繩,脱离洞穴的绳子,脫離洞穴的繩子,离洞绳,離洞繩
Repel,むしよけスプレー,除虫喷雾,除蟲噴霧,除虫喷雾器,除蟲噴霧器,除虫喷雾,除蟲噴霧
Sun Stone,たいようのいし,日之石,日之石,太阳之石,太陽之石,日之石,日之石
Moon Stone,つきのいし,月之石,月之石,月之石,月之石,月之石,月之石
Fire Stone,ほのおのいし,火之石,火之石,火之石,火之石,火之石,火之石
Thunder Stone,かみなりのいし,雷之石,雷之石,雷之石,雷之石,雷之石,雷之石
Water Stone,みずのいし,水之石,水之石,水之石,水之石,水之石,水之石
Leaf Stone,リーフのいし,叶之石,葉之石,叶之石,葉之石,叶之石,葉之石
Tiny Mushroom,ちいさなキノコ,小蘑菇,小蘑菇,小蘑菇,小蘑菇,小蘑菇,小蘑菇
Big Mushroom,おおきなキノコ,大蘑菇,大蘑菇,大蘑菇,大蘑菇,大蘑菇,大蘑菇
Pearl,しんじゅ,珍珠,珍珠,珍珠,珍珠,珍珠,珍珠
Big Pearl,おおきなしんじゅ,大珍珠,大珍珠,大珍珠,大珍珠,大珍珠,大珍珠
Stardust,ほしのすな,星星沙子,星星沙子,星星的沙子,星星的沙子,星星沙子,星星沙子
Star Piece,ほしのかけら,星星碎片,星星碎片,星星的碎片,星星的碎片,星星碎片,星星碎片
Nugget,きんのたま,金珠,金珠,金色珠,金色珠,金色珠,金色珠
Heart Scale,ハートのウロコ,心之鳞片,心之鱗片,心之鳞片,心之鱗片,心之鳞片,心之鱗片
Honey,あまいミツ,甜甜蜜,甜甜蜜,甜蜜,甜蜜,甜蜜,甜蜜
Growth Mulch,すくすくこやし,速速肥,速速肥,稳稳肥,穩穩肥,久久肥,久久肥
Damp Mulch,じめじめこやし,湿湿肥,濕濕肥,湿湿肥,濕濕肥,湿湿肥,濕濕肥
Stable Mulch,ながながこやし,久久肥,久久肥,长长肥,長長肥,长长肥,長長肥
Gooey Mulch,ねばねばこやし,粘粘肥,黏黏肥,粘粘肥,黏黏肥,粘粘肥,黏黏肥
Root Fossil,ねっこのカセキ,根状化石,根狀化石,树根化石,樹根化石,根状化石,根狀化石
Claw Fossil,ツメのカセキ,爪子化石,爪子化石,尖爪化石,尖爪化石,爪子化石,爪子化石
Helix Fossil,かいのカセキ,贝壳化石,貝殼化石,贝之化石,貝之化石,贝壳化石,貝殼化石
Dome Fossil,こうらのカセキ,甲壳化石,甲殼化石,龟壳化石,龜殼化石,甲壳化石,甲殼化石
Old Amber,ひみつのコハク,秘密琥珀,秘密琥珀,秘密琥珀,秘密琥珀,秘密琥珀,秘密琥珀
Armor Fossil,たてのカセキ,盾甲化石,盾甲化石,盾牌化石,盾牌化石,盾甲化石,盾甲化石
Skull Fossil,ずがいのカセキ,头盖化石,頭蓋化石,头盖化石,頭蓋化石,头盖化石,頭蓋化石
Rare Bone,きちょうなホネ,贵重骨头,貴重骨頭,贵重骨头,貴重骨頭,贵重骨头,貴重骨頭
Shiny Stone,ひかりのいし,光之石,光之石,光之石,光之石,光之石,光之石
Dusk Stone,やみのいし,暗之石,暗之石,暗之石,闇之石,暗之石,闇之石
Dawn Stone,めざめいし,觉醒之石,覺醒之石,觉醒之石,覺醒之石,觉醒之石,覺醒之石
Oval Stone,まんまるいし,浑圆之石,渾圓之石,圆石头,圓石頭,浑圆之石,渾圓之石
Odd Keystone,かなめいし,楔石,楔石,楔石,楔石,楔石,楔石
Griseous Orb,はっきんだま,白金宝珠,白金寶珠,白金玉魂,白金玉魂,白金宝珠,白金寶珠
Douse Drive,アクアカセット,水流卡带,水流卡帶,水柱卡带,水柱卡帶,水流卡带,水流卡帶
Shock Drive,イナズマカセット,闪电卡带,閃電卡帶,闪电卡带,閃電卡帶,闪电卡带,閃電卡帶
Burn Drive,ブレイズカセット,火焰卡带,火焰卡帶,火焰卡带,火焰卡帶,火焰卡带,火焰卡帶
Chill Drive,フリーズカセット,冰冻卡带,冰凍卡帶,冰冻卡带,冰凍卡帶,冰冻卡带,冰凍卡帶
Sweet Heart,ハートスイーツ,心形甜点,心形甜點,心形甜品,心形甜品,心形甜点,心形甜點
Adamant Orb,こんごうだま,金刚宝珠,金剛寶珠,金刚玉魂,金剛玉魂,金刚玉魂,金剛玉魂
Lustrous Orb,しらたま,白玉宝珠,白玉寶珠,白玉魂,白玉魂,白玉宝珠,白玉寶珠
Greet Mail,はじめてメール,初次邮件,初次郵件,初始邮件,初始郵件,初始邮件,初始郵件
Favored Mail,だいすきメール,喜爱邮件,喜愛郵件,喜爱邮件,喜愛郵件,喜爱邮件,喜愛郵件
RSVP Mail,おさそいメール,邀请邮件,邀請郵件,邀请邮件,邀請郵件,邀请邮件,邀請郵件
Thanks Mail,かんしゃメール,感谢邮件,感謝郵件,感谢邮件,感謝郵件,感谢邮件,感謝郵件
Inquiry Mail,しつもんメール,询问邮件,詢問郵件,质问邮件,質問郵件,质问邮件,質問郵件
Like Mail,おすすめメール,推荐邮件,推薦郵件,推荐邮件,推薦郵件,推荐邮件,推薦郵件
Reply Mail,おかえしメール,回复邮件,回覆郵件,回复邮件,回覆郵件,回复邮件,回覆郵件
Bridge Mail S,ブリッジメールＳ,桥梁邮件Ｓ,橋梁郵件Ｓ,桥梁邮件S,橋樑郵件S,桥梁邮件S,橋樑郵件S
Bridge Mail D,ブリッジメールＨ,桥梁邮件Ｈ,橋梁郵件Ｈ,桥梁邮件H,橋樑郵件H,桥梁邮件H,橋樑郵件H
Bridge Mail T,ブリッジメールＣ,桥梁邮件Ｃ,橋梁郵件Ｃ,桥梁邮件C,橋樑郵件C,桥梁邮件C,橋樑郵件C
Bridge Mail V,ブリッジメールＶ,桥梁邮件Ｖ,橋梁郵件Ｖ,桥梁邮件V,橋樑郵件V,桥梁邮件V,橋樑郵件V
Bridge Mail M,ブリッジメールＷ,桥梁邮件Ｗ,橋梁郵件Ｗ,桥梁邮件W,橋樑郵件W,桥梁邮件W,橋樑郵件W
Cheri Berry,クラボのみ,樱子果,櫻子果,辣樱,辣櫻,樱子果,櫻子果
Chesto Berry,カゴのみ,零余果,零餘果,涩栗,澀栗,零余果,零餘果
Pecha Berry,モモンのみ,桃桃果,桃桃果,甜桃,甜桃,桃桃果,桃桃果
Rawst Berry,チーゴのみ,莓莓果,莓莓果,苦莓,苦莓,莓莓果,莓莓果
Aspear Berry,ナナシのみ,利木果,利木果,酸梨,酸梨,利木果,利木果
Leppa Berry,ヒメリのみ,苹野果,蘋野果,红苹,紅蘋,苹野果,蘋野果
Oran Berry,オレンのみ,橙橙果,橙橙果,蓝橘,藍橘,橙橙果,橙橙果
Persim Berry,キーのみ,柿仔果,柿仔果,甜柿,甜柿,柿仔果,柿仔果
Lum Berry,ラムのみ,木子果,木子果,绿姆果,綠姆果,木子果,木子果
Sitrus Berry,オボンのみ,文柚果,文柚果,香柚,香柚,文柚果,文柚果
Figy Berry,フィラのみ,勿花果,勿花果,辣椰果,辣椰果,勿花果,勿花果
Wiki Berry,ウイのみ,异奇果,異奇果,蓝异奇果,藍異奇果,异奇果,異奇果
Mago Berry,マゴのみ,芒芒果,芒芒果,甘芒,甘芒,芒芒果,芒芒果
Aguav Berry,バンジのみ,乐芭果,樂芭果,绿乐芭,綠樂芭,乐芭果,樂芭果
Iapapa Berry,イアのみ,芭亚果,芭亞果,酸木瓜,酸木瓜,芭亚果,芭亞果
Razz Berry,ズリのみ,蔓莓果,蔓莓果,红蔓莓,紅蔓莓,蔓莓果,蔓莓果
Bluk Berry,ブリーのみ,墨莓果,墨莓果,蓝莓,藍莓,墨莓果,墨莓果
Nanab Berry,ナナのみ,蕉香果,蕉香果,粉蕉,粉蕉,蕉香果,蕉香果
Wepear Berry,セシナのみ,西梨果,西梨果,青梨,青梨,西梨果,西梨果
Pinap Berry,パイルのみ,凰梨果,凰梨果,黄旺梨,黃旺梨,凰梨果,凰梨果
Pomeg Berry,ザロクのみ,榴石果,榴石果,红榴,紅榴,榴石果,榴石果
Kelpsy Berry,ネコブのみ,藻根果,藻根果,蓝根藻果,藍根藻果,藻根果,藻根果
Qualot Berry,タポルのみ,比巴果,比巴果,粉枇杷,粉枇杷,比巴果,比巴果
Hondew Berry,ロメのみ,哈密果,哈密果,黄斑蜜瓜,黃斑蜜瓜,哈密果,哈密果
Grepa Berry,ウブのみ,萄葡果,萄葡果,黄金葡,黃金葡,萄葡果,萄葡果
Tamato Berry,マトマのみ,茄番果,茄番果,辣茄,辣茄,茄番果,茄番果
Cornn Berry,モコシのみ,玉黍果,玉黍果,紫黍,紫黍,玉黍果,玉黍果
Magost Berry,ゴスのみ,岳竹果,岳竹果,甜山竹,甜山竹,岳竹果,岳竹果
Rabuta Berry,ラブタのみ,茸丹果,茸丹果,绿毛丹,綠毛丹,茸丹果,茸丹果
Nomel Berry,ノメルのみ,檬柠果,檬檸果,酸柠,酸檸,檬柠果,檬檸果
Spelon Berry,ノワキのみ,刺角果,刺角果,辣乐奇,辣樂奇,刺角果,刺角果
Pamtre Berry,シーヤのみ,椰木果,椰木果,紫椰,紫椰,椰木果,椰木果
Watmel Berry,カイスのみ,瓜西果,瓜西果,甜瓜,甜瓜,瓜西果,瓜西果
Durin Berry,ドリのみ,金枕果,金枕果,苦琏,苦璉,金枕果,金枕果
Belue Berry,ベリブのみ,靛莓果,靛莓果,靛莓,靛莓,靛莓果,靛莓果
Occa Berry,オッカのみ,巧可果,巧可果,欧可果,歐可果,巧可果,巧可果
Passho Berry,イトケのみ,千香果,千香果,浮番果,浮番果,千香果,千香果
Wacan Berry,ソクノのみ,烛木果,燭木果,烛木果,燭木果,烛木果,燭木果
Rindo Berry,リンドのみ,罗子果,羅子果,苦豆,苦豆,罗子果,羅子果
Yache Berry,ヤチェのみ,番荔果,番荔果,冰迦果,冰迦果,番荔果,番荔果
Chople Berry,ヨプのみ,莲蒲果,蓮蒲果,麻雾果,麻霧果,莲蒲果,蓮蒲果
Kebia Berry,ビアーのみ,通通果,通通果,通木果,通木果,通通果,通通果
Shuca Berry,シュカのみ,腰木果,腰木果,蜜腰果,蜜腰果,腰木果,腰木果
Coba Berry,バコウのみ,棱瓜果,稜瓜果,风瓜,風瓜,棱瓜果,棱瓜果
Payapa Berry,ウタンのみ,福禄果,福祿果,糖葫果,糖葫果,福禄果,福祿果
Tanga Berry,タンガのみ,扁樱果,扁櫻果,藤樱果,藤櫻果,扁樱果,扁櫻果
Charti Berry,ヨロギのみ,草蚕果,草蠶果,石蚕果,石蠶果,草蚕果,草蠶果
Kasib Berry,カシブのみ,佛柑果,佛柑果,佛手果,佛手果,佛柑果,佛柑果
Haban Berry,ハバンのみ,莓榴果,莓榴果,番榴,番榴,莓榴果,莓榴果
Colbur Berry,ナモのみ,刺耳果,刺耳果,刺球果,刺球果,刺耳果,刺耳果
Babiri Berry,リリバのみ,霹霹果,霹霹果,霹雳果,霹靂果,霹雳果,霹靂果
Chilan Berry,ホズのみ,灯浆果,燈漿果,灯笼果,燈籠果,灯浆果,燈漿果
Liechi Berry,チイラのみ,枝荔果,枝荔果,奇拉果,奇拉果,枝荔果,枝荔果
Ganlon Berry,リュガのみ,龙睛果,龍睛果,龙佳果,龍佳果,龙睛果,龍睛果
Salac Berry,カムラのみ,沙鳞果,沙鱗果,酸甜椰,酸甜椰,沙鳞果,沙鱗果
Petaya Berry,ヤタピのみ,龙火果,龍火果,红龙果,紅龍果,龙火果,龍火果
Apicot Berry,ズアのみ,杏仔果,杏仔果,青杏,青杏,杏仔果,杏仔果
Lansat Berry,サンのみ,兰萨果,蘭薩果,红阳,紅陽,兰萨果,蘭薩果
Starf Berry,スターのみ,星桃果,星桃果,绿星桃,綠星桃,星桃果,星桃果
Enigma Berry,ナゾのみ,谜芝果,謎芝果,谜团果实,謎團果實,谜芝果,謎芝果
Micle Berry,ミクルのみ,奇秘果,奇秘果,神秘果,神秘果,奇秘果,奇秘果
Custap Berry,イバンのみ,释陀果,釋陀果,赤迦果,赤迦果,释陀果,釋陀果
Jaboca Berry,ジャポのみ,嘉珍果,嘉珍果,嘉宝果,嘉寶果,嘉珍果,嘉珍果
Rowap Berry,レンブのみ,雾莲果,霧蓮果,莲雾果,蓮霧果,雾莲果,霧蓮果
Bright Powder,ひかりのこな,光粉,光粉,亮光之粉,亮光之粉,亮光之粉,亮光之粉
White Herb,しろいハーブ,白色香草,白色香草,白色药草,白色藥草,白色药草,白色藥草
Macho Brace,きょうせいギプス,强制锻炼器,強制鍛鍊器,强制锻炼器,強制鍛鍊器,强制锻炼器,強制鍛鍊器
Exp. Share,がくしゅうそうち,学习装置,學習裝置,学习装置,學習裝置,学习装置,學習裝置
Quick Claw,せんせいのツメ,先制之爪,先制之爪,先攻之爪,先攻之爪,先攻之爪,先攻之爪
Soothe Bell,やすらぎのすず,安抚之铃,安撫之鈴,安抚之铃,安撫之鈴,安抚之铃,安撫之鈴
Mental Herb,メンタルハーブ,心灵香草,心靈香草,心灵药草,心靈藥草,心灵药草,心靈藥草
Choice Band,こだわりハチマキ,讲究头带,講究頭帶,限定招式的头巾,限定招式的頭巾,讲究头带,講究頭帶
King's Rock,おうじゃのしるし,王者之证,王者之證,王者之证,王者之證,王者之证,王者之證
Silver Powder,ぎんのこな,银粉,銀粉,银色的粉,銀色的粉,银色的粉,銀色的粉
Amulet Coin,おまもりこばん,护符金币,護符金幣,护身金币,護身金幣,护身金币,護身金幣
Cleanse Tag,きよめのおふだ,洁净之符,潔淨之符,净身的护身符,淨身的護身符,净身的护身符,淨身的護身符
Soul Dew,こころのしずく,心之水滴,心之水滴,心之水滴,心之水滴,心之水滴,心之水滴
Deep Sea Tooth,しんかいのキバ,深海之牙,深海之牙,深海之牙,深海之牙,深海之牙,深海之牙
Deep Sea Scale,しんかいのウロコ,深海鳞片,深海鱗片,深海之鳞,深海之鱗,深海之鳞,深海之鱗
Smoke Ball,けむりだま,烟雾球,煙霧球,烟雾球,煙霧球,烟雾球,煙霧球
Everstone,かわらずのいし,不变之石,不變之石,不变之石,不變之石,不变之石,不變之石
Focus Band,きあいのハチマキ,气势头带,氣勢頭帶,振奋精神的头布,振奮精神的頭布,振奋精神的头布,振奮精神的頭布
Lucky Egg,しあわせタマゴ,幸运蛋,幸運蛋,幸运蛋,幸運蛋,幸运蛋,幸運蛋
Scope Lens,ピントレンズ,焦点镜,焦點鏡,对焦镜片,對焦鏡片,对焦镜片,對焦鏡片
Metal Coat,メタルコート,金属膜,金屬膜,金属涂层,金屬塗層,金属涂层,金屬塗層
Leftovers,たべのこし,吃剩的东西,吃剩的東西,吃剩下的东西,吃剩下的東西,吃剩的东西,吃剩的東西
Dragon Scale,りゅうのウロコ,龙之鳞片,龍之鱗片,龙之鳞片,龍之鱗片,龙之鳞片,龍之鱗片
Light Ball,でんきだま,电气球,電氣球,电气球,電氣球,电气球,電氣球
Soft Sand,やわらかいすな,柔软沙子,柔軟沙子,柔软的沙子,柔軟的沙子,柔软的沙子,柔軟的沙子
Hard Stone,かたいいし,硬石头,硬石頭,硬石头,硬石頭,硬石头,硬石頭
Miracle Seed,きせきのタネ,奇迹种子,奇跡種子,奇迹种子,奇蹟種子,奇迹种子,奇蹟種子
Black Glasses,くろいメガネ,黑色眼镜,黑色眼鏡,黑色的眼镜,黑色的眼鏡,黑色的眼镜,黑色的眼鏡
Black Belt,くろおび,黑带,黑帶,黑色带子,黑色帶子,黑色带子,黑色帶子
Magnet,じしゃく,磁铁,磁鐵,磁铁,磁鐵,磁铁,磁鐵
Mystic Water,しんぴのしずく,神秘水滴,神秘水滴,神秘的水滴,神秘的水滴,神秘的水滴,神秘的水滴
Sharp Beak,するどいくちばし,锐利鸟嘴,銳利鳥嘴,尖锐鸟嘴,尖銳鳥嘴,尖锐的鸟嘴,尖銳的鳥嘴
Poison Barb,どくバリ,毒针,毒針,毒针,毒針,毒针,毒針
Never-Melt Ice,とけないこおり,不融冰,不融冰,融化不了的冰块,融化不了的冰塊,融化不了的冰块,融化不了的冰塊
Spell Tag,のろいのおふだ,诅咒之符,詛咒之符,诅咒护身符,詛咒護身符,诅咒护身符,詛咒護身符
Twisted Spoon,まがったスプーン,弯曲的汤匙,彎曲的湯匙,弯曲的汤匙,彎曲的湯匙,弯曲的汤匙,彎曲的湯匙
Charcoal,もくたん,木炭,木炭,木灰,木灰,木炭,木炭
Dragon Fang,りゅうのキバ,龙之牙,龍之牙,龙之牙,龍之牙,龙之牙,龍之牙
Silk Scarf,シルクのスカーフ,丝绸围巾,絲綢圍巾,丝绸围巾,絲綢圍巾,丝绸围巾,絲綢圍巾
Up-Grade,アップグレード,升级数据,升級資料,升级,升級,升级,升級
Shell Bell,かいがらのすず,贝壳之铃,貝殼之鈴,贝壳之铃,貝殼之鈴,贝壳之铃,貝殼之鈴
Sea Incense,うしおのおこう,海潮薰香,海潮薰香,海潮熏香,海潮薰香,海潮熏香,海潮薰香
Lax Incense,のんきのおこう,悠闲薰香,悠閒薰香,悠闲熏香,悠閒薰香,悠闲熏香,悠閒薰香
Lucky Punch,ラッキーパンチ,吉利拳,吉利拳,幸运之拳,幸運之拳,幸运之拳,幸運之拳
Metal Powder,メタルパウダー,金属粉,金屬粉,金属粉,金屬粉,金属粉,金屬粉
Thick Club,ふといホネ,粗骨头,粗骨頭,胖骨头,胖骨頭,胖骨头,胖骨頭
Stick,ながねぎ,大葱,大蔥,大葱,大蔥,大葱,大蔥
Red Scarf,あかいバンダナ,红色头巾,紅色頭巾,红色头巾,紅色頭巾,红色头巾,紅色頭巾
Blue Scarf,あおいバンダナ,蓝色头巾,藍色頭巾,蓝色头巾,藍色頭巾,蓝色头巾,藍色頭巾
Pink Scarf,ピンクのバンダナ,粉红头巾,粉紅頭巾,粉红头巾,粉紅頭巾,粉红头巾,粉紅頭巾
Green Scarf,みどりのバンダナ,绿色头巾,綠色頭巾,绿色头巾,綠色頭巾,绿色头巾,綠色頭巾
Yellow Scarf,きいろのバンダナ,黄色头巾,黃色頭巾,黄色头巾,黃色頭巾,黄色头巾,黃色頭巾
Wide Lens,こうかくレンズ,广角镜,廣角鏡,广角镜片,廣角鏡片,广角镜片,廣角鏡片
Muscle Band,ちからのハチマキ,力量头带,力量頭帶,力量头巾,力量頭巾,力量头带,力量頭帶
Wise Glasses,ものしりメガネ,博识眼镜,博識眼鏡,知识眼镜,知識眼鏡,知识眼镜,知識眼鏡
Expert Belt,たつじんのおび,达人带,達人帶,达人带子,達人帶子,达人带子,達人帶子
Light Clay,ひかりのねんど,光之黏土,光之黏土,光之粘土,光之黏土,光之粘土,光之黏土
Life Orb,いのちのたま,生命宝珠,生命寶珠,生命之玉,生命之玉,生命之玉,生命之玉
Power Herb,パワフルハーブ,强力香草,強力香草,力量药草,力量藥草,力量药草,力量藥草
Toxic Orb,どくどくだま,剧毒宝珠,劇毒寶珠,剧毒珠,劇毒珠,剧毒珠,劇毒珠
Flame Orb,かえんだま,火焰宝珠,火焰寶珠,火焰珠,火焰珠,火焰珠,火焰珠
Quick Powder,スピードパウダー,速度粉,速度粉,速度粉,速度粉,速度粉,速度粉
Focus Sash,きあいのタスキ,气势披带,氣勢披帶,振奋精神的绑带,振奮精神的綁帶,振奋精神的绑带,振奮精神的綁帶
Zoom Lens,フォーカスレンズ,对焦镜,對焦鏡,对焦镜片,對焦鏡片,对焦镜片,對焦鏡片
Metronome,メトロノーム,节拍器,節拍器,节拍器,節拍器,节拍器,節拍器
Iron Ball,くろいてっきゅう,黑色铁球,黑色鐵球,黑色铁球,黑色鐵球,黑色铁球,黑色鐵球
Lagging Tail,こうこうのしっぽ,后攻之尾,後攻之尾,后攻之尾,後攻之尾,后攻之尾,後攻之尾
Destiny Knot,あかいいと,红线,紅線,红线,紅線,红线,紅線
Black Sludge,くろいヘドロ,黑色污泥,黑色污泥,黑色淤泥,黑色淤泥,黑色淤泥,黑色淤泥
Icy Rock,つめたいいわ,冰冷岩石,冰冷岩石,冰冷岩石,冰冷岩石,冰冷岩石,冰冷岩石
Smooth Rock,さらさらいわ,沙沙岩石,沙沙岩石,流沙岩石,流沙岩石,流沙岩石,流沙岩石
Heat Rock,あついいわ,炽热岩石,熾熱岩石,炎热岩石,炎熱岩石,炎热岩石,炎熱岩石
Damp Rock,しめったいわ,潮湿岩石,潮濕岩石,潮湿岩石,潮濕岩石,潮湿岩石,潮濕岩石
Grip Claw,ねばりのかぎづめ,紧缠钩爪,緊纏鉤爪,黏着钩爪,黏著鈎爪,黏着钩爪,黏著鈎爪
Choice Scarf,こだわりスカーフ,讲究围巾,講究圍巾,限定招式的围巾,限定招式的圍巾,讲究围巾,講究圍巾
Sticky Barb,くっつきバリ,附着针,附著針,附针,附針,附针,附針
Power Bracer,パワーリスト,力量护腕,力量護腕,力量护腕,力量護腕,力量护腕,力量護腕
Power Belt,パワーベルト,力量腰带,力量腰帶,力量腰带,力量腰帶,力量腰带,力量腰帶
Power Lens,パワーレンズ,力量镜,力量鏡,力量镜片,力量鏡片,力量镜片,力量鏡片
Power Band,パワーバンド,力量束带,力量束帶,力量束带,力量束帶,力量束带,力量束帶
Power Anklet,パワーアンクル,力量护踝,力量護踝,力量护踝,力量護踝,力量护踝,力量護踝
Power Weight,パワーウエイト,力量负重,力量負重,力量负重,力量負重,力量负重,力量負重
Shed Shell,きれいなぬけがら,美丽空壳,美麗空殼,漂亮外套,漂亮外套,漂亮外套,漂亮外套
Big Root,おおきなねっこ,大根茎,大根莖,巨大根茎,巨大根莖,巨大根茎,巨大根莖
Choice Specs,こだわりメガネ,讲究眼镜,講究眼鏡,限定招式的眼镜,限定招式的眼鏡,讲究眼镜,講究眼鏡
Flame Plate,ひのたまプレート,火球石板,火球石板,火球板块,火球板塊,火球板块,火球板塊
Splash Plate,しずくプレート,水滴石板,水滴石板,水滴板块,水滴板塊,水滴板块,水滴板塊
Zap Plate,いかずちプレート,雷电石板,雷電石板,雷电板块,雷電板塊,雷电板块,雷電板塊
Meadow Plate,みどりのプレート,碧绿石板,碧綠石板,碧绿板块,碧綠板塊,碧绿板块,碧綠板塊
Icicle Plate,つららのプレート,冰柱石板,冰柱石板,冰柱板块,冰柱板塊,冰柱板块,冰柱板塊
Fist Plate,こぶしのプレート,拳头石板,拳頭石板,拳头板块,拳頭板塊,拳头板块,拳頭板塊
Toxic Plate,もうどくプレート,剧毒石板,劇毒石板,剧毒板块,劇毒板塊,剧毒板块,劇毒板塊
Earth Plate,だいちのプレート,大地石板,大地石板,大地板块,大地板塊,大地板块,大地板塊
Sky Plate,あおぞらプレート,蓝天石板,藍天石板,青空板块,青空板塊,青空板块,青空板塊
Mind Plate,ふしぎのプレート,神奇石板,神奇石板,奇异板块,奇異板塊,奇异板块,奇異板塊
Insect Plate,たまむしプレート,玉虫石板,玉蟲石板,玉虫板块,玉蟲板塊,玉虫板块,玉蟲板塊
Stone Plate,がんせきプレート,岩石石板,岩石石板,岩石板块,岩石板塊,岩石板块,岩石板塊
Spooky Plate,もののけプレート,妖怪石板,妖怪石板,妖怪板块,妖怪板塊,妖怪板块,妖怪板塊
Draco Plate,りゅうのプレート,龙之石板,龍之石板,龙之板块,龍之板塊,龙之板块,龍之板塊
Dread Plate,こわもてプレート,恶颜石板,惡顏石板,凶狠板块,兇狠板塊,凶狠板块,兇狠板塊
Iron Plate,こうてつプレート,钢铁石板,鋼鐵石板,钢铁板块,鋼鐵板塊,钢铁板块,鋼鐵板塊
Odd Incense,あやしいおこう,奇异薰香,奇異薰香,怪异熏香,怪異薰香,怪异熏香,怪異薰香
Rock Incense,がんせきおこう,岩石薰香,岩石薰香,岩石熏香,岩石薰香,岩石熏香,岩石薰香
Full Incense,まんぷくおこう,饱腹薰香,飽腹薰香,满腹熏香,滿腹薰香,满腹熏香,滿腹薰香
Wave Incense,さざなみのおこう,涟漪薰香,漣漪薰香,波纹熏香,波紋薰香,波纹熏香,波紋薰香
Rose Incense,おはなのおこう,花朵薰香,花朵薰香,鲜花熏香,鮮花薰香,鲜花熏香,鮮花薰香
Luck Incense,こううんのおこう,幸运薰香,幸運薰香,幸运熏香,幸運薰香,幸运熏香,幸運薰香
Pure Incense,きよめのおこう,洁净薰香,潔淨薰香,清净熏香,清淨薰香,洁净熏香,潔淨薰香
Protector,プロテクター,护具,護具,护身盔甲,護身盔甲,护身盔甲,護身盔甲
Electirizer,エレキブースター,电力增幅器,電力增幅器,电力发动机,電力發動機,电力发动机,電力發動機
Magmarizer,マグマブースター,熔岩增幅器,熔岩增幅器,岩浆驱动器,岩漿驅動器,岩浆驱动器,岩漿驅動器
Dubious Disc,あやしいパッチ,可疑补丁,可疑修正檔,怪异补丁,怪異補丁,怪异补丁,怪異補丁
Reaper Cloth,れいかいのぬの,灵界之布,靈界之布,灵界之布,靈界之布,灵界之布,靈界之布
Razor Claw,するどいツメ,锐利之爪,銳利之爪,锐利爪子,銳利爪子,锐利爪子,銳利爪子
Razor Fang,するどいキバ,锐利之牙,銳利之牙,锐利牙,銳利牙,锐利牙,銳利牙
TM01,わざマシン０１,招式学习器０１,招式學習器０１,技能学习器01,技能學習器01,招式学习器０１,招式學習器０１
TM02,わざマシン０２,招式学习器０２,招式學習器０２,技能学习器02,技能學習器02,招式学习器０２,招式學習器０２
TM03,わざマシン０３,招式学习器０３,招式學習器０３,技能学习器03,技能學習器03,招式学习器０３,招式學習器０３
TM04,わざマシン０４,招式学习器０４,招式學習器０４,技能学习器04,技能學習器04,招式学习器０４,招式學習器０４
TM05,わざマシン０５,招式学习器０５,招式學習器０５,技能学习器05,技能學習器05,招式学习器０５,招式學習器０５
TM06,わざマシン０６,招式学习器０６,招式學習器０６,技能学习器06,技能學習器06,招式学习器０６,招式學習器０６
TM07,わざマシン０７,招式学习器０７,招式學習器０７,技能学习器07,技能學習器07,招式学习器０７,招式學習器０７
TM08,わざマシン０８,招式学习器０８,招式學習器０８,技能学习器08,技能學習器08,招式学习器０８,招式學習器０８
TM09,わざマシン０９,招式学习器０９,招式學習器０９,技能学习器09,技能學習器09,招式学习器０９,招式學習器０９
TM10,わざマシン１０,招式学习器１０,招式學習器１０,技能学习器10,技能學習器10,招式学习器１０,招式學習器１０
TM11,わざマシン１１,招式学习器１１,招式學習器１１,技能学习器11,技能學習器11,招式学习器１１,招式學習器１１
TM12,わざマシン１２,招式学习器１２,招式學習器１２,技能学习器12,技能學習器12,招式学习器１２,招式學習器１２
TM13,わざマシン１３,招式学习器１３,招式學習器１３,技能学习器13,技能學習器13,招式学习器１３,招式學習器１３
TM14,わざマシン１４,招式学习器１４,招式學習器１４,技能学习器14,技能學習器14,招式学习器１４,招式學習器１４
TM15,わざマシン１５,招式学习器１５,招式學習器１５,技能学习器15,技能學習器15,招式学习器１５,招式學習器１５
TM16,わざマシン１６,招式学习器１６,招式學習器１６,技能学习器16,技能學習器16,招式学习器１６,招式學習器１６
TM17,わざマシン１７,招式学习器１７,招式學習器１７,技能学习器17,技能學習器17,招式学习器１７,招式學習器１７
TM18,わざマシン１８,招式学习器１８,招式學習器１８,技能学习器18,技能學習器18,招式学习器１８,招式學習器１８
TM19,わざマシン１９,招式学习器１９,招式學習器１９,技能学习器19,技能學習器19,招式学习器１９,招式學習器１９
TM20,わざマシン２０,招式学习器２０,招式學習器２０,技能学习器20,技能學習器20,招式学习器２０,招式學習器２０
TM21,わざマシン２１,招式学习器２１,招式學習器２１,技能学习器21,技能學習器21,招式学习器２１,招式學習器２１
TM22,わざマシン２２,招式学习器２２,招式學習器２２,技能学习器22,技能學習器22,招式学习器２２,招式學習器２２
TM23,わざマシン２３,招式学习器２３,招式學習器２３,技能学习器23,技能學習器23,招式学习器２３,招式學習器２３
TM24,わざマシン２４,招式学习器２４,招式學習器２４,技能学习器24,技能學習器24,招式学习器２４,招式學習器２４
TM25,わざマシン２５,招式学习器２５,招式學習器２５,技能学习器25,技能學習器25,招式学习器２５,招式學習器２５
TM26,わざマシン２６,招式学习器２６,招式學習器２６,技能学习器26,技能學習器26,招式学习器２６,招式學習器２６
TM27,わざマシン２７,招式学习器２７,招式學習器２７,技能学习器27,技能學習器27,招式学习器２７,招式學習器２７
TM28,わざマシン２８,招式学习器２８,招式學習器２８,技能学习器28,技能學習器28,招式学习器２８,招式學習器２８
TM29,わざマシン２９,招式学习器２９,招式學習器２９,技能学习器29,技能學習器29,招式学习器２９,招式學習器２９
TM30,わざマシン３０,招式学习器３０,招式學習器３０,技能学习器30,技能學習器30,招式学习器３０,招式學習器３０
TM31,わざマシン３１,招式学习器３１,招式學習器３１,技能学习器31,技能學習器31,招式学习器３１,招式學習器３１
TM32,わざマシン３２,招式学习器３２,招式學習器３２,技能学习器32,技能學習器32,招式学习器３２,招式學習器３２
TM33,わざマシン３３,招式学习器３３,招式學習器３３,技能学习器33,技能學習器33,招式学习器３３,招式學習器３３
TM34,わざマシン３４,招式学习器３４,招式學習器３４,技能学习器34,技能學習器34,招式学习器３４,招式學習器３４
TM35,わざマシン３５,招式学习器３５,招式學習器３５,技能学习器35,技能學習器35,招式学习器３５,招式學習器３５
TM36,わざマシン３６,招式学习器３６,招式學習器３６,技能学习器36,技能學習器36,招式学习器３６,招式學習器３６
TM37,わざマシン３７,招式学习器３７,招式學習器３７,技能学习器37,技能學習器37,招式学习器３７,招式學習器３７
TM38,わざマシン３８,招式学习器３８,招式學習器３８,技能学习器38,技能學習器38,招式学习器３８,招式學習器３８
TM39,わざマシン３９,招式学习器３９,招式學習器３９,技能学习器39,技能學習器39,招式学习器３９,招式學習器３９
TM40,わざマシン４０,招式学习器４０,招式學習器４０,技能学习器40,技能學習器40,招式学习器４０,招式學習器４０
TM41,わざマシン４１,招式学习器４１,招式學習器４１,技能学习器41,技能學習器41,招式学习器４１,招式學習器４１
TM42,わざマシン４２,招式学习器４２,招式學習器４２,技能学习器42,技能學習器42,招式学习器４２,招式學習器４２
TM43,わざマシン４３,招式学习器４３,招式學習器４３,技能学习器43,技能學習器43,招式学习器４３,招式學習器４３
TM44,わざマシン４４,招式学习器４４,招式學習器４４,技能学习器44,技能學習器44,招式学习器４４,招式學習器４４
TM45,わざマシン４５,招式学习器４５,招式學習器４５,技能学习器45,技能學習器45,招式学习器４５,招式學習器４５
TM46,わざマシン４６,招式学习器４６,招式學習器４６,技能学习器46,技能學習器46,招式学习器４６,招式學習器４６
TM47,わざマシン４７,招式学习器４７,招式學習器４７,技能学习器47,技能學習器47,招式学习器４７,招式學習器４７
TM48,わざマシン４８,招式学习器４８,招式學習器４８,技能学习器48,技能學習器48,招式学习器４８,招式學習器４８
TM49,わざマシン４９,招式学习器４９,招式學習器４９,技能学习器49,技能學習器49,招式学习器４９,招式學習器４９
TM50,わざマシン５０,招式学习器５０,招式學習器５０,技能学习器50,技能學習器50,招式学习器５０,招式學習器５０
TM51,わざマシン５１,招式学习器５１,招式學習器５１,技能学习器51,技能學習器51,招式学习器５１,招式學習器５１
TM52,わざマシン５２,招式学习器５２,招式學習器５２,技能学习器52,技能學習器52,招式学习器５２,招式學習器５２
TM53,わざマシン５３,招式学习器５３,招式學習器５３,技能学习器53,技能學習器53,招式学习器５３,招式學習器５３
TM54,わざマシン５４,招式学习器５４,招式學習器５４,技能学习器54,技能學習器54,招式学习器５４,招式學習器５４
TM55,わざマシン５５,招式学习器５５,招式學習器５５,技能学习器55,技能學習器55,招式学习器５５,招式學習器５５
TM56,わざマシン５６,招式学习器５６,招式學習器５６,技能学习器56,技能學習器56,招式学习器５６,招式學習器５６
TM57,わざマシン５７,招式学习器５７,招式學習器５７,技能学习器57,技能學習器57,招式学习器５７,招式學習器５７
TM58,わざマシン５８,招式学习器５８,招式學習器５８,技能学习器58,技能學習器58,招式学习器５８,招式學習器５８
TM59,わざマシン５９,招式学习器５９,招式學習器５９,技能学习器59,技能學習器59,招式学习器５９,招式學習器５９
TM60,わざマシン６０,招式学习器６０,招式學習器６０,技能学习器60,技能學習器60,招式学习器６０,招式學習器６０
TM61,わざマシン６１,招式学习器６１,招式學習器６１,技能学习器61,技能學習器61,招式学习器６１,招式學習器６１
TM62,わざマシン６２,招式学习器６２,招式學習器６２,技能学习器62,技能學習器62,招式学习器６２,招式學習器６２
TM63,わざマシン６３,招式学习器６３,招式學習器６３,技能学习器63,技能學習器63,招式学习器６３,招式學習器６３
TM64,わざマシン６４,招式学习器６４,招式學習器６４,技能学习器64,技能學習器64,招式学习器６４,招式學習器６４
TM65,わざマシン６５,招式学习器６５,招式學習器６５,技能学习器65,技能學習器65,招式学习器６５,招式學習器６５
TM66,わざマシン６６,招式学习器６６,招式學習器６６,技能学习器66,技能學習器66,招式学习器６６,招式學習器６６
TM67,わざマシン６７,招式学习器６７,招式學習器６７,技能学习器67,技能學習器67,招式学习器６７,招式學習器６７
TM68,わざマシン６８,招式学习器６８,招式學習器６８,技能学习器68,技能學習器68,招式学习器６８,招式學習器６８
TM69,わざマシン６９,招式学习器６９,招式學習器６９,技能学习器69,技能學習器69,招式学习器６９,招式學習器６９
TM70,わざマシン７０,招式学习器７０,招式學習器７０,技能学习器70,技能學習器70,招式学习器７０,招式學習器７０
TM71,わざマシン７１,招式学习器７１,招式學習器７１,技能学习器71,技能學習器71,招式学习器７１,招式學習器７１
TM72,わざマシン７２,招式学习器７２,招式學習器７２,技能学习器72,技能學習器72,招式学习器７２,招式學習器７２
TM73,わざマシン７３,招式学习器７３,招式學習器７３,技能学习器73,技能學習器73,招式学习器７３,招式學習器７３
TM74,わざマシン７４,招式学习器７４,招式學習器７４,技能学习器74,技能學習器74,招式学习器７４,招式學習器７４
TM75,わざマシン７５,招式学习器７５,招式學習器７５,技能学习器75,技能學習器75,招式学习器７５,招式學習器７５
TM76,わざマシン７６,招式学习器７６,招式學習器７６,技能学习器76,技能學習器76,招式学习器７６,招式學習器７６
TM77,わざマシン７７,招式学习器７７,招式學習器７７,技能学习器77,技能學習器77,招式学习器７７,招式學習器７７
TM78,わざマシン７８,招式学习器７８,招式學習器７８,技能学习器78,技能學習器78,招式学习器７８,招式學習器７８
TM79,わざマシン７９,招式学习器７９,招式學習器７９,技能学习器79,技能學習器79,招式学习器７９,招式學習器７９
TM80,わざマシン８０,招式学习器８０,招式學習器８０,技能学习器80,技能學習器80,招式学习器８０,招式學習器８０
TM81,わざマシン８１,招式学习器８１,招式學習器８１,技能学习器81,技能學習器81,招式学习器８１,招式學習器８１
TM82,わざマシン８２,招式学习器８２,招式學習器８２,技能学习器82,技能學習器82,招式学习器８２,招式學習器８２
TM83,わざマシン８３,招式学习器８３,招式學習器８３,技能学习器83,技能學習器83,招式学习器８３,招式學習器８３
TM84,わざマシン８４,招式学习器８４,招式學習器８４,技能学习器84,技能學習器84,招式学习器８４,招式學習器８４
TM85,わざマシン８５,招式学习器８５,招式學習器８５,技能学习器85,技能學習器85,招式学习器８５,招式學習器８５
TM86,わざマシン８６,招式学习器８６,招式學習器８６,技能学习器86,技能學習器86,招式学习器８６,招式學習器８６
TM87,わざマシン８７,招式学习器８７,招式學習器８７,技能学习器87,技能學習器87,招式学习器８７,招式學習器８７
TM88,わざマシン８８,招式学习器８８,招式學習器８８,技能学习器88,技能學習器88,招式学习器８８,招式學習器８８
TM89,わざマシン８９,招式学习器８９,招式學習器８９,技能学习器89,技能學習器89,招式学习器８９,招式學習器８９
TM90,わざマシン９０,招式学习器９０,招式學習器９０,技能学习器90,技能學習器90,招式学习器９０,招式學習器９０
TM91,わざマシン９１,招式学习器９１,招式學習器９１,技能学习器91,技能學習器91,招式学习器９１,招式學習器９１
TM92,わざマシン９２,招式学习器９２,招式學習器９２,技能学习器92,技能學習器92,招式学习器９２,招式學習器９２
HM01,ひでんマシン０１,秘传学习器０１,秘傳學習器０１,秘传技学习器01,秘傳技學習器01,秘传学习器０１,秘傳學習器０１
HM02,ひでんマシン０２,秘传学习器０２,秘傳學習器０２,秘传技学习器02,秘傳技學習器02,秘传学习器０２,秘傳學習器０２
HM03,ひでんマシン０３,秘传学习器０３,秘傳學習器０３,秘传技学习器03,秘傳技學習器03,秘传学习器０３,秘傳學習器０３
HM04,ひでんマシン０４,秘传学习器０４,秘傳學習器０４,秘传技学习器04,秘傳技學習器04,秘传学习器０４,秘傳學習器０４
HM05,ひでんマシン０５,秘传学习器０５,秘傳學習器０５,秘传技学习器05,秘傳技學習器05,秘传学习器０５,秘傳學習器０５
HM06,ひでんマシン０６,秘传学习器０６,秘傳學習器０６,秘传技学习器06,秘傳技學習器06,秘传学习器０６,秘傳學習器０６
Explorer Kit,たんけんセット,探险套装,探險組合,挖掘装备,挖掘裝備,挖掘装备,挖掘裝備
Loot Sack,たからぶくろ,宝物袋,寶物袋,宝藏袋,寶藏袋,宝藏袋,寶藏袋
Rule Book,ルールブック,规则书,規則書,规则书,規則書,规则书,規則書
Poké Radar,ポケトレ,宝可追踪,寶可追蹤,神奇追踪,神奇追蹤,宝可追踪,寶可追蹤
Point Card,ポイントカード,点数卡,點數卡,得点卡,得點卡,得点卡,得點卡
Journal,ぼうけんノート,冒险笔记,冒險筆記,冒险笔记本,冒險筆記本,冒险笔记本,冒險筆記本
Seal Case,シールいれ,贴纸盒,貼紙盒,贴纸盒,貼紙盒,贴纸盒,貼紙盒
Fashion Case,アクセサリーいれ,饰品盒,飾品盒,饰品盒,飾品盒,饰品盒,飾品盒
Seal Bag,シールぶくろ,贴纸袋,貼紙袋,贴纸袋,貼紙袋,贴纸袋,貼紙袋
Pal Pad,ともだちてちょう,朋友手册,朋友手冊,朋友笔记,朋友筆記,朋友笔记,朋友筆記
Works Key,はつでんしょキー,发电厂钥匙,發電廠鑰匙,发电场钥匙,發電場鑰匙,发电场钥匙,發電場鑰匙
Old Charm,こだいのおまもり,古代护符,古代護符,古代护身符,古代護身符,古代护身符,古代護身符
Galactic Key,ギンガだんのカギ,银河队钥匙,銀河隊鑰匙,银河队钥匙,銀河隊鑰匙,银河队钥匙,銀河隊鑰匙
Red Chain,あかいくさり,红色锁链,紅色鎖鏈,红锁链,紅鎖鍊,红锁链,紅鎖鍊
Town Map,タウンマップ,城镇地图,城鎮地圖,城镇地图,城鎮地圖,城镇地图,城鎮地圖
Vs. Seeker,バトルサーチャー,对战搜寻器,對戰搜尋器,对战搜寻器,對戰搜尋器,对战搜寻器,對戰搜尋器
Coin Case,コインケース,代币盒,代幣盒,代币盒,代幣盒,代币盒,代幣盒
Old Rod,ボロのつりざお,破旧钓竿,破舊釣竿,破烂钓竿,破爛釣竿,破烂钓竿,破爛釣竿
Good Rod,いいつりざお,好钓竿,好釣竿,优秀钓竿,優秀釣竿,优秀钓竿,優秀釣竿
Super Rod,すごいつりざお,厉害钓竿,厲害釣竿,超强钓竿,超強釣竿,超强钓竿,超強釣竿
Sprayduck,コダックじょうろ,可达鸭喷壶,可達鴨噴壺,可达鸭喷壶,可達鴨噴壺,可达鸭喷壶,可達鴨噴壺
Poffin Case,ポフィンケース,宝芬盒,寶芬盒,面宝收纳盒,麵寶收納盒,面宝收纳盒,麵寶收納盒
Bike,じてんしゃ,自行车,自行車,自行车,自行車,自行车,自行車
Suite Key,ルームキー,房间钥匙,房間鑰匙,房间钥匙,房間鑰匙,房间钥匙,房間鑰匙
Oak's Letter,オーキドのてがみ,大木的信,大木的信,大木博士的信,大木博士的信,大木博士的信,大木博士的信
Lunar Wing,みかづきのはね,新月之羽,新月之羽,月牙之羽,月牙之羽,月牙之羽,月牙之羽
Member Card,メンバーズカード,会员卡,會員卡,会员卡,會員卡,会员卡,會員卡
Azure Flute,てんかいのふえ,天界之笛,天界之笛,天界之笛,天界之笛,天界之笛,天界之笛
S.S. Ticket,ふねのチケット,船票,船票,船票,船票,船票,船票
Contest Pass,コンテストパス,华丽大赛参加证,華麗大賽參加證,华丽大赛通行证,華麗大賽通行證,华丽大赛通行证,華麗大賽通行證
Magma Stone,かざんのおきいし,火山镇石,火山鎮石,火山镇石,火山鎮石,火山镇石,火山鎮石
Parcel,おとどけもの,包裹,包裹,包裹,包裹,包裹,包裹
Coupon 1,ひきかえけん１,兑换券１,兌換券１,礼券1,禮券1,礼券1,禮券1
Coupon 2,ひきかえけん２,兑换券２,兌換券２,礼券2,禮券2,礼券2,禮券2
Coupon 3,ひきかえけん３,兑换券３,兌換券３,礼券3,禮券3,礼券3,禮券3
Storage Key,そうこのカギ,仓库钥匙,倉庫鑰匙,仓库的钥匙,倉庫的鑰匙,仓库的钥匙,倉庫的鑰匙
Secret Potion,ひでんのくすり,秘传之药,秘傳之藥,秘传之药,秘傳之藥,秘传之药,秘傳之藥
Vs. Recorder,バトルレコーダー,对战记录器,對戰記錄器,对战记录器,對戰記錄器,对战记录器,對戰記錄器
Gracidea,グラシデアのはな,葛拉西蒂亚花,葛拉西蒂亞花,葛拉西蒂亚花,葛拉西蒂亞花,葛拉西蒂亚花,葛拉西蒂亞花
Secret Key,ひみつのカギ,秘密钥匙,秘密鑰匙,秘密钥匙,秘密鑰匙,神秘的钥匙,神秘的鑰匙
Apricorn Box,ぼんぐりケース,球果盒,球果盒,圆柑果实盒,圓柑果實盒,球果盒,球果盒
Unown Report,アンノーンノート,未知图腾笔记,未知圖騰筆記,未知图腾笔记,未知圖騰筆記,未知图腾笔记,未知圖騰筆記
Berry Pots,きのみプランター,树果种植盆,樹果種植盆,树果种植盆,樹果種植盆,树果种植盆,樹果種植盆
Dowsing Machine,ダウジングマシン,探宝器,探寶器,探宝器,探寶器,探宝器,探寶器
Blue Card,ブルーカード,蓝卡,藍卡,蓝色卡片,藍色卡片,蓝色卡片,藍色卡片
Slowpoke Tail,おいしいシッポ,美味尾巴,美味尾巴,美味尾巴,美味尾巴,美味尾巴,美味尾巴
Clear Bell,とうめいなスズ,透明铃铛,透明鈴鐺,透明铃铛,透明鈴鐺,透明铃铛,透明鈴鐺
Card Key,カードキー,钥匙卡,鑰匙卡,卡片钥匙,卡片鑰匙,卡片钥匙,卡片鑰匙
Basement Key,ちかのかぎ,地下钥匙,地下鑰匙,地下室钥匙,地下室鑰匙,地下室钥匙,地下室鑰匙
Squirt Bottle,ゼニガメじょうろ,杰尼龟喷壶,傑尼龜噴壺,杰尼龟的喷水器,傑尼龜的噴水器,杰尼龟喷壶,傑尼龜噴壺
Red Scale,あかいウロコ,红色鳞片,紅色鱗片,红色的鳞片,紅色的鱗片,红色的鳞片,紅色的鱗片
Lost Item,おとしもの,遗失物,遺失物,掉落的东西,掉落的東西,掉落的东西,掉落的東西
Pass,リニアパス,磁浮列车自由票,磁浮列車自由票,磁悬浮通行证,磁懸浮通行証,磁悬浮通行证,磁懸浮通行証
Machine Part,きかいのぶひん,机械零件,機械零件,机械的零件,機械的零件,机械的零件,機械的零件
Silver Wing,ぎんいろのはね,银色之羽,銀色之羽,银色之翼,銀色之翼,银色之翼,銀色之翼
Rainbow Wing,にじいろのはね,虹色之羽,虹色之羽,彩虹之翼,彩虹之翼,彩虹之翼,彩虹之翼
Mystery Egg,ふしぎなタマゴ,神奇蛋,神奇蛋,神奇之蛋,神奇之蛋,神奇之蛋,神奇之蛋
Red Apricorn,あかぼんぐり,红球果,紅球果,红色圆柑果实,紅色圓柑果實,红球果,紅球果
Blue Apricorn,あおぼんぐり,蓝球果,藍球果,黄色圆柑果实,黃色圓柑果實,黄球果,黃球果
Yellow Apricorn,きぼんぐり,黄球果,黃球果,蓝色圆柑果实,藍色圓柑果實,蓝球果,藍球果
Green Apricorn,みどぼんぐり,绿球果,綠球果,绿色圆柑果实,綠色圓柑果實,绿球果,綠球果
Pink Apricorn,ももぼんぐり,粉球果,粉球果,桃色圆柑果实,桃色圓柑果實,粉球果,粉球果
White Apricorn,しろぼんぐり,白球果,白球果,白色圆柑果实,白色圓柑果實,白球果,白球果
Black Apricorn,くろぼんぐり,黑球果,黑球果,黑色圆柑果实,黑色圓柑果實,黑球果,黑球果
Fast Ball,スピードボール,速度球,速度球,速度球,速度球,速度球,速度球
Level Ball,レベルボール,等级球,等級球,等级球,等級球,等级球,等級球
Lure Ball,ルアーボール,诱饵球,誘餌球,诱饵球,誘餌球,诱饵球,誘餌球
Heavy Ball,ヘビーボール,沉重球,沉重球,重量球,重量球,沉重球,沉重球
Love Ball,ラブラブボール,甜蜜球,甜蜜球,爱心球,愛心球,甜蜜球,甜蜜球
Friend Ball,フレンドボール,友友球,友友球,友友球,友友球,友友球,友友球
Moon Ball,ムーンボール,月亮球,月亮球,月亮球,月亮球,月亮球,月亮球
Sport Ball,コンペボール,竞赛球,競賽球,竞赛球,競賽球,竞赛球,競賽球
Park Ball,パークボール,公园球,公園球,公园球,公園球,公园球,公園球
Photo Album,フォトアルバム,相册,相簿,相册,相簿,相册,相簿
GB Sounds,ＧＢプレイヤー,ＧＢ播放器,ＧＢ播放器,GB播放器,GB播放器,GB播放器,GB播放器
Tidal Bell,うみなりのスズ,海声铃铛,海聲鈴鐺,海鸣铃铛,海鳴鈴鐺,海声铃铛,海聲鈴鐺
Rage Candy Bar,いかりまんじゅう,愤怒馒头,憤怒饅頭,愤怒馒头,憤怒饅頭,愤怒馒头,憤怒饅頭
Data Card 01,データカード０１,数据卡０１,資料卡０１,资料卡 01,資料卡 01,资料卡 01,資料卡 01
Data Card 02,データカード０２,数据卡０２,資料卡０２,资料卡 02,資料卡 02,资料卡 02,資料卡 02
Data Card 03,データカード０３,数据卡０３,資料卡０３,资料卡 03,資料卡 03,资料卡 03,資料卡 03
Data Card 04,データカード０４,数据卡０４,資料卡０４,资料卡 04,資料卡 04,资料卡 04,資料卡 04
Data Card 05,データカード０５,数据卡０５,資料卡０５,资料卡 05,資料卡 05,资料卡 05,資料卡 05
Data Card 06,データカード０６,数据卡０６,資料卡０６,资料卡 06,資料卡 06,资料卡 06,資料卡 06
Data Card 07,データカード０７,数据卡０７,資料卡０７,资料卡 07,資料卡 07,资料卡 07,資料卡 07
Data Card 08,データカード０８,数据卡０８,資料卡０８,资料卡 08,資料卡 08,资料卡 08,資料卡 08
Data Card 09,データカード０９,数据卡０９,資料卡０９,资料卡 09,資料卡 09,资料卡 09,資料卡 09
Data Card 10,データカード１０,数据卡１０,資料卡１０,资料卡 10,資料卡 10,资料卡 10,資料卡 10
Data Card 11,データカード１１,数据卡１１,資料卡１１,资料卡 11,資料卡 11,资料卡 11,資料卡 11
Data Card 12,データカード１２,数据卡１２,資料卡１２,资料卡 12,資料卡 12,资料卡 12,資料卡 12
Data Card 13,データカード１３,数据卡１３,資料卡１３,资料卡 13,資料卡 13,资料卡 13,資料卡 13
Data Card 14,データカード１４,数据卡１４,資料卡１４,资料卡 14,資料卡 14,资料卡 14,資料卡 14
Data Card 15,データカード１５,数据卡１５,資料卡１５,资料卡 15,資料卡 15,资料卡 15,資料卡 15
Data Card 16,データカード１６,数据卡１６,資料卡１６,资料卡 16,資料卡 16,资料卡 16,資料卡 16
Data Card 17,データカード１７,数据卡１７,資料卡１７,资料卡 17,資料卡 17,资料卡 17,資料卡 17
Data Card 18,データカード１８,数据卡１８,資料卡１８,资料卡 18,資料卡 18,资料卡 18,資料卡 18
Data Card 19,データカード１９,数据卡１９,資料卡１９,资料卡 19,資料卡 19,资料卡 19,資料卡 19
Data Card 20,データカード２０,数据卡２０,資料卡２０,资料卡 20,資料卡 20,资料卡 20,資料卡 20
Data Card 21,データカード２１,数据卡２１,資料卡２１,资料卡 21,資料卡 21,资料卡 21,資料卡 21
Data Card 22,データカード２２,数据卡２２,資料卡２２,资料卡 22,資料卡 22,资料卡 22,資料卡 22
Data Card 23,データカード２３,数据卡２３,資料卡２３,资料卡 23,資料卡 23,资料卡 23,資料卡 23
Data Card 24,データカード２４,数据卡２４,資料卡２４,资料卡 24,資料卡 24,资料卡 24,資料卡 24
Data Card 25,データカード２５,数据卡２５,資料卡２５,资料卡 25,資料卡 25,资料卡 25,資料卡 25
Data Card 26,データカード２６,数据卡２６,資料卡２６,资料卡 26,資料卡 26,资料卡 26,資料卡 26
Data Card 27,データカード２７,数据卡２７,資料卡２７,资料卡 27,資料卡 27,资料卡 27,資料卡 27
Jade Orb,もえぎいろのたま,草绿色宝珠,草綠色寶珠,绿色宝珠,綠色寶珠,草绿色宝珠,草綠色寶珠
Lock Capsule,ロックカプセル,上锁的容器,上鎖的容器,上锁的胶囊,上鎖的膠囊,上锁的胶囊,上鎖的膠囊
Red Orb,べにいろのたま,朱红色宝珠,朱紅色寶珠,红色宝珠,紅色寶珠,红色宝珠,紅色寶珠
Blue Orb,あいいろのたま,靛蓝色宝珠,靛藍色寶珠,蓝色宝珠,藍色寶珠,蓝色宝珠,藍色寶珠
Enigma Stone,なぞのすいしょう,谜之水晶,謎之水晶,神秘水晶,神秘水晶,神秘水晶,神秘水晶
Prism Scale,きれいなウロコ,美丽鳞片,美麗鱗片,绮丽鳞片,綺麗鱗片,美丽鳞片,美麗鱗片
Eviolite,しんかのきせき,进化奇石,進化奇石,进化辉石,進化輝石,进化奇石,進化奇石
Float Stone,かるいし,轻石,輕石,浮石,浮石,浮石,浮石
Rocky Helmet,ゴツゴツメット,凸凸头盔,凸凸頭盔,岩石安全帽,岩石安全帽,凸凸头盔,凸凸頭盔
Air Balloon,ふうせん,气球,氣球,气球,氣球,气球,氣球
Red Card,レッドカード,红牌,紅牌,红牌,紅牌,红牌,紅牌
Ring Target,ねらいのまと,标靶,標靶,狙击标靶,狙擊標靶,狙击标靶,狙擊標靶
Binding Band,しめつけバンド,紧绑束带,緊綁束帶,紧固头巾,緊固頭巾,紧固头巾,緊固頭巾
Absorb Bulb,きゅうこん,球根,球根,球根,球根,球根,球根
Cell Battery,じゅうでんち,充电电池,充電電池,充电电池,充電電池,充电电池,充電電池
Eject Button,だっしゅつボタン,逃脱按键,逃脫按鍵,逃脱按钮,逃脫按鈕,逃脱按钮,逃脫按鈕
Fire Gem,ほのおのジュエル,火之宝石,火之寶石,炎之宝石,炎之寶石,炎之宝石,炎之寶石
Water Gem,みずのジュエル,水之宝石,水之寶石,水之宝石,水之寶石,水之宝石,水之寶石
Electric Gem,でんきのジュエル,电之宝石,電之寶石,电之宝石,電之寶石,电之宝石,電之寶石
Grass Gem,くさのジュエル,草之宝石,草之寶石,草之宝石,草之寶石,草之宝石,草之寶石
Ice Gem,こおりのジュエル,冰之宝石,冰之寶石,冰之宝石,冰之寶石,冰之宝石,冰之寶石
Fighting Gem,かくとうジュエル,格斗宝石,格鬥寶石,格斗宝石,格鬥寶石,格斗宝石,格鬥寶石
Poison Gem,どくのジュエル,毒之宝石,毒之寶石,毒之宝石,毒之寶石,毒之宝石,毒之寶石
Ground Gem,じめんのジュエル,地面宝石,地面寶石,地上宝石,地上寶石,地面宝石,地面寶石
Flying Gem,ひこうのジュエル,飞行宝石,飛行寶石,飞行宝石,飛行寶石,飞行宝石,飛行寶石
Psychic Gem,エスパージュエル,超能力宝石,超能力寶石,超能宝石,超能寶石,超能宝石,超能寶石
Bug Gem,むしのジュエル,虫之宝石,蟲之寶石,虫之宝石,蟲之寶石,虫之宝石,蟲之寶石
Rock Gem,いわのジュエル,岩石宝石,岩石寶石,岩石宝石,岩石寶石,岩石宝石,岩石寶石
Ghost Gem,ゴーストジュエル,幽灵宝石,幽靈寶石,幽灵宝石,幽靈寶石,幽灵宝石,幽靈寶石
Dragon Gem,ドラゴンジュエル,龙之宝石,龍之寶石,龙之宝石,龍之寶石,龙之宝石,龍之寶石
Dark Gem,あくのジュエル,恶之宝石,惡之寶石,恶之宝石,惡之寶石,恶之宝石,惡之寶石
Steel Gem,はがねのジュエル,钢之宝石,鋼之寶石,钢之宝石,鋼之寶石,钢之宝石,鋼之寶石
Normal Gem,ノーマルジュエル,一般宝石,一般寶石,一般宝石,一般寶石,一般宝石,一般寶石
Health Wing,たいりょくのハネ,体力之羽,體力之羽,体力羽毛,體力羽毛,体力羽毛,體力羽毛
Muscle Wing,きんりょくのハネ,肌力之羽,肌力之羽,肌力羽毛,肌力羽毛,肌力羽毛,肌力羽毛
Resist Wing,ていこうのハネ,抵抗之羽,抵抗之羽,抵抗羽毛,抵抗羽毛,抵抗羽毛,抵抗羽毛
Genius Wing,ちりょくのハネ,智力之羽,智力之羽,智力羽毛,智力羽毛,智力羽毛,智力羽毛
Clever Wing,せいしんのハネ,精神之羽,精神之羽,精神羽毛,精神羽毛,精神羽毛,精神羽毛
Swift Wing,しゅんぱつのハネ,瞬发之羽,瞬發之羽,瞬发羽毛,瞬發羽毛,瞬发羽毛,瞬發羽毛
Pretty Wing,きれいなハネ,美丽之羽,美麗之羽,美丽羽毛,美麗羽毛,美丽羽毛,美麗羽毛
Cover Fossil,ふたのカセキ,背盖化石,背蓋化石,盖状化石,蓋狀化石,盖状化石,蓋狀化石
Plume Fossil,はねのカセキ,羽毛化石,羽毛化石,羽之化石,羽之化石,羽之化石,羽之化石
Liberty Pass,リバティチケット,自由船票,自由船票,自由船票,自由船票,自由船票,自由船票
Pass Orb,デルダマ,释出之玉,釋出之玉,释出之玉,釋出之玉,释出之玉,釋出之玉
Dream Ball,ドリームボール,梦境球,夢境球,梦境球,夢境球,梦境球,夢境球
Poké Toy,ポケじゃらし,宝可尾草,寶可尾草,神奇宝贝玩具,神奇寶貝玩具,宝可尾草,寶可尾草
Prop Case,グッズケース,物品箱,物品箱,饰物盒,飾物盒,饰物盒,飾物盒
Dragon Skull,ドラゴンのホネ,龙之骨,龍之骨,龙的骸骨,龍的骸骨,龙的骸骨,龍的骸骨
Balm Mushroom,かおるキノコ,芳香蘑菇,芳香蘑菇,芳香蘑菇,芳香蘑菇,芳香蘑菇,芳香蘑菇
Big Nugget,でかいきんのたま,巨大金珠,巨大金珠,大金色珠,大金色珠,巨大金珠,巨大金珠
Pearl String,おだんごしんじゅ,丸子珍珠,丸子珍珠,珍珠团子,珍珠團子,珍珠团子,珍珠團子
Comet Shard,すいせいのかけら,彗星碎片,彗星碎片,彗星碎片,彗星碎片,彗星碎片,彗星碎片
Relic Copper,こだいのどうか,古代铜币,古代銅幣,古代铜币,古代銅幣,古代铜币,古代銅幣
Relic Silver,こだいのぎんか,古代银币,古代銀幣,古代银币,古代銀幣,古代银币,古代銀幣
Relic Gold,こだいのきんか,古代金币,古代金幣,古代金币,古代金幣,古代金币,古代金幣
Relic Vase,こだいのツボ,古代之壶,古代之壺,古代之壶,古代之壺,古代之壶,古代之壺
Relic Band,こだいのうでわ,古代手镯,古代手鐲,古代手镯,古代手鐲,古代手镯,古代手鐲
Relic Statue,こだいのせきぞう,古代石像,古代石像,古代石像,古代石像,古代石像,古代石像
Relic Crown,こだいのおうかん,古代王冠,古代王冠,古代王冠,古代王冠,古代王冠,古代王冠
Casteliacone,ヒウンアイス,飞云冰淇淋,飛雲冰淇淋,飞云冰淇淋,飛雲冰淇淋,飞云冰淇淋,飛雲冰淇淋
Dire Hit 2,クリティカット２,要害攻击２,要害攻擊２,要害攻击 2,要害攻擊 2,要害攻击２,要害攻擊２
X Speed 2,スピーダー２,速度强化２,速度強化２,速度增加 2,速度增加 2,速度增加 2,速度增加 2
X Sp. Atk 2,ＳＰアップ２,特攻强化２,特攻強化２,特殊增强 2,特殊增強 2,特殊增强 2,特殊增強 2
X Sp. Def 2,ＳＰガード２,特防强化２,特防強化２,特防强化 2,特防強化 2,特防强化 2,特防強化 2
X Defense 2,ディフェンダー２,防御强化２,防禦強化２,伤害预防 2,傷害預防 2,伤害预防 2,傷害預防 2
X Attack 2,プラスパワー２,力量强化２,力量強化２,力量增强 2,力量增強 2,力量增强 2,力量增強 2
X Accuracy 2,ヨクアタール２,命中强化２,命中強化２,命中加强 2,命中加強 2,命中强化 2,命中強化 2
X Speed 3,スピーダー３,速度强化３,速度強化３,速度增加 3,速度增加 3,速度增加 3,速度增加 3
X Sp. Atk 3,ＳＰアップ３,特攻强化３,特攻強化３,特殊增强 3,特殊增強 3,特殊增强 3,特殊增強 3
X Sp. Def 3,ＳＰガード３,特防强化３,特防強化３,特防强化 3,特防強化 3,特防强化 3,特防強化 3
X Defense 3,ディフェンダー３,防御强化３,防禦強化３,伤害预防 3,傷害預防 3,伤害预防 3,傷害預防 3
X Attack 3,プラスパワー３,力量强化３,力量強化３,力量增强 3,力量增強 3,力量增强 3,力量增強 3
X Accuracy 3,ヨクアタール３,命中强化３,命中強化３,命中加强 3,命中加強 3,命中强化 3,命中強化 3
X Speed 6,スピーダー６,速度强化６,速度強化６,速度增加 6,速度增加 6,速度增加 6,速度增加 6
X Sp. Atk 6,ＳＰアップ６,特攻强化６,特攻強化６,特殊增强 6,特殊增強 6,特殊增强 6,特殊增強 6
X Sp. Def 6,ＳＰガード６,特防强化６,特防強化６,特防强化 6,特防強化 6,特防强化 6,特防強化 6
X Defense 6,ディフェンダー６,防御强化６,防禦強化６,伤害预防 6,傷害預防 6,伤害预防 6,傷害預防 6
X Attack 6,プラスパワー６,力量强化６,力量強化６,力量增强 6,力量增強 6,力量增强 6,力量增強 6
X Accuracy 6,ヨクアタール６,命中强化６,命中強化６,命中加强 6,命中加強 6,命中强化 6,命中強化 6
Dire Hit 3,クリティカット３,要害攻击３,要害攻擊３,要害攻击 3,要害攻擊 3,要害攻击３,要害攻擊３
Light Stone,ライトストーン,光明石,光明石,光芒石,光芒石,光芒石,光芒石
Dark Stone,ダークストーン,黑暗石,黑闇石,黑暗石,黑闇石,黑暗石,黑闇石
TM93,わざマシン９３,招式学习器９３,招式學習器９３,技能学习器93,技能學習器93,招式学习器９３,招式學習器９３
TM94,わざマシン９４,招式学习器９４,招式學習器９４,技能学习器94,技能學習器94,招式学习器９４,招式學習器９４
TM95,わざマシン９５,招式学习器９５,招式學習器９５,技能学习器95,技能學習器95,招式学习器９５,招式學習器９５
Xtransceiver,ライブキャスター,即时通讯器,即時通訊器,实况转播器,實況轉播器,实况转播器,實況轉播器
???,ゴッドストーン,神石,神石,神石,神石,神石,神石
Gram 1,はいたつぶつ１,配送物品１,配送物品１,转交物品1,轉交物品1,配送物品１,配送物品１
Gram 2,はいたつぶつ２,配送物品２,配送物品２,转交物品2,轉交物品2,配送物品２,配送物品２
Gram 3,はいたつぶつ３,配送物品３,配送物品３,转交物品3,轉交物品3,配送物品３,配送物品３
Xtransceiver,ライブキャスター,即时通讯器,即時通訊器,立体影像转播器,立體影像轉播器,立体影像转播器,立體影像轉播器
Medal Box,メダルボックス,奖牌盒,獎牌盒,奖章盒,獎章盒,奖牌盒,獎牌盒
DNA Splicers,いでんしのくさび,基因之楔,基因之楔,基因之楔,基因之楔,基因之楔,基因之楔
DNA Splicers,いでんしのくさび,基因之楔,基因之楔,基因之楔,基因之楔,基因之楔,基因之楔
Permit,きょかしょう,许可证,許可證,许可证,許可證,许可证,許可證
Oval Charm,まるいおまもり,圆形护符,圓形護符,圆形护符,圓形護符,圆形护符,圓形護符
Shiny Charm,ひかるおまもり,闪耀护符,閃耀護符,闪耀护符,閃耀護符,闪耀护符,閃耀護符
Plasma Card,プラズマカード,等离子卡,等離子卡,电浆卡片,電漿卡片,电浆卡片,電漿卡片
Grubby Hanky,よごれたハンカチ,脏手帕,髒手帕,脏手帕,髒手帕,脏手帕,髒手帕
Colress Machine,アクロママシーン,阿克罗玛机器,阿克羅瑪機器,阿克罗玛机器,阿克羅瑪機器,阿克罗玛机器,阿克羅瑪機器
Dropped Item,わすれもの,遗忘物,遺忘物,遗落的东西,遺落的東西,遗忘物,遺忘物
Dropped Item,わすれもの,遗忘物,遺忘物,遗落的东西,遺落的東西,遗忘物,遺忘物
Reveal Glass,うつしかがみ,现形镜,現形鏡,写形镜,寫形鏡,写形镜,寫形鏡
Weakness Policy,じゃくてんほけん,弱点保险,弱點保險,弱点保险,弱點保險,弱点保险,弱點保險
Assault Vest,とつげきチョッキ,突击背心,突擊背心,突击护甲,突擊護甲,突击背心,突擊背心
Holo Caster,ホロキャスター,全息影像通讯器,全像投影通訊器,立体影像转播器,立體影像轉播器,立体影像转播器,立體影像轉播器
Prof's Letter,はかせのてがみ,博士的信,博士的信,博士的信,博士的信,博士的信,博士的信
Roller Skates,ローラースケート,轮滑鞋,溜冰鞋,直排轮,直排輪,直排轮,直排輪
Pixie Plate,せいれいプレート,妖精石板,妖精石板,精灵板块,精靈板塊,妖精石板,妖精石板
Ability Capsule,とくせいカプセル,特性胶囊,特性膠囊,特性胶囊,特性膠囊,特性胶囊,特性膠囊
Whipped Dream,ホイップポップ,泡沫奶油,泡沫奶油,泡泡奶油,泡泡奶油,泡沫奶油,泡沫奶油
Sachet,においぶくろ,香袋,香袋,香囊,香囊,香袋,香袋
Luminous Moss,ひかりごけ,光苔,光苔,光苔,光苔,光苔,光苔
Snowball,ゆきだま,雪球,雪球,雪球,雪球,雪球,雪球
Safety Goggles,ぼうじんゴーグル,防尘护目镜,防塵護目鏡,防尘护眼镜,防塵護眼鏡,防尘护目镜,防塵護目鏡
Poké Flute,ポケモンのふえ,宝可梦之笛,寶可夢之笛,神奇宝贝之笛,神奇寶貝之笛,宝可梦笛子,寶可夢笛子
Rich Mulch,たわわこやし,硕果肥,碩果肥,硕果肥,碩果肥,硕果肥,碩果肥
Surprise Mulch,びっくりこやし,吃惊肥,吃驚肥,惊讶肥,驚訝肥,吃惊肥,吃驚肥
Boost Mulch,ぐんぐんこやし,劲劲肥,勁勁肥,劲劲肥,勁勁肥,劲劲肥,勁勁肥
Amaze Mulch,とんでもこやし,超效肥,超效肥,荒诞肥,荒誕肥,超效肥,超效肥
Gengarite,ゲンガナイト,耿鬼进化石,耿鬼進化石,耿鬼进化石,耿鬼進化石,耿鬼进化石,耿鬼進化石
Gardevoirite,サーナイトナイト,沙奈朵进化石,沙奈朵進化石,沙奈朵进化石,沙奈朵進化石,沙奈朵进化石,沙奈朵進化石
Ampharosite,デンリュウナイト,电龙进化石,電龍進化石,电龙进化石,電龍進化石,电龙进化石,電龍進化石
Venusaurite,フシギバナイト,妙蛙花进化石,妙蛙花進化石,妙蛙花进化石,妙蛙花進化石,妙蛙花进化石,妙蛙花進化石
Charizardite X,リザードナイトＸ,喷火龙进化石Ｘ,噴火龍進化石Ｘ,喷火龙进化石X,噴火龍進化石X,喷火龙进化石Ｘ,噴火龍進化石Ｘ
Blastoisinite,カメックスナイト,水箭龟进化石,水箭龜進化石,水箭龟进化石,水箭龜進化石,水箭龟进化石,水箭龜進化石
Mewtwonite X,ミュウツナイトＸ,超梦进化石Ｘ,超夢進化石Ｘ,超梦进化石X,超夢進化石X,超梦进化石Ｘ,超夢進化石Ｘ
Mewtwonite Y,ミュウツナイトＹ,超梦进化石Ｙ,超夢進化石Ｙ,超梦进化石Y,超夢進化石Y,超梦进化石Ｙ,超夢進化石Ｙ
Blazikenite,バシャーモナイト,火焰鸡进化石,火焰雞進化石,火焰鸡进化石,火焰雞進化石,火焰鸡进化石,火焰雞進化石
Medichamite,チャーレムナイト,恰雷姆进化石,恰雷姆進化石,恰雷姆进化石,恰雷姆進化石,恰雷姆进化石,恰雷姆進化石
Houndoominite,ヘルガナイト,黑鲁加进化石,黑魯加進化石,黑鲁加进化石,黑魯加進化石,黑鲁加进化石,黑魯加進化石
Aggronite,ボスゴドラナイト,波士可多拉进化石,波士可多拉進化石,波士可多拉进化石,波士可多拉進化石,波士可多拉进化石,波士可多拉進化石
Banettite,ジュペッタナイト,诅咒娃娃进化石,詛咒娃娃進化石,诅咒娃娃进化石,詛咒娃娃進化石,诅咒娃娃进化石,詛咒娃娃進化石
Tyranitarite,バンギラスナイト,班基拉斯进化石,班基拉斯進化石,班吉拉进化石,班吉拉進化石,班基拉斯进化石,班基拉斯進化石
Scizorite,ハッサムナイト,巨钳螳螂进化石,巨鉗螳螂進化石,巨钳螳螂进化石,巨鉗螳螂進化石,巨钳螳螂进化石,巨鉗螳螂進化石
Pinsirite,カイロスナイト,凯罗斯进化石,凱羅斯進化石,大甲进化石,大甲進化石,凯罗斯进化石,凱羅斯進化石
Aerodactylite,プテラナイト,化石翼龙进化石,化石翼龍進化石,化石翼龙进化石,化石翼龍進化石,化石翼龙进化石,化石翼龍進化石
Lucarionite,ルカリオナイト,路卡利欧进化石,路卡利歐進化石,路卡利欧进化石,路卡利歐進化石,路卡利欧进化石,路卡利歐進化石
Abomasite,ユキノオナイト,暴雪王进化石,暴雪王進化石,暴雪王进化石,暴雪王進化石,暴雪王进化石,暴雪王進化石
Kangaskhanite,ガルーラナイト,袋兽进化石,袋獸進化石,袋龙进化石,袋龍進化石,袋兽进化石,袋獸進化石
Gyaradosite,ギャラドスナイト,暴鲤龙进化石,暴鯉龍進化石,暴鲤龙进化石,暴鯉龍進化石,暴鲤龙进化石,暴鯉龍進化石
Absolite,アブソルナイト,阿勃梭鲁进化石,阿勃梭魯進化石,阿勃梭鲁进化石,阿勃梭魯進化石,阿勃梭鲁进化石,阿勃梭魯進化石
Charizardite Y,リザードナイトＹ,喷火龙进化石Ｙ,噴火龍進化石Ｙ,喷火龙进化石Y,噴火龍進化石Y,喷火龙进化石Ｙ,噴火龍進化石Ｙ
Alakazite,フーディナイト,胡地进化石,胡地進化石,胡地进化石,胡地進化石,胡地进化石,胡地進化石
Heracronite,ヘラクロスナイト,赫拉克罗斯进化石,赫拉克羅斯進化石,赫拉克罗斯进化石,赫拉克羅斯進化石,赫拉克罗斯进化石,赫拉克羅斯進化石
Mawilite,クチートナイト,大嘴娃进化石,大嘴娃進化石,大嘴娃进化石,大嘴娃進化石,大嘴娃进化石,大嘴娃進化石
Manectite,ライボルトナイト,雷电兽进化石,雷電獸進化石,雷电兽进化石,雷電獸進化石,雷电兽进化石,雷電獸進化石
Garchompite,ガブリアスナイト,烈咬陆鲨进化石,烈咬陸鯊進化石,烈咬陆鲨进化石,烈咬陸鯊進化石,烈咬陆鲨进化石,烈咬陸鯊進化石
Latiasite,ラティアスナイト,拉帝亚斯进化石,拉帝亞斯進化石,拉帝亚斯进化石,拉帝亞斯進化石,拉帝亚斯进化石,拉帝亞斯進化石
Latiosite,ラティオスナイト,拉帝欧斯进化石,拉帝歐斯進化石,拉帝欧斯进化石,拉帝歐斯進化石,拉帝欧斯进化石,拉帝歐斯進化石
Roseli Berry,ロゼルのみ,洛玫果,洛玫果,洛神果,洛神果,洛玫果,洛玫果
Kee Berry,アッキのみ,亚开果,亞開果,阿开果,阿開果,亚开果,亞開果
Maranga Berry,タラプのみ,香罗果,香羅果,香波果,香波果,香罗果,香羅果
Sprinklotad,ハスボーじょうろ,莲叶童子喷壶,蓮葉童子噴壺,莲叶童子浇花器,蓮葉童子澆花器,莲叶童子喷壶,蓮葉童子噴壺
TM96,わざマシン９６,招式学习器９６,招式學習器９６,技能学习器96,技能學習器96,招式学习器９６,招式學習器９６
TM97,わざマシン９７,招式学习器９７,招式學習器９７,技能学习器97,技能學習器97,招式学习器９７,招式學習器９７
TM98,わざマシン９８,招式学习器９８,招式學習器９８,技能学习器98,技能學習器98,招式学习器９８,招式學習器９８
TM99,わざマシン９９,招式学习器９９,招式學習器９９,技能学习器99,技能學習器99,招式学习器９９,招式學習器９９
TM100,わざマシン１００,招式学习器１００,招式學習器１００,技能学习器100,技能學習器100,招式学习器１００,招式學習器１００
Power Plant Pass,はつでんしょパス,发电厂通行证,發電廠通行證,发电厂通行证,發電廠通行證,发电厂通行证,發電廠通行證
Mega Ring,メガリング,超级环,超級環,超进化环,超進化環,超级手环,超級手環
Intriguing Stone,すごそうないし,似珍石,似珍石,奇妙石,奇妙石,似珍石,似珍石
Common Stone,ありふれたいし,常见石,常見石,一般石,一般石,常见石,常見石
Discount Coupon,バーゲンチケット,折价券,折價券,特价券,特價券,折价券,折價券
Elevator Key,エレベータのキー,电梯钥匙,電梯鑰匙,电梯的钥匙,電梯的鑰匙,电梯钥匙,電梯鑰匙
TMV Pass,ＴＭＶパス,ＴＭＶ自由票,ＴＭＶ自由票,TMV通行证,TMV通行證,ＴＭＶ自由票,ＴＭＶ自由票
Honor of Kalos,カロスエンブレム,卡洛斯勋章,卡洛斯勳章,卡洛斯纹章,卡洛斯紋章,卡洛斯勋章,卡洛斯勳章
Adventure Rules,たんけんこころえ,探险心得,探險心得,探险心得,探險心得,探险心得,探險心得
Strange Souvenir,ふしぎなおきもの,神秘摆设,神秘擺設,神奇摆设,神奇擺設,神秘摆设,神秘擺設
Lens Case,レンズケース,隐形眼镜盒,隱形眼鏡盒,隐形眼镜盒,隱形眼鏡盒,隐形眼镜盒,隱形眼鏡盒
Makeup Bag,コスメポーチ,化妆包,化妝包,服饰旅行箱,服飾旅行箱,衣物箱,衣物箱
Travel Trunk,いしょうトランク,衣物箱,衣物箱,服饰旅行箱,服飾旅行箱,衣物箱,衣物箱
Lumiose Galette,ミアレガレット,密阿雷格雷派饼,密阿雷格雷派餅,密阿雷脆皮饼,密阿雷脆皮餅,密阿雷格雷派饼,密阿雷格雷派餅
Shalour Sable,シャラサブレ,娑罗沙布蕾,娑羅沙布蕾,娑罗饼干,娑羅餅乾,娑罗沙布蕾,娑羅沙布蕾
Jaw Fossil,アゴのカセキ,颚之化石,顎之化石,颚之化石,顎之化石,颚之化石,顎之化石
Sail Fossil,ヒレのカセキ,鳍之化石,鰭之化石,鳍之化石,鰭之化石,鳍之化石,鰭之化石
Looker Ticket,ハンサムチケット,帅哥券,帥哥券,帅哥票证,帥哥票證,帅哥券,帥哥券
Bike,じてんしゃ,自行车,自行車,自行车,自行車,自行车,自行車
Holo Caster,ホロキャスター,全息影像通讯器,全像投影通訊器,立体影像转播器,立體影像轉播器,立体影像转播器,立體影像轉播器
Fairy Gem,ようせいジュエル,妖精宝石,妖精寶石,妖精宝石,妖精寶石,妖精宝石,妖精寶石
Mega Charm,メガチャーム,超级坠饰,超級墜飾,超进化饰坠,超進化飾墜,超级坠饰,超級墜飾
Mega Glove,メガグローブ,超级手套,超級手套,超级手套,超級手套,超级手套,超級手套
Mach Bike,マッハじてんしゃ,音速自行车,音速自行車,马赫自行车,馬赫自行車,马赫自行车,馬赫自行車
Acro Bike,ダートじてんしゃ,越野自行车,越野自行車,飞跃自行车,飛躍自行車,飞跃自行车,飛躍自行車
Wailmer Pail,ホエルコじょうろ,吼吼鲸喷壶,吼吼鯨噴壺,吼吼鲸喷壶,吼吼鯨噴壺,吼吼鲸喷壶,吼吼鯨噴壺
Devon Parts,デボンのにもつ,得文的物品,得文的物品,得文公司的货物,得文公司的貨物,得文公司的货物,得文公司的貨物
Soot Sack,はいぶくろ,集灰袋,集灰袋,集灰袋,集灰袋,集灰袋,集灰袋
Basement Key,ちかのカギ,地下钥匙,地下鑰匙,地下的钥匙,地下的鑰匙,地下钥匙,地下鑰匙
Pokéblock Kit,ポロックキット,宝可方块套装,寶可方塊組合,能量方块组合,能量方塊組合,能量方块组合,能量方塊組合
Letter,ダイゴへのてがみ,给大吾的信,給大吾的信,给大吾的信,給大吾的信,给大吾的信,給大吾的信
Eon Ticket,むげんのチケット,无限船票,無限船票,无限船票,無限船票,无限船票,無限船票
Scanner,たんちき,探测器,探測器,探测器,探測器,探测器,探測器
Go-Goggles,ゴーゴーゴーグル,ＧＯＧＯ护目镜,ＧＯＧＯ護目鏡,沙尘护目镜,沙塵護目鏡,沙尘护目镜,沙塵護目鏡
Meteorite,いんせき,陨石,隕石,陨石,隕石,陨石,隕石
Key to Room 1,１ごうしつのカギ,１号客房的钥匙,１號客房的鑰匙,1号客房的钥匙,1號客房的鑰匙,１号客房的钥匙,１號客房的鑰匙
Key to Room 2,２ごうしつのカギ,２号客房的钥匙,２號客房的鑰匙,2号客房的钥匙,2號客房的鑰匙,２号客房的钥匙,２號客房的鑰匙
Key to Room 4,４ごうしつのカギ,４号客房的钥匙,４號客房的鑰匙,4号客房的钥匙,4號客房的鑰匙,４号客房的钥匙,４號客房的鑰匙
Key to Room 6,６ごうしつのカギ,６号客房的钥匙,６號客房的鑰匙,6号客房的钥匙,6號客房的鑰匙,６号客房的钥匙,６號客房的鑰匙
Storage Key,そうこのカギ,仓库钥匙,倉庫鑰匙,仓库的钥匙,倉庫的鑰匙,仓库的钥匙,倉庫的鑰匙
Devon Scope,デボンスコープ,得文侦测镜,得文偵測鏡,得文侦测望远镜,得文偵測望遠鏡,得文侦测望远镜,得文偵測望遠鏡
S.S. Ticket,ふねのチケット,船票,船票,船票,船票,船票,船票
HM07,ひでんマシン０７,秘传学习器０７,秘傳學習器０７,秘传技学习器07,秘傳技學習器07,秘传学习器０７,秘傳學習器０７
Devon Scuba Gear,デボンボンベ,得文潜水装备,得文潛水裝備,得文潜水装备,得文潛水裝備,得文潜水装备,得文潛水裝備
Contest Costume,ライブスーツ,演出礼服,演出禮服,汇演礼服,匯演禮服,演出礼服,演出禮服
Contest Costume,ライブドレス,演出礼裙,演出禮裙,汇演舞裙,匯演舞裙,演出礼裙,演出禮裙
Magma Suit,マグマスーツ,熔岩装,熔岩裝,火岩套装,火岩套裝,火岩套装,火岩套裝
Aqua Suit,アクアスーツ,海洋装,海洋裝,水舰套装,水艦套裝,水舰套装,水艦套裝
Pair of Tickets,ペアチケット,双人票,雙人票,双人票,雙人票,双人票,雙人票
Mega Bracelet,メガバングル,超级手镯,超級手鐲,超进化手镯,超進化手鐲,超级手镯,超級手鐲
Mega Pendant,メガペンダント,超级吊坠,超級吊墜,超进化垂饰,超進化垂飾,超级吊坠,超級吊墜
Mega Glasses,メガメガネ,超级眼镜,超級眼鏡,超进化眼镜,超進化眼鏡,超级进化眼镜,超級進化眼鏡
Mega Anchor,メガイカリ,超级船锚,超級船錨,超进化船锚,超進化船錨,超级进化船锚,超級進化船錨
Mega Stickpin,メガラペルピン,超级领针,超級領針,超进化领针,超進化領針,超级进化领针,超級進化領針
Mega Tiara,メガティアラ,超级头冠,超級頭冠,超进化冠饰,超進化冠飾,超级头冠,超級頭冠
Mega Anklet,メガアンクレット,超级脚镯,超級腳鐲,超进化踝环,超進化踝環,超级脚镯,超級腳鐲
Meteorite,いんせき,陨石,隕石,陨石,隕石,陨石,隕石
Swampertite,ラグラージナイト,巨沼怪进化石,巨沼怪進化石,巨沼怪进化石,巨沼怪進化石,巨沼怪进化石,巨沼怪進化石
Sceptilite,ジュカインナイト,蜥蜴王进化石,蜥蜴王進化石,蜥蜴王进化石,蜥蜴王進化石,蜥蜴王进化石,蜥蜴王進化石
Sablenite,ヤミラミナイト,勾魂眼进化石,勾魂眼進化石,勾魂眼进化石,勾魂眼進化石,勾魂眼进化石,勾魂眼進化石
Altarianite,チルタリスナイト,七夕青鸟进化石,七夕青鳥進化石,七夕青鸟进化石,七夕青鳥進化石,七夕青鸟进化石,七夕青鳥進化石
Galladite,エルレイドナイト,艾路雷朵进化石,艾路雷朵進化石,艾路雷朵进化石,艾路雷朵進化石,艾路雷朵进化石,艾路雷朵進化石
Audinite,タブンネナイト,差不多娃娃进化石,差不多娃娃進化石,差不多娃娃进化石,差不多娃娃進化石,差不多娃娃进化石,差不多娃娃進化石
Metagrossite,メタグロスナイト,巨金怪进化石,巨金怪進化石,巨金怪进化石,巨金怪進化石,巨金怪进化石,巨金怪進化石
Sharpedonite,サメハダナイト,巨牙鲨进化石,巨牙鯊進化石,巨牙鲨进化石,巨牙鯊進化石,巨牙鲨进化石,巨牙鯊進化石
Slowbronite,ヤドランナイト,呆壳兽进化石,呆殼獸進化石,呆河马进化石,呆河馬進化石,呆壳兽进化石,呆殼獸進化石
Steelixite,ハガネールナイト,大钢蛇进化石,大鋼蛇進化石,大钢蛇进化石,大鋼蛇進化石,大钢蛇进化石,大鋼蛇進化石
Pidgeotite,ピジョットナイト,大比鸟进化石,大比鳥進化石,比雕进化石,比雕進化石,大比鸟进化石,大比鳥進化石
Glalitite,オニゴーリナイト,冰鬼护进化石,冰鬼護進化石,冰鬼护进化石,冰鬼護進化石,冰鬼护进化石,冰鬼護進化石
Diancite,ディアンシナイト,蒂安希进化石,蒂安希進化石,蒂安希进化石,蒂安希進化石,蒂安希进化石,蒂安希進化石
Prison Bottle,いましめのツボ,惩戒之壶,懲戒之壺,惩戒之壶,懲戒之壺,惩戒之壶,懲戒之壺
Mega Cuff,メガブレス,超级护腕,超級護腕,超进化护腕,超進化護腕,超级护腕,超級護腕
Cameruptite,バクーダナイト,喷火驼进化石,噴火駝進化石,喷火驼进化石,噴火駝進化石,喷火驼进化石,噴火駝進化石
Lopunnite,ミミロップナイト,长耳兔进化石,長耳兔進化石,长耳兔进化石,長耳兔進化石,长耳兔进化石,長耳兔進化石
Salamencite,ボーマンダナイト,暴飞龙进化石,暴飛龍進化石,暴蝾螈进化石,暴蠑螈進化石,暴飞龙进化石,暴飛龍進化石
Beedrillite,スピアナイト,大针蜂进化石,大針蜂進化石,大针蜂进化石,大針蜂進化石,大针蜂进化石,大針蜂進化石
Meteorite,いんせき,陨石,隕石,陨石,隕石,陨石,隕石
Meteorite,いんせき,陨石,隕石,陨石,隕石,陨石,隕石
Key Stone,キーストーン,钥石,鑰石,进化钥石,進化鑰石,钥石,鑰石
Meteorite Shard,いんせきのかけら,陨石碎片,隕石碎片,陨石的碎片,隕石的碎片,陨石碎片,隕石碎片
Eon Flute,むげんのふえ,无限之笛,無限之笛,无限之笛,無限之笛,无限之笛,無限之笛