Pound,はたく,拍击,拍擊,拍击,拍擊,拍击,拍擊
Karate Chop,からてチョップ,空手劈,空手劈,手刀,手刀,空手劈,空手劈
Double Slap,おうふくビンタ,连环巴掌,連環巴掌,连环巴掌,連環巴掌,连环巴掌,連環巴掌
Comet Punch,れんぞくパンチ,连续拳,連續拳,连续拳,連續拳,连续拳,連續拳
Mega Punch,メガトンパンチ,百万吨重拳,百萬噸重拳,百万吨拳击,百萬噸拳擊,百万吨重拳,百萬噸重拳
Pay Day,ネコにこばん,聚宝功,聚寶功,聚宝功,聚寶功,聚宝功,聚寶功
Fire Punch,ほのおのパンチ,火焰拳,火焰拳,火焰拳,火焰拳,火焰拳,火焰拳
Ice Punch,れいとうパンチ,冰冻拳,冰凍拳,急冻拳,急凍拳,冰冻拳,冰凍拳
Thunder Punch,かみなりパンチ,雷电拳,雷電拳,雷光掌,雷光掌,雷电拳,雷電拳
Scratch,ひっかく,抓,抓,利爪,利爪,抓,抓
Vice Grip,はさむ,夹住,夾住,剪断,剪斷,夹住,夾住
Guillotine,ハサミギロチン,断头钳,斷頭鉗,剪刀断头台,剪刀斷頭臺,断头钳,斷頭鉗
Razor Wind,かまいたち,旋风刀,旋風刀,旋风刀,旋風刀,旋风刀,旋風刀
Swords Dance,つるぎのまい,剑舞,劍舞,剑舞,劍舞,剑舞,劍舞
Cut,いあいぎり,居合斩,居合斬,一字斩,一字斬,居合斩,居合斬
Gust,かぜおこし,起风,起風,烈暴风,烈暴風,起风,起風
Wing Attack,つばさでうつ,翅膀攻击,翅膀攻擊,翅膀攻击,翅膀攻擊,翅膀攻击,翅膀攻擊
Whirlwind,ふきとばし,吹飞,吹飛,旋风,旋風,吹飞,吹飛
Fly,そらをとぶ,飞翔,飛翔,飞翔,飛翔,飞翔,飛翔
Bind,しめつける,绑紧,綁緊,绑紧,綁緊,绑紧,綁緊
Slam,たたきつける,摔打,摔打,叩打,叩打,摔打,摔打
Vine Whip,つるのムチ,藤鞭,藤鞭,藤鞭,藤鞭,藤鞭,藤鞭
Stomp,ふみつけ,踩踏,踩踏,践踏,踐踏,踩踏,踩踏
Double Kick,にどげり,二连踢,二連踢,连环腿,連環腿,二连踢,二連踢
Mega Kick,メガトンキック,百万吨重踢,百萬噸重踢,百万吨飞腿,百萬噸飛腿,百万吨重踢,百萬噸重踢
Jump Kick,とびげり,飞踢,飛踢,飞踢,飛踢,飞踢,飛踢
Rolling Kick,まわしげり,回旋踢,迴旋踢,旋风腿,旋風腿,回旋踢,迴旋踢
Sand Attack,すなかけ,泼沙,潑沙,飞沙脚,飛沙腳,泼沙,潑沙
Headbutt,ずつき,头锤,頭錘,铁头功,鐵頭功,头锤,頭錘
Horn Attack,つのでつく,角撞,角撞,角撞,角撞,角撞,角撞
Fury Attack,みだれづき,乱击,亂擊,疯狂攻击,瘋狂攻擊,乱击,亂擊
Horn Drill,つのドリル,角钻,角鑽,独角钻,獨角鑽,角钻,角鑽
Tackle,たいあたり,撞击,撞擊,冲击,衝擊,撞击,撞擊
Body Slam,のしかかり,泰山压顶,泰山壓頂,泰山压顶,泰山壓頂,泰山压顶,泰山壓頂
Wrap,まきつく,紧束,緊束,捆绑,捆綁,紧束,緊束
Take Down,とっしん,猛撞,猛撞,猛撞,猛撞,猛撞,猛撞
Thrash,あばれる,大闹一番,大鬧一番,横冲直撞,橫衝直撞,大闹一番,大鬧一番
Double-Edge,すてみタックル,舍身冲撞,捨身衝撞,舍身攻击,捨身攻擊,舍身冲撞,捨身衝撞
Tail Whip,しっぽをふる,摇尾巴,搖尾巴,摇尾巴,搖尾巴,摇尾巴,搖尾巴
Poison Sting,どくばり,毒针,毒針,毒针,毒針,毒针,毒針
Twineedle,ダブルニードル,双针,雙針,双针,雙針,双针,雙針
Pin Missile,ミサイルばり,飞弹针,飛彈針,飞弹针,飛彈針,飞弹针,飛彈針
Leer,にらみつける,瞪眼,瞪眼,瞪眼,瞪眼,瞪眼,瞪眼
Bite,かみつく,咬住,咬住,咬咬,咬咬,咬住,咬住
Growl,なきごえ,叫声,叫聲,嚎叫,嚎叫,叫声,叫聲
Roar,ほえる,吼叫,吼叫,吼叫,吼叫,吼叫,吼叫
Sing,うたう,唱歌,唱歌,唱歌,唱歌,唱歌,唱歌
Supersonic,ちょうおんぱ,超音波,超音波,超音波,超音波,超音波,超音波
Sonic Boom,ソニックブーム,音爆,音爆,音爆,音爆,音爆,音爆
Disable,かなしばり,定身法,定身法,石化功,石化功,定身法,定身法
Acid,ようかいえき,溶解液,溶解液,溶解液,溶解液,溶解液,溶解液
Ember,ひのこ,火花,火花,火花,火花,火花,火花
Flamethrower,かえんほうしゃ,喷射火焰,噴射火焰,喷射火焰,噴射火焰,喷射火焰,噴射火焰
Mist,しろいきり,白雾,白霧,白雾,白霧,白雾,白霧
Water Gun,みずでっぽう,水枪,水槍,水枪,水槍,水枪,水槍
Hydro Pump,ハイドロポンプ,水炮,水炮,水炮,水炮,水炮,水炮
Surf,なみのり,冲浪,衝浪,冲浪,衝浪,冲浪,衝浪
Ice Beam,れいとうビーム,冰冻光束,冰凍光束,急冻光线,急凍光線,冰冻光束,冰凍光束
Blizzard,ふぶき,暴风雪,暴風雪,暴风雪,暴風雪,暴风雪,暴風雪
Psybeam,サイケこうせん,幻象光线,幻象光線,幻象光,幻象光,幻象光线,幻象光線
Bubble Beam,バブルこうせん,泡沫光线,泡沫光線,泡沫光线,泡沫光線,泡沫光线,泡沫光線
Aurora Beam,オーロラビーム,极光束,極光束,极光束,極光束,极光束,極光束
Hyper Beam,はかいこうせん,破坏光线,破壞光線,破坏死光,破壞死光,破坏光线,破壞光線
Peck,つつく,啄,啄,啄,啄,啄,啄
Drill Peck,ドリルくちばし,啄钻,啄鑽,冲钻,衝鑽,啄钻,啄鑽
Submission,じごくぐるま,地狱翻滚,地獄翻滾,地狱滚动,地獄滾動,地狱翻滚,地獄翻滾
Low Kick,けたぐり,踢倒,踢倒,下踢,下踢,踢倒,踢倒
Counter,カウンター,双倍奉还,雙倍奉還,返拳,返拳,双倍奉还,雙倍奉還
Seismic Toss,ちきゅうなげ,地球上投,地球上投,地球上投,地球上投,地球上投,地球上投
Strength,かいりき,怪力,怪力,劲力,勁力,怪力,怪力
Absorb,すいとる,吸取,吸取,吸收,吸收,吸取,吸取
Mega Drain,メガドレイン,超级吸取,超級吸取,百万吨吸收,百萬噸吸收,超级吸取,超級吸取
Leech Seed,やどりぎのタネ,寄生种子,寄生種子,寄生种子,寄生種子,寄生种子,寄生種子
Growth,せいちょう,生长,生長,生长,生長,生长,生長
Razor Leaf,はっぱカッター,飞叶快刀,飛葉快刀,飞叶快刀,飛葉快刀,飞叶快刀,飛葉快刀
Solar Beam,ソーラービーム,日光束,日光束,阳光烈焰,陽光烈焰,日光束,日光束
Poison Powder,どくのこな,毒粉,毒粉,毒粉末,毒粉末,毒粉,毒粉
Stun Spore,しびれごな,麻痹粉,麻痺粉,麻痹粉,麻痺粉,麻痹粉,麻痺粉
Sleep Powder,ねむりごな,催眠粉,催眠粉,睡眠粉,睡眠粉,催眠粉,催眠粉
Petal Dance,はなびらのまい,花瓣舞,花瓣舞,花之舞,花之舞,花瓣舞,花瓣舞
String Shot,いとをはく,吐丝,吐絲,吐丝,吐絲,吐丝,吐絲
Dragon Rage,りゅうのいかり,龙之怒,龍之怒,龙之怒,龍之怒,龙之怒,龍之怒
Fire Spin,ほのおのうず,火焰旋涡,火焰旋渦,火焰漩涡,火焰漩渦,火焰漩涡,火焰漩渦
Thunder Shock,でんきショック,电击,電擊,电击,電擊,电击,電擊
Thunderbolt,１０まんボルト,十万伏特,十萬伏特,十万伏特,十萬伏特,十万伏特,十萬伏特
Thunder Wave,でんじは,电磁波,電磁波,电磁波,電磁波,电磁波,電磁波
Thunder,かみなり,打雷,打雷,打雷,打雷,打雷,打雷
Rock Throw,いわおとし,落石,落石,滚石,滾石,落石,落石
Earthquake,じしん,地震,地震,地震,地震,地震,地震
Fissure,じわれ,地裂,地裂,地裂,地裂,地裂,地裂
Dig,あなをほる,挖洞,挖洞,挖地洞,挖地洞,挖洞,挖洞
Toxic,どくどく,剧毒,劇毒,猛毒素,猛毒素,剧毒,劇毒
Confusion,ねんりき,念力,念力,念力,念力,念力,念力
Psychic,サイコキネシス,精神强念,精神強念,幻象术,幻象術,精神强念,精神強念
Hypnosis,さいみんじゅつ,催眠术,催眠術,催眠术,催眠術,催眠术,催眠術
Meditate,ヨガのポーズ,瑜伽姿势,瑜伽姿勢,瑜伽姿势,瑜伽姿勢,瑜伽姿势,瑜伽姿勢
Agility,こうそくいどう,高速移动,高速移動,高速移动,高速移動,高速移动,高速移動
Quick Attack,でんこうせっか,电光一闪,電光一閃,电光一闪,電光一閃,电光一闪,電光一閃
Rage,いかり,愤怒,憤怒,愤怒,憤怒,愤怒,憤怒
Teleport,テレポート,瞬间移动,瞬間移動,瞬间移动,瞬間移動,瞬间移动,瞬間移動
Night Shade,ナイトヘッド,黑夜魔影,黑夜魔影,黑夜诅咒,黑夜詛咒,黑夜魔影,黑夜魔影
Mimic,ものまね,模仿,模仿,模仿,模仿,模仿,模仿
Screech,いやなおと,刺耳声,刺耳聲,噪音,噪音,刺耳声,刺耳聲
Double Team,かげぶんしん,影子分身,影子分身,影子分身,影子分身,影子分身,影子分身
Recover,じこさいせい,自我再生,自我再生,自我复原,自我復原,自我再生,自我再生
Harden,かたくなる,变硬,變硬,硬梆梆,硬梆梆,变硬,變硬
Minimize,ちいさくなる,变小,變小,缩小,縮小,变小,變小
Smokescreen,えんまく,烟幕,煙幕,烟幕,煙幕,烟幕,煙幕
Confuse Ray,あやしいひかり,奇异之光,奇異之光,奇异光线,奇異光線,奇异之光,奇異之光
Withdraw,からにこもる,缩入壳中,縮入殼中,缩壳,縮殼,缩入壳中,縮入殼中
Defense Curl,まるくなる,变圆,變圓,防卫卷,防衛卷,变圆,變圓
Barrier,バリアー,屏障,屏障,障碍,障礙,屏障,屏障
Light Screen,ひかりのかべ,光墙,光牆,光墙,光牆,光墙,光牆
Haze,くろいきり,黑雾,黑霧,黑雾,黑霧,黑雾,黑霧
Reflect,リフレクター,反射壁,反射壁,减半反射,減半反射,反射壁,反射壁
Focus Energy,きあいだめ,聚气,聚氣,集气,集氣,聚气,聚氣
Bide,がまん,忍耐,忍耐,忍忍,忍忍,忍耐,忍耐
Metronome,ゆびをふる,挥指,揮指,挥指功,揮指功,挥指,揮指
Mirror Move,オウムがえし,鹦鹉学舌,鸚鵡學舌,学舌术,學舌術,鹦鹉学舌,鸚鵡學舌
Self-Destruct,じばく,自爆,自爆,自爆,自爆,自爆,自爆
Egg Bomb,タマゴばくだん,炸蛋,炸蛋,炸蛋,炸蛋,炸蛋,炸蛋
Lick,したでなめる,舌舔,舌舔,舔舌头,舔舌頭,舌舔,舌舔
Smog,スモッグ,浊雾,濁霧,迷雾,迷霧,浊雾,濁霧
Sludge,ヘドロこうげき,污泥攻击,污泥攻擊,泥浆攻击,泥漿攻擊,污泥攻击,污泥攻擊
Bone Club,ホネこんぼう,骨棒,骨棒,骨棒,骨棒,骨棒,骨棒
Fire Blast,だいもんじ,大字爆炎,大字爆炎,大字爆,大字爆,大字爆炎,大字爆炎
Waterfall,たきのぼり,攀瀑,攀瀑,鱼跃龙门,魚躍龍門,攀瀑,攀瀑
Clamp,からではさむ,贝壳夹击,貝殼夾擊,夹壳,夾殼,贝壳夹击,貝殼夾擊
Swift,スピードスター,高速星星,高速星星,高速星星,高速星星,高速星星,高速星星
Skull Bash,ロケットずつき,火箭头锤,火箭頭錘,火箭头槌,火箭頭槌,火箭头锤,火箭頭錘
Spike Cannon,とげキャノン,尖刺加农炮,尖刺加農炮,尖刺加农炮,尖刺加農炮,尖刺加农炮,尖刺加農炮
Constrict,からみつく,缠绕,纏繞,纠缠,糾纏,缠绕,纏繞
Amnesia,ドわすれ,瞬间失忆,瞬間失憶,瞬间失忆,瞬間失憶,瞬间失忆,瞬間失憶
Kinesis,スプーンまげ,折弯汤匙,折彎湯匙,折弯汤匙,折彎湯匙,折弯汤匙,折彎湯匙
Soft-Boiled,タマゴうみ,生蛋,生蛋,生蛋,生蛋,生蛋,生蛋
High Jump Kick,とびひざげり,飞膝踢,飛膝踢,飞膝撞,飛膝撞,飞膝踢,飛膝踢
Glare,へびにらみ,大蛇瞪眼,大蛇瞪眼,大蛇瞪眼,大蛇瞪眼,大蛇瞪眼,大蛇瞪眼
Dream Eater,ゆめくい,食梦,食夢,食梦,食夢,食梦,食夢
Poison Gas,どくガス,毒瓦斯,毒瓦斯,毒瓦斯,毒瓦斯,毒瓦斯,毒瓦斯
Barrage,たまなげ,投球,投球,丢球,丟球,投球,投球
Leech Life,きゅうけつ,吸血,吸血,吸血,吸血,吸血,吸血
Lovely Kiss,あくまのキッス,恶魔之吻,惡魔之吻,恶魔之吻,惡魔之吻,恶魔之吻,惡魔之吻
Sky Attack,ゴッドバード,神鸟猛击,神鳥猛擊,高空攻击,高空攻擊,神鸟猛击,神鳥猛擊
Transform,へんしん,变身,變身,变身,變身,变身,變身
Bubble,あわ,泡沫,泡沫,泡泡,泡泡,泡沫,泡沫
Dizzy Punch,ピヨピヨパンチ,迷昏拳,迷昏拳,迷昏拳,迷昏拳,迷昏拳,迷昏拳
Spore,キノコのほうし,蘑菇孢子,蘑菇孢子,蘑菇孢子,蘑菇孢子,蘑菇孢子,蘑菇孢子
Flash,フラッシュ,闪光,閃光,闪光,閃光,闪光,閃光
Psywave,サイコウェーブ,精神波,精神波,幻象波,幻象波,精神波,精神波
Splash,はねる,跃起,躍起,水溅跃,水濺躍,跃起,躍起
Acid Armor,とける,溶化,溶化,溶化,溶化,溶化,溶化
Crabhammer,クラブハンマー,蟹钳锤,蟹鉗錘,螃蟹拳,螃蟹拳,蟹钳锤,蟹鉗錘
Explosion,だいばくはつ,大爆炸,大爆炸,大爆炸,大爆炸,大爆炸,大爆炸
Fury Swipes,みだれひっかき,乱抓,亂抓,疯狂乱抓,瘋狂亂抓,乱抓,亂抓
Bonemerang,ホネブーメラン,骨头回力镖,骨頭回力鏢,骨头回力镖,骨頭回力鏢,骨头回力镖,骨頭回力鏢
Rest,ねむる,睡觉,睡覺,睡觉,睡覺,睡觉,睡覺
Rock Slide,いわなだれ,岩崩,岩崩,山崩地裂,山崩地裂,岩崩,岩崩
Hyper Fang,ひっさつまえば,必杀门牙,必殺門牙,必杀门牙,必殺門牙,必杀门牙,必殺門牙
Sharpen,かくばる,棱角化,稜角化,棱角,稜角,棱角化,稜角化
Conversion,テクスチャー,纹理,紋理,变性,變性,纹理,紋理
Tri Attack,トライアタック,三重攻击,三重攻擊,三角攻击,三角攻擊,三重攻击,三重攻擊
Super Fang,いかりのまえば,愤怒门牙,憤怒門牙,愤怒之牙,憤怒之牙,愤怒门牙,憤怒門牙
Slash,きりさく,劈开,劈開,劈开,劈開,劈开,劈開
Substitute,みがわり,替身,替身,替身,替身,替身,替身
Struggle,わるあがき,挣扎,掙扎,挣扎,掙扎,挣扎,掙扎
Sketch,スケッチ,写生,寫生,写生,寫生,写生,寫生
Triple Kick,トリプルキック,三连踢,三連踢,三倍足攻,三倍足攻,三连踢,三連踢
Thief,どろぼう,小偷,小偷,小偷,小偷,小偷,小偷
Spider Web,クモのす,蛛网,蛛網,蛛丝,蛛絲,蛛网,蛛網
Mind Reader,こころのめ,心之眼,心之眼,心眼,心眼,心之眼,心之眼
Nightmare,あくむ,恶梦,惡夢,恶梦,惡夢,恶梦,惡夢
Flame Wheel,かえんぐるま,火焰轮,火焰輪,火焰轮,火焰輪,火焰轮,火焰輪
Snore,いびき,打鼾,打鼾,打鼾,打鼾,打鼾,打鼾
Curse,のろい,诅咒,詛咒,咒语,咒語,诅咒,詛咒
Flail,じたばた,抓狂,抓狂,手足慌乱,手足慌亂,抓狂,抓狂
Conversion 2,テクスチャー２,纹理２,紋理２,变性II,變性II,纹理２,紋理２
Aeroblast,エアロブラスト,气旋攻击,氣旋攻擊,空气爆炸,空氣爆炸,气旋攻击,氣旋攻擊
Cotton Spore,わたほうし,棉孢子,棉孢子,棉孢子,棉孢子,棉孢子,棉孢子
Reversal,きしかいせい,起死回生,起死回生,起死回生,起死回生,起死回生,起死回生
Spite,うらみ,怨恨,怨恨,痛恨,痛恨,痛恨,痛恨
Powder Snow,こなゆき,细雪,細雪,细雪,細雪,细雪,細雪
Protect,まもる,守住,守住,守住,守住,守住,守住
Mach Punch,マッハパンチ,音速拳,音速拳,音速拳,音速拳,音速拳,音速拳
Scary Face,こわいかお,鬼面,鬼面,鬼脸,鬼臉,鬼面,鬼面
Feint Attack,だましうち,出奇一击,出奇一擊,虚晃一招,虛晃一招,出奇一击,出奇一擊
Sweet Kiss,てんしのキッス,天使之吻,天使之吻,天使之吻,天使之吻,天使之吻,天使之吻
Belly Drum,はらだいこ,腹鼓,腹鼓,肚子大鼓,肚子大鼓,腹鼓,腹鼓
Sludge Bomb,ヘドロばくだん,污泥炸弹,污泥炸彈,臭泥爆弹,臭泥爆彈,污泥炸弹,污泥炸彈
Mud-Slap,どろかけ,掷泥,擲泥,泥汤,泥湯,掷泥,擲泥
Octazooka,オクタンほう,章鱼桶炮,章魚桶炮,章鱼桶炮,章魚桶炮,章鱼桶炮,章魚桶炮
Spikes,まきびし,撒菱,撒菱,满地星,滿地星,撒菱,撒菱
Zap Cannon,でんじほう,电磁炮,電磁炮,电磁炮,電磁炮,电磁炮,電磁炮
Foresight,みやぶる,识破,識破,看破,看破,识破,識破
Destiny Bond,みちづれ,同命,同命,同命,同命,同命,同命
Perish Song,ほろびのうた,灭亡之歌,滅亡之歌,灭亡之歌,滅亡之歌,灭亡之歌,滅亡之歌
Icy Wind,こごえるかぜ,冰冻之风,冰凍之風,冻风,凍風,冰冻之风,冰凍之風
Detect,みきり,看穿,看穿,先决,先決,先决,先決
Bone Rush,ボーンラッシュ,骨棒乱打,骨棒亂打,骨击一气,骨擊一氣,骨棒乱打,骨棒亂打
Lock-On,ロックオン,锁定,鎖定,锁定,鎖定,锁定,鎖定
Outrage,げきりん,逆鳞,逆鱗,龙鳞之怒,龍鱗之怒,逆鳞,逆鱗
Sandstorm,すなあらし,沙暴,沙暴,沙雹,沙雹,沙暴,沙暴
Giga Drain,ギガドレイン,终极吸取,終極吸取,超级吸收,超級吸收,终极吸取,終極吸取
Endure,こらえる,挺住,挺住,忍耐,忍耐,挺住,挺住
Charm,あまえる,撒娇,撒嬌,撒娇,撒嬌,撒娇,撒嬌
Rollout,ころがる,滚动,滾動,滚动,滾動,滚动,滾動
False Swipe,みねうち,点到为止,點到為止,刀背击打,刀背擊打,点到为止,點到為止
Swagger,いばる,虚张声势,虛張聲勢,装腔作势,裝腔作勢,虚张声势,虛張聲勢
Milk Drink,ミルクのみ,喝牛奶,喝牛奶,饮奶,飲奶,喝牛奶,喝牛奶
Spark,スパーク,电光,電光,闪电,閃電,电光,電光
Fury Cutter,れんぞくぎり,连斩,連斬,连切,連切,连斩,連斬
Steel Wing,はがねのつばさ,钢翼,鋼翼,钢翼,鋼翼,钢翼,鋼翼
Mean Look,くろいまなざし,黑色目光,黑色目光,黑色眼光,黑色眼光,黑色目光,黑色目光
Attract,メロメロ,迷人,迷人,迷人,迷人,迷人,迷人
Sleep Talk,ねごと,梦话,夢話,梦话,夢話,梦话,夢話
Heal Bell,いやしのすず,治愈铃声,治癒鈴聲,治愈铃声,治癒鈴聲,治愈铃声,治癒鈴聲
Return,おんがえし,报恩,報恩,报恩,報恩,报恩,報恩
Present,プレゼント,礼物,禮物,礼物,禮物,礼物,禮物
Frustration,やつあたり,迁怒,遷怒,牵连,牽連,迁怒,遷怒
Safeguard,しんぴのまもり,神秘守护,神秘守護,神秘护身,神秘護身,神秘守护,神秘守護
Pain Split,いたみわけ,分担痛楚,分擔痛楚,分享痛楚,分享痛楚,分担痛楚,分擔痛楚
Sacred Fire,せいなるほのお,神圣之火,神聖之火,圣之火,聖之火,神圣之火,神聖之火
Magnitude,マグニチュード,震级,震級,震级,震級,震级,震級
Dynamic Punch,ばくれつパンチ,爆裂拳,爆裂拳,爆裂拳,爆裂拳,爆裂拳,爆裂拳
Megahorn,メガホーン,超级角击,超級角擊,百万吨角击,百萬噸角擊,超级角击,超級角擊
Dragon Breath,りゅうのいぶき,龙息,龍息,龙吸,龍吸,龙息,龍息
Baton Pass,バトンタッチ,接棒,接棒,接棒,接棒,接棒,接棒
Encore,アンコール,再来一次,再來一次,再来一次,再來一次,再来一次,再來一次
Pursuit,おいうち,追打,追打,追打,追打,追打,追打
Rapid Spin,こうそくスピン,高速旋转,高速旋轉,高速回转,高速迴轉,高速旋转,高速旋轉
Sweet Scent,あまいかおり,甜甜香气,甜甜香氣,甜气,甜氣,甜甜香气,甜甜香氣
Iron Tail,アイアンテール,铁尾,鐵尾,铁尾,鐵尾,铁尾,鐵尾
Metal Claw,メタルクロー,金属爪,金屬爪,合金爪,合金爪,金属爪,金屬爪
Vital Throw,あてみなげ,借力摔,借力摔,一招制敌,一招制敵,借力摔,借力摔
Morning Sun,あさのひざし,晨光,晨光,晨光,晨光,晨光,晨光
Synthesis,こうごうせい,光合作用,光合作用,光学合成,光學合成,光合作用,光合作用
Moonlight,つきのひかり,月光,月光,月光,月光,月光,月光
Hidden Power,めざめるパワー,觉醒力量,覺醒力量,催醒,催醒,觉醒力量,覺醒力量
Cross Chop,クロスチョップ,十字劈,十字劈,十字切,十字切,十字劈,十字劈
Twister,たつまき,龙卷风,龍捲風,龙卷风,龍捲風,龙卷风,龍捲風
Rain Dance,あまごい,求雨,求雨,乞雨,乞雨,求雨,求雨
Sunny Day,にほんばれ,大晴天,大晴天,大晴天,大晴天,大晴天,大晴天
Crunch,かみくだく,咬碎,咬碎,咬碎,咬碎,咬碎,咬碎
Mirror Coat,ミラーコート,镜面反射,鏡面反射,表面涂层,表面塗層,镜面反射,鏡面反射
Psych Up,じこあんじ,自我暗示,自我暗示,自我暗示,自我暗示,自我暗示,自我暗示
Extreme Speed,しんそく,神速,神速,神速,神速,神速,神速
Ancient Power,げんしのちから,原始之力,原始之力,原始之力,原始之力,原始之力,原始之力
Shadow Ball,シャドーボール,暗影球,暗影球,影子球,影子球,暗影球,暗影球
Future Sight,みらいよち,预知未来,預知未來,先知,先知,预知未来,預知未來
Rock Smash,いわくだき,碎岩,碎岩,岩石粉碎,岩石粉碎,碎岩,碎岩
Whirlpool,うずしお,潮旋,潮旋,潮旋,潮旋,潮旋,潮旋
Beat Up,ふくろだたき,围攻,圍攻,痛打一气,痛打一氣,围攻,圍攻
Fake Out,ねこだまし,击掌奇袭,擊掌奇襲,假动作,假動作,击掌奇袭,擊掌奇襲
Uproar,さわぐ,吵闹,吵鬧,吵闹,吵鬧,吵闹,吵鬧
Stockpile,たくわえる,蓄力,蓄力,储存,儲存,蓄力,蓄力
Spit Up,はきだす,喷出,噴出,喷出,噴出,喷出,噴出
Swallow,のみこむ,吞下,吞下,吞下,吞下,吞下,吞下
Heat Wave,ねっぷう,热风,熱風,热风,熱風,热风,熱風
Hail,あられ,冰雹,冰雹,冰雹,冰雹,冰雹,冰雹
Torment,いちゃもん,无理取闹,無理取鬧,假指控,假指控,无理取闹,無理取鬧
Flatter,おだてる,吹捧,吹捧,煽惑,煽惑,吹捧,吹捧
Will-O-Wisp,おにび,鬼火,鬼火,鬼火,鬼火,鬼火,鬼火
Memento,おきみやげ,临别礼物,臨別禮物,临别礼物,臨別禮物,临别礼物,臨別禮物
Facade,からげんき,硬撑,硬撐,假勇敢,假勇敢,硬撑,硬撐
Focus Punch,きあいパンチ,真气拳,真氣拳,集中猛击,集中猛擊,真气拳,真氣拳
Smelling Salts,きつけ,清醒,清醒,苏醒,甦醒,清醒,清醒
Follow Me,このゆびとまれ,看我嘛,看我嘛,跟我来,跟我來,看我嘛,看我嘛
Nature Power,しぜんのちから,自然之力,自然之力,自然能力,自然能力,自然之力,自然之力
Charge,じゅうでん,充电,充電,充电,充電,充电,充電
Taunt,ちょうはつ,挑衅,挑釁,挑拨,挑撥,挑衅,挑釁
Helping Hand,てだすけ,帮助,幫助,帮助,幫助,帮助,幫助
Trick,トリック,戏法,戲法,骗术,騙術,戏法,戲法
Role Play,なりきり,扮演,扮演,角色扮演,角色扮演,扮演,扮演
Wish,ねがいごと,祈愿,祈願,祈求,祈求,祈愿,祈願
Assist,ねこのて,借助,借助,协助,協助,借助,借助
Ingrain,ねをはる,扎根,扎根,根深蒂固,根深蒂固,扎根,紮根
Superpower,ばかぢから,蛮力,蠻力,蛮力,蠻力,蛮力,蠻力
Magic Coat,マジックコート,魔法反射,魔法反射,魔术外衣,魔術外衣,魔法反射,魔法反射
Recycle,リサイクル,回收利用,回收利用,回收,回收,回收利用,回收利用
Revenge,リベンジ,报复,報復,报仇,報仇,报复,報復
Brick Break,かわらわり,劈瓦,劈瓦,劈瓦,劈瓦,劈瓦,劈瓦
Yawn,あくび,哈欠,哈欠,哈欠,哈欠,哈欠,哈欠
Knock Off,はたきおとす,拍落,拍落,落拳,落拳,拍落,拍落
Endeavor,がむしゃら,蛮干,蠻幹,强攻,強攻,蛮干,蠻幹
Eruption,ふんか,喷火,噴火,喷火,噴火,喷火,噴火
Skill Swap,スキルスワップ,特性互换,特性互換,交换绝招,交換絕招,特性互换,特性互換
Imprison,ふういん,封印,封印,封印,封印,封印,封印
Refresh,リフレッシュ,焕然一新,煥然一新,清新,清新,焕然一新,煥然一新
Grudge,おんねん,怨念,怨念,怨恨,怨恨,怨恨,怨恨
Snatch,よこどり,抢夺,搶奪,抢夺,搶奪,抢夺,搶奪
Secret Power,ひみつのちから,秘密之力,秘密之力,神秘力量,神秘力量,秘密之力,秘密之力
Dive,ダイビング,潜水,潛水,潜水,潛水,潜水,潛水
Arm Thrust,つっぱり,猛推,猛推,猛推,猛推,猛推,猛推
Camouflage,ほごしょく,保护色,保護色,保护色,保護色,保护色,保護色
Tail Glow,ほたるび,萤火,螢火,萤火,螢火,萤火,螢火
Luster Purge,ラスターパージ,洁净光芒,潔淨光芒,洁净光泽,潔淨光澤,洁净光芒,潔淨光芒
Mist Ball,ミストボール,薄雾球,薄霧球,薄雾球,薄霧球,薄雾球,薄霧球
Feather Dance,フェザーダンス,羽毛舞,羽毛舞,羽毛舞,羽毛舞,羽毛舞,羽毛舞
Teeter Dance,フラフラダンス,摇晃舞,搖晃舞,摇晃舞,搖晃舞,摇晃舞,搖晃舞
Blaze Kick,ブレイズキック,火焰踢,火焰踢,火焰踢,火焰踢,火焰踢,火焰踢
Mud Sport,どろあそび,玩泥巴,玩泥巴,玩泥巴,玩泥巴,玩泥巴,玩泥巴
Ice Ball,アイスボール,冰球,冰球,冰球,冰球,冰球,冰球
Needle Arm,ニードルアーム,尖刺臂,尖刺臂,针叶暗器,針葉暗器,尖刺臂,尖刺臂
Slack Off,なまける,偷懒,偷懶,懒惰,懶惰,偷懒,偷懶
Hyper Voice,ハイパーボイス,巨声,巨聲,高音,高音,巨声,巨聲
Poison Fang,どくどくのキバ,剧毒牙,劇毒牙,毒液牙,毒液牙,剧毒牙,劇毒牙
Crush Claw,ブレイククロー,撕裂爪,撕裂爪,突击爪,突擊爪,撕裂爪,撕裂爪
Blast Burn,ブラストバーン,爆炸烈焰,爆炸烈焰,爆炸燃烧,爆炸燃燒,爆炸燃烧,爆炸燃燒
Hydro Cannon,ハイドロカノン,加农水炮,加農水炮,水电炮,水電炮,加农水炮,加農水炮
Meteor Mash,コメットパンチ,彗星拳,彗星拳,流星拳,流星拳,彗星拳,彗星拳
Astonish,おどろかす,惊吓,驚嚇,惊吓,驚嚇,惊吓,驚嚇
Weather Ball,ウェザーボール,气象球,氣象球,气象球,氣象球,气象球,氣象球
Aromatherapy,アロマセラピー,芳香治疗,芳香治療,芳香治疗,芳香治療,芳香治疗,芳香治療
Fake Tears,うそなき,假哭,假哭,假哭,假哭,假哭,假哭
Air Cutter,エアカッター,空气利刃,空氣利刃,破空斩,破空斬,空气利刃,空氣利刃
Overheat,オーバーヒート,过热,過熱,过热,過熱,过热,過熱
Odor Sleuth,かぎわける,气味侦测,氣味偵測,气味侦测,氣味偵測,气味侦测,氣味偵測
Rock Tomb,がんせきふうじ,岩石封锁,岩石封鎖,岩石封闭,岩石封閉,岩石封锁,岩石封鎖
Silver Wind,ぎんいろのかぜ,银色旋风,銀色旋風,银色旋风,銀色旋風,银色旋风,銀色旋風
Metal Sound,きんぞくおん,金属音,金屬音,金属音,金屬音,金属音,金屬音
Grass Whistle,くさぶえ,草笛,草笛,草笛魔音,草笛魔音,草笛,草笛
Tickle,くすぐる,挠痒,搔癢,搔痒,搔癢,搔痒,搔癢
Cosmic Power,コスモパワー,宇宙力量,宇宙力量,无限能量,無限能量,宇宙力量,宇宙力量
Water Spout,しおふき,喷水,噴水,喷水,噴水,喷水,噴水
Signal Beam,シグナルビーム,信号光束,信號光束,信号光束,信號光束,信号光束,信號光束
Shadow Punch,シャドーパンチ,暗影拳,暗影拳,影子拳,影子拳,暗影拳,暗影拳
Extrasensory,じんつうりき,神通力,神通力,神通力,神通力,神通力,神通力
Sky Uppercut,スカイアッパー,冲天拳,衝天拳,上天拳,上天拳,冲天拳,衝天拳
Sand Tomb,すなじごく,流沙地狱,流沙地獄,流沙地狱,流沙地獄,流沙地狱,流沙地獄
Sheer Cold,ぜったいれいど,绝对零度,絕對零度,绝对零度,絕對零度,绝对零度,絕對零度
Muddy Water,だくりゅう,浊流,濁流,浊流,濁流,浊流,濁流
Bullet Seed,タネマシンガン,种子机关枪,種子機關槍,种子机关枪,種子機關槍,种子机关枪,種子機關槍
Aerial Ace,つばめがえし,燕返,燕返,回转攻,迴轉攻,燕返,燕返
Icicle Spear,つららばり,冰锥,冰錐,冰针,冰針,冰锥,冰錐
Iron Defense,てっぺき,铁壁,鐵壁,铁壁,鐵壁,铁壁,鐵壁
Block,とおせんぼう,挡路,擋路,挡路,擋路,挡路,擋路
Howl,とおぼえ,长嚎,長嚎,长嚎,長嚎,长嚎,長嚎
Dragon Claw,ドラゴンクロー,龙爪,龍爪,龙爪,龍爪,龙爪,龍爪
Frenzy Plant,ハードプラント,疯狂植物,瘋狂植物,疯狂机器,瘋狂機器,疯狂植物,瘋狂植物
Bulk Up,ビルドアップ,健美,健美,健美,健美,健美,健美
Bounce,とびはねる,弹跳,彈跳,飞跳,飛跳,弹跳,彈跳
Mud Shot,マッドショット,泥巴射击,泥巴射擊,泥巴射击,泥巴射擊,泥巴射击,泥巴射擊
Poison Tail,ポイズンテール,毒尾,毒尾,毒尾,毒尾,毒尾,毒尾
Covet,ほしがる,渴望,渴望,渴望,渴望,渴望,渴望
Volt Tackle,ボルテッカー,伏特攻击,伏特攻擊,伏特攻击,伏特攻擊,伏特攻击,伏特攻擊
Magical Leaf,マジカルリーフ,魔法叶,魔法葉,魔法叶,魔法葉,魔法叶,魔法葉
Water Sport,みずあそび,玩水,玩水,水之游,水之遊,玩水,玩水
Calm Mind,めいそう,冥想,冥想,冥想,冥想,冥想,冥想
Leaf Blade,リーフブレード,叶刃,葉刃,刀叶,刀葉,叶刃,葉刃
Dragon Dance,りゅうのまい,龙之舞,龍之舞,龙之舞,龍之舞,龙之舞,龍之舞
Rock Blast,ロックブラスト,岩石爆击,岩石爆擊,岩石爆破,岩石爆破,岩石爆击,岩石爆擊
Shock Wave,でんげきは,电击波,電擊波,电击波,電擊波,电击波,電擊波
Water Pulse,みずのはどう,水之波动,水之波動,水波动,水波動,水之波动,水之波動
Doom Desire,はめつのねがい,破灭之愿,破滅之願,破灭愿望,破滅願望,破灭愿望,破滅願望
Psycho Boost,サイコブースト,精神突进,精神突進,精神提升,精神提升,精神突进,精神突進
Roost,はねやすめ,羽栖,羽棲,歇息,歇息,羽栖,羽棲
Gravity,じゅうりょく,重力,重力,重力,重力,重力,重力
Miracle Eye,ミラクルアイ,奇迹之眼,奇跡之眼,奇迹眼,奇蹟眼,奇迹之眼,奇蹟之眼
Wake-Up Slap,めざましビンタ,唤醒巴掌,喚醒巴掌,苏醒巴掌,甦醒巴掌,唤醒巴掌,喚醒巴掌
Hammer Arm,アームハンマー,臂锤,臂錘,臂力拳,臂力拳,臂锤,臂錘
Gyro Ball,ジャイロボール,陀螺球,陀螺球,回转球,迴轉球,陀螺球,陀螺球
Healing Wish,いやしのねがい,治愈之愿,治癒之願,治愈愿望,治癒願望,治愈之愿,治癒之願
Brine,しおみず,盐水,鹽水,盐水,鹽水,盐水,鹽水
Natural Gift,しぜんのめぐみ,自然之恩,自然之恩,自然之恩,自然之恩,自然之恩,自然之恩
Feint,フェイント,佯攻,佯攻,佯攻,佯攻,佯攻,佯攻
Pluck,ついばむ,啄食,啄食,啄食,啄食,啄食,啄食
Tailwind,おいかぜ,顺风,順風,顺风,順風,顺风,順風
Acupressure,つぼをつく,点穴,點穴,点穴,點穴,点穴,點穴
Metal Burst,メタルバースト,金属爆炸,金屬爆炸,合金爆裂,合金爆裂,金属爆炸,金屬爆炸
U-turn,とんぼがえり,急速折返,急速折返,急速转变,急速轉變,急速折返,急速折返
Close Combat,インファイト,近身战,近身戰,近身打,近身打,近身战,近身戰
Payback,しっぺがえし,以牙还牙,以牙還牙,报复,報復,以牙还牙,以牙還牙
Assurance,ダメおし,恶意追击,惡意追擊,再三嘱咐,再三囑咐,恶意追击,惡意追擊
Embargo,さしおさえ,查封,查封,征收,徵收,查封,查封
Fling,なげつける,投掷,投擲,投掷,投擲,投掷,投擲
Psycho Shift,サイコシフト,精神转移,精神轉移,幻象转移,幻象轉移,精神转移,精神轉移
Trump Card,きりふだ,王牌,王牌,王牌,王牌,王牌,王牌
Heal Block,かいふくふうじ,回复封锁,回復封鎖,回复阻挡,回復阻擋,回复封锁,回復封鎖
Wring Out,しぼりとる,绞紧,絞緊,拧干,擰乾,绞紧,絞緊
Power Trick,パワートリック,力量戏法,力量戲法,能量骗术,能量騙術,力量戏法,力量戲法
Gastro Acid,いえき,胃液,胃液,胃液,胃液,胃液,胃液
Lucky Chant,おまじない,幸运咒语,幸運咒語,幸运咒语,幸運咒語,幸运咒语,幸運咒語
Me First,さきどり,抢先一步,搶先一步,先抢先赢,先搶先贏,抢先一步,搶先一步
Copycat,まねっこ,仿效,仿效,仿造,仿造,仿效,仿效
Power Swap,パワースワップ,力量互换,力量互換,力量交换,力量交換,力量互换,力量互換
Guard Swap,ガードスワップ,防守互换,防守互換,防御交换,防禦交換,防守互换,防守互換
Punishment,おしおき,惩罚,懲罰,惩罚,懲罰,惩罚,懲罰
Last Resort,とっておき,珍藏,珍藏,珍藏,珍藏,珍藏,珍藏
Worry Seed,なやみのタネ,烦恼种子,煩惱種子,烦恼种子,煩惱種子,烦恼种子,煩惱種子
Sucker Punch,ふいうち,突袭,突襲,突袭,突襲,突袭,突襲
Toxic Spikes,どくびし,毒菱,毒菱,毒尖钉,毒尖釘,毒菱,毒菱
Heart Swap,ハートスワップ,心灵互换,心靈互換,交换意志,交換意志,心灵互换,心靈互換
Aqua Ring,アクアリング,水流环,水流環,水柱圈,水柱圈,水流环,水流環
Magnet Rise,でんじふゆう,电磁飘浮,電磁飄浮,电磁浮游,電磁浮遊,电磁飘浮,電磁飄浮
Flare Blitz,フレアドライブ,闪焰冲锋,閃焰衝鋒,爆炎电击,爆炎電擊,闪焰冲锋,閃焰衝鋒
Force Palm,はっけい,发劲,發勁,发劲,發勁,发劲,發勁
Aura Sphere,はどうだん,波导弹,波導彈,波导弹,波導彈,波导弹,波導彈
Rock Polish,ロックカット,岩石打磨,岩石打磨,磨光岩石,磨光岩石,岩石打磨,岩石打磨
Poison Jab,どくづき,毒击,毒擊,毒刺,毒刺,毒击,毒擊
Dark Pulse,あくのはどう,恶之波动,惡之波動,恶波动,惡波動,恶之波动,惡之波動
Night Slash,つじぎり,暗袭要害,暗襲要害,街头试刀,街頭試刀,暗袭要害,暗襲要害
Aqua Tail,アクアテール,水流尾,水流尾,水柱尾,水柱尾,水流尾,水流尾
Seed Bomb,タネばくだん,种子炸弹,種子炸彈,种子爆弹,種子爆彈,种子炸弹,種子炸彈
Air Slash,エアスラッシュ,空气斩,空氣斬,空气砍,空氣砍,空气斩,空氣斬
X-Scissor,シザークロス,十字剪,十字剪,剪刀十字拳,剪刀十字拳,十字剪,十字剪
Bug Buzz,むしのさざめき,虫鸣,蟲鳴,虫鸣,蟲鳴,虫鸣,蟲鳴
Dragon Pulse,りゅうのはどう,龙之波动,龍之波動,龙波动,龍波動,龙之波动,龍之波動
Dragon Rush,ドラゴンダイブ,龙之俯冲,龍之俯衝,龙神俯冲,龍神俯衝,龙之俯冲,龍之俯衝
Power Gem,パワージェム,力量宝石,力量寶石,力量宝石,力量寶石,力量宝石,力量寶石
Drain Punch,ドレインパンチ,吸取拳,吸取拳,吸收拳,吸收拳,吸取拳,吸取拳
Vacuum Wave,しんくうは,真空波,真空波,真空波,真空波,真空波,真空波
Focus Blast,きあいだま,真气弹,真氣彈,集气弹,集氣彈,真气弹,真氣彈
Energy Ball,エナジーボール,能量球,能量球,能源球,能源球,能量球,能量球
Brave Bird,ブレイブバード,勇鸟猛攻,勇鳥猛攻,神鸟特攻,神鳥特攻,勇鸟猛攻,勇鳥猛攻
Earth Power,だいちのちから,大地之力,大地之力,大地之力,大地之力,大地之力,大地之力
Switcheroo,すりかえ,掉包,掉包,掉包,掉包,掉包,掉包
Giga Impact,ギガインパクト,终极冲击,終極衝擊,超极冲击,超極衝擊,终极冲击,終極衝擊
Nasty Plot,わるだくみ,诡计,詭計,诡计,詭計,诡计,詭計
Bullet Punch,バレットパンチ,子弹拳,子彈拳,飞弹拳,飛彈拳,子弹拳,子彈拳
Avalanche,ゆきなだれ,雪崩,雪崩,雪崩,雪崩,雪崩,雪崩
Ice Shard,こおりのつぶて,冰砾,冰礫,冰粒,冰粒,冰砾,冰礫
Shadow Claw,シャドークロー,暗影爪,暗影爪,影子钩爪,影子鈎爪,暗影爪,暗影爪
Thunder Fang,かみなりのキバ,雷电牙,雷電牙,雷牙,雷牙,雷电牙,雷電牙
Ice Fang,こおりのキバ,冰冻牙,冰凍牙,冰牙,冰牙,冰冻牙,冰凍牙
Fire Fang,ほのおのキバ,火焰牙,火焰牙,炎牙,炎牙,火焰牙,火焰牙
Shadow Sneak,かげうち,影子偷袭,影子偷襲,影子偷袭,影子偷襲,影子偷袭,影子偷襲
Mud Bomb,どろばくだん,泥巴炸弹,泥巴炸彈,泥巴爆弹,泥巴爆彈,泥巴炸弹,泥巴炸彈
Psycho Cut,サイコカッター,精神利刃,精神利刃,幻象斩,幻象斬,精神利刃,精神利刃
Zen Headbutt,しねんのずつき,意念头锤,意念頭錘,意念头锤,意念頭錘,意念头锤,意念頭錘
Mirror Shot,ミラーショット,镜光射击,鏡光射擊,镜光射击,鏡光射擊,镜光射击,鏡光射擊
Flash Cannon,ラスターカノン,加农光炮,加農光炮,光泽电炮,光澤電炮,加农光炮,加農光炮
Rock Climb,ロッククライム,攀岩,攀岩,攀登岩石,攀登岩石,攀岩,攀岩
Defog,きりばらい,清除浓雾,清除濃霧,清除浓雾,清除濃霧,清除浓雾,清除濃霧
Trick Room,トリックルーム,戏法空间,戲法空間,骗术空间,騙術空間,戏法空间,戲法空間
Draco Meteor,りゅうせいぐん,流星群,流星群,天龙流星,天龍流星,流星群,流星群
Discharge,ほうでん,放电,放電,放电,放電,放电,放電
Lava Plume,ふんえん,喷烟,噴煙,喷烟,噴煙,喷烟,噴煙
Leaf Storm,リーフストーム,飞叶风暴,飛葉風暴,叶暴风,葉暴風,飞叶风暴,飛葉風暴
Power Whip,パワーウィップ,强力鞭打,強力鞭打,能量鞭打,能量鞭打,强力鞭打,強力鞭打
Rock Wrecker,がんせきほう,岩石炮,岩石炮,岩石炮,岩石炮,岩石炮,岩石炮
Cross Poison,クロスポイズン,十字毒刃,十字毒刃,十字毒药,十字毒藥,十字毒刃,十字毒刃
Gunk Shot,ダストシュート,垃圾射击,垃圾射擊,灰尘射击,灰塵射擊,垃圾射击,垃圾射擊
Iron Head,アイアンヘッド,铁头,鐵頭,铁头,鐵頭,铁头,鐵頭
Magnet Bomb,マグネットボム,磁铁炸弹,磁鐵炸彈,磁铁爆弹,磁鐵爆彈,磁铁炸弹,磁鐵炸彈
Stone Edge,ストーンエッジ,尖石攻击,尖石攻擊,尖石攻击,尖石攻擊,尖石攻击,尖石攻擊
Captivate,ゆうわく,诱惑,誘惑,诱惑,誘惑,诱惑,誘惑
Stealth Rock,ステルスロック,隐形岩,隱形岩,隐形岩,隱形岩,隐形岩,隱形岩
Grass Knot,くさむすび,打草结,打草結,打草结,打草結,打草结,打草結
Chatter,おしゃべり,喋喋不休,喋喋不休,喋喋不休,喋喋不休,喋喋不休,喋喋不休
Judgment,さばきのつぶて,制裁光砾,制裁光礫,制裁石砾,制裁石礫,制裁光砾,制裁光礫
Bug Bite,むしくい,虫咬,蟲咬,虫咬,蟲咬,虫咬,蟲咬
Charge Beam,チャージビーム,充电光束,充電光束,充电光束,充電光束,充电光束,充電光束
Wood Hammer,ウッドハンマー,木槌,木槌,木槌,木槌,木槌,木槌
Aqua Jet,アクアジェット,水流喷射,水流噴射,喷射水柱,噴射水柱,水流喷射,水流噴射
Attack Order,こうげきしれい,攻击指令,攻擊指令,攻击指令,攻擊指令,攻击指令,攻擊指令
Defend Order,ぼうぎょしれい,防御指令,防禦指令,防御指令,防禦指令,防御指令,防禦指令
Heal Order,かいふくしれい,回复指令,回復指令,回复指令,回復指令,回复指令,回復指令
Head Smash,もろはのずつき,双刃头锤,雙刃頭錘,双刃头锤,雙刃頭錘,双刃头锤,雙刃頭錘
Double Hit,ダブルアタック,二连击,二連擊,双重攻击,雙重攻擊,二连击,二連擊
Roar of Time,ときのほうこう,时光咆哮,時光咆哮,时间咆哮,時間咆哮,时光咆哮,時光咆哮
Spacial Rend,あくうせつだん,亚空裂斩,亞空裂斬,隔空切断,隔空切斷,亚空裂斩,亞空裂斬
Lunar Dance,みかづきのまい,新月舞,新月舞,新月舞,新月舞,新月舞,新月舞
Crush Grip,にぎりつぶす,捏碎,捏碎,捏碎,捏碎,捏碎,捏碎
Magma Storm,マグマストーム,熔岩风暴,熔岩風暴,岩浆暴风,岩漿暴風,熔岩风暴,熔岩風暴
Dark Void,ダークホール,暗黑洞,暗黑洞,黑洞,黑洞,暗黑洞,闇黑洞
Seed Flare,シードフレア,种子闪光,種子閃光,种子闪光,種子閃光,种子闪光,種子閃光
Ominous Wind,あやしいかぜ,奇异之风,奇異之風,奇异之风,奇異之風,奇异之风,奇異之風
Shadow Force,シャドーダイブ,暗影潜袭,暗影潛襲,影子潜水,影子潛水,暗影潜袭,暗影潛襲
Hone Claws,つめとぎ,磨爪,磨爪,磨爪子,磨爪子,磨爪,磨爪
Wide Guard,ワイドガード,广域防守,廣域防守,全体防御,全體防禦,广域防守,廣域防守
Guard Split,ガードシェア,防守平分,防守平分,防御平分,防禦平分,防守平分,防守平分
Power Split,パワーシェア,力量平分,力量平分,力量平分,力量平分,力量平分,力量平分
Wonder Room,ワンダールーム,奇妙空间,奇妙空間,奇妙空间,奇妙空間,奇妙空间,奇妙空間
Psyshock,サイコショック,精神冲击,精神衝擊,幻象攻击,幻象攻擊,精神冲击,精神衝擊
Venoshock,ベノムショック,毒液冲击,毒液衝擊,毒液攻击,毒液攻擊,毒液冲击,毒液衝擊
Autotomize,ボディパージ,身体轻量化,身體輕量化,体重减轻,體重減輕,身体轻量化,身體輕量化
Rage Powder,いかりのこな,愤怒粉,憤怒粉,愤怒之粉,憤怒之粉,愤怒粉,憤怒粉
Telekinesis,テレキネシス,意念移物,意念移物,心灵传动术,心靈傳動術,意念移物,意念移物
Magic Room,マジックルーム,魔法空间,魔法空間,魔法空间,魔法空間,魔术空间,魔術空間
Smack Down,うちおとす,击落,擊落,击落,擊落,击落,擊落
Storm Throw,やまあらし,山岚摔,山嵐摔,山岚,山嵐,山岚摔,山嵐摔
Flame Burst,はじけるほのお,烈焰溅射,烈焰濺射,爆炸火焰,爆炸火焰,烈焰溅射,烈焰濺射
Sludge Wave,ヘドロウェーブ,污泥波,污泥波,泥浆波,泥漿波,污泥波,污泥波
Quiver Dance,ちょうのまい,蝶舞,蝶舞,蝶之舞,蝶之舞,蝶舞,蝶舞
Heavy Slam,ヘビーボンバー,重磅冲撞,重磅衝撞,沉重轰炸,沉重轟炸,重磅冲撞,重磅衝撞
Synchronoise,シンクロノイズ,同步干扰,同步干擾,同步干扰,同步干擾,同步干扰,同步干擾
Electro Ball,エレキボール,电球,電球,电球,電球,电球,電球
Soak,みずびたし,浸水,浸水,浸水,浸水,浸水,浸水
Flame Charge,ニトロチャージ,蓄能焰袭,蓄能焰襲,火焰袭击,火焰襲擊,蓄能焰袭,蓄能焰襲
Coil,とぐろをまく,盘蜷,盤蜷,盘卷,盤卷,盘蜷,盤蜷
Low Sweep,ローキック,下盘踢,下盤踢,低空踢,低空踢,下盘踢,下盤踢
Acid Spray,アシッドボム,酸液炸弹,酸液炸彈,酸液爆弹,酸液爆彈,酸液爆弹,酸液爆彈
Foul Play,イカサマ,欺诈,欺詐,诈欺,詐欺,诈欺,詐欺
Simple Beam,シンプルビーム,单纯光束,單純光束,单纯光线,單純光線,单纯光束,單純光束
Entrainment,なかまづくり,找伙伴,找夥伴,变为同伴,變為夥伴,找伙伴,找夥伴
After You,おさきにどうぞ,您先请,您先請,你先请,你先請,您先请,您先請
Round,りんしょう,轮唱,輪唱,轮唱,輪唱,轮唱,輪唱
Echoed Voice,エコーボイス,回声,回聲,回音,回音,回音,回音
Chip Away,なしくずし,逐步击破,逐步擊破,循序渐进,循序漸進,逐步击破,逐步擊破
Clear Smog,クリアスモッグ,清除之烟,清除之煙,清除迷雾,清除迷霧,清除之烟,清除之煙
Stored Power,アシストパワー,辅助力量,輔助力量,协助力量,協助力量,辅助力量,輔助力量
Quick Guard,ファストガード,快速防守,快速防守,先制防御,先制防禦,快速防守,快速防守
Ally Switch,サイドチェンジ,交换场地,交換場地,位置交换,位置交換,交换场地,交換場地
Scald,ねっとう,热水,熱水,热水,熱水,热水,熱水
Shell Smash,からをやぶる,破壳,破殼,破壳,破殼,破壳,破殼
Heal Pulse,いやしのはどう,治愈波动,治癒波動,治愈波动,治癒波動,治愈波动,治癒波動
Hex,たたりめ,祸不单行,禍不單行,厄运临头,厄運臨頭,祸不单行,禍不單行
Sky Drop,フリーフォール,自由落体,自由落體,自由落体,自由落體,自由落体,自由落體
Shift Gear,ギアチェンジ,换挡,換檔,交换齿轮,交換齒輪,换挡,換檔
Circle Throw,ともえなげ,巴投,巴投,巴投,巴投,巴投,巴投
Incinerate,やきつくす,烧尽,燒盡,烧尽,燒盡,烧尽,燒盡
Quash,さきおくり,延后,延後,延后,延後,延后,延後
Acrobatics,アクロバット,杂技,雜技,特技演员,特技演員,杂技,雜技
Reflect Type,ミラータイプ,镜面属性,鏡面屬性,镜子系,鏡子系,镜面属性,鏡面屬性
Retaliate,かたきうち,报仇,報仇,讨敌,討敵,报仇,報仇
Final Gambit,いのちがけ,搏命,搏命,赌命,賭命,搏命,搏命
Bestow,ギフトパス,传递礼物,傳遞禮物,礼物传递,禮物傳遞,传递礼物,傳遞禮物
Inferno,れんごく,炼狱,煉獄,炼狱,煉獄,炼狱,煉獄
Water Pledge,みずのちかい,水之誓约,水之誓約,水的誓约,水的誓約,水之誓约,水之誓約
Fire Pledge,ほのおのちかい,火之誓约,火之誓約,炎的誓约,炎的誓約,火之誓约,火之誓約
Grass Pledge,くさのちかい,草之誓约,草之誓約,草的誓约,草的誓約,草之誓约,草之誓約
Volt Switch,ボルトチェンジ,伏特替换,伏特替換,交换伏特,交換伏特,伏特替换,伏特替換
Struggle Bug,むしのていこう,虫之抵抗,蟲之抵抗,虫的抵抗,蟲的抵抗,虫之抵抗,蟲之抵抗
Bulldoze,じならし,重踏,重踏,整地,整地,重踏,重踏
Frost Breath,こおりのいぶき,冰息,冰息,冰吸,冰吸,冰息,冰息
Dragon Tail,ドラゴンテール,龙尾,龍尾,龙尾,龍尾,龙尾,龍尾
Work Up,ふるいたてる,自我激励,自我激勵,自我激励,自我激勵,自我激励,自我激勵
Electroweb,エレキネット,电网,電網,电网,電網,电网,電網
Wild Charge,ワイルドボルト,疯狂伏特,瘋狂伏特,疯狂伏特,瘋狂伏特,疯狂伏特,瘋狂伏特
Drill Run,ドリルライナー,直冲钻,直衝鑽,低空钻,低空鑽,直冲钻,直衝鑽
Dual Chop,ダブルチョップ,二连劈,二連劈,双重劈,雙重劈,二连劈,二連劈
Heart Stamp,ハートスタンプ,爱心印章,愛心印章,爱心捣击,愛心搗擊,爱心印章,愛心印章
Horn Leech,ウッドホーン,木角,木角,木角,木角,木角,木角
Sacred Sword,せいなるつるぎ,圣剑,聖劍,圣剑,聖劍,圣剑,聖劍
Razor Shell,シェルブレード,贝壳刃,貝殼刃,贝壳刀,貝殼刀,贝壳刃,貝殼刃
Heat Crash,ヒートスタンプ,高温重压,高溫重壓,高温捣击,高溫搗擊,高温重压,高溫重壓
Leaf Tornado,グラスミキサー,青草搅拌器,青草攪拌器,青草搅拌器,青草攪拌器,青草搅拌器,青草攪拌器
Steamroller,ハードローラー,疯狂滚压,瘋狂滾壓,疯狂滚动,瘋狂滾動,疯狂滚压,瘋狂滾壓
Cotton Guard,コットンガード,棉花防守,棉花防守,棉花防御,棉花防禦,棉花防守,棉花防守
Night Daze,ナイトバースト,暗黑爆破,暗黑爆破,黑夜爆裂,黑夜爆裂,暗黑爆破,暗黑爆破
Psystrike,サイコブレイク,精神击破,精神擊破,精神破坏,精神破壞,精神击破,精神擊破
Tail Slap,スイープビンタ,扫尾拍打,掃尾拍打,扫巴掌,掃巴掌,扫尾拍打,掃尾拍打
Hurricane,ぼうふう,暴风,暴風,暴风,暴風,暴风,暴風
Head Charge,アフロブレイク,爆炸头突击,爆炸頭突擊,爆爆头突击,爆爆頭突擊,爆炸头突击,爆炸頭突擊
Gear Grind,ギアソーサー,齿轮飞盘,齒輪飛盤,齿轮飞盘,齒輪飛盤,齿轮飞盘,齒輪飛盤
Searing Shot,かえんだん,火焰弹,火焰彈,火炎弹,火炎彈,火焰弹,火焰彈
Techno Blast,テクノバスター,高科技光炮,高科技光炮,破坏技术,破壞技術,高科技光炮,高科技光炮
Relic Song,いにしえのうた,古老之歌,古老之歌,古老之歌,古老之歌,古老之歌,古老之歌
Secret Sword,しんぴのつるぎ,神秘之剑,神秘之劍,神秘之剑,神秘之劍,神秘之剑,神秘之劍
Glaciate,こごえるせかい,冰封世界,冰封世界,冰冻世界,冰凍世界,冰封世界,冰封世界
Bolt Strike,らいげき,雷击,雷擊,雷击,雷擊,雷击,雷擊
Blue Flare,あおいほのお,青焰,青焰,青炎,青炎,青焰,青焰
Fiery Dance,ほのおのまい,火之舞,火之舞,炎之舞,炎之舞,火之舞,火之舞
Freeze Shock,フリーズボルト,冰冻伏特,冰凍伏特,冻结伏特,凍結伏特,冰冻伏特,冰凍伏特
Ice Burn,コールドフレア,极寒冷焰,極寒冷焰,寒冷闪光,寒冷閃光,极寒冷焰,極寒冷焰
Snarl,バークアウト,大声咆哮,大聲咆哮,大声咆哮,大聲咆哮,大声咆哮,大聲咆哮
Icicle Crash,つららおとし,冰柱坠击,冰柱墜擊,掉落冰柱,掉落冰柱,冰柱坠击,冰柱墜擊
V-create,Ｖジェネレート,Ｖ热焰,Ｖ熱焰,胜利V热炎,勝利V熱炎,Ｖ热焰,Ｖ熱焰
Fusion Flare,クロスフレイム,交错火焰,交錯火焰,十字交叉火焰,十字交叉火焰,交错火焰,交錯火焰
Fusion Bolt,クロスサンダー,交错闪电,交錯閃電,十字交叉闪电,十字交叉閃電,交错闪电,交錯閃電
Flying Press,フライングプレス,飞身重压,飛身重壓,飞冲落地,飛衝落地,飞身重压,飛身重壓
Mat Block,たたみがえし,掀榻榻米,掀榻榻米,垫返,墊返,掀榻榻米,掀榻榻米
Belch,ゲップ,打嗝,打嗝,打嗝,打嗝,打嗝,打嗝
Rototiller,たがやす,耕地,耕地,耕地,耕地,耕地,耕地
Sticky Web,ねばねばネット,黏黏网,黏黏網,黏黏网,黏黏網,黏黏网,黏黏網
Fell Stinger,とどめばり,致命针刺,致命針刺,击倒针刺,擊倒針刺,致命针刺,致命針刺
Phantom Force,ゴーストダイブ,潜灵奇袭,潛靈奇襲,幽灵潜水,幽靈潛水,潜灵奇袭,潛靈奇襲
Trick-or-Treat,ハロウィン,万圣夜,萬聖夜,万圣夜狂欢,萬聖夜狂歡,万圣夜,萬聖夜
Noble Roar,おたけび,战吼,戰吼,战吼,戰吼,战吼,戰吼
Ion Deluge,プラズマシャワー,等离子浴,等離子浴,电浆阵雨,電漿陣雨,等离子浴,等離子浴
Parabolic Charge,パラボラチャージ,抛物面充电,拋物面充電,抛物线充电,拋物線充電,抛物面充电,拋物面充電
Forest's Curse,もりののろい,森林诅咒,森林詛咒,森林诅咒,森林詛咒,森林诅咒,森林詛咒
Petal Blizzard,はなふぶき,落英缤纷,落英繽紛,落花飞雪,落花飛雪,落英缤纷,落英繽紛
Freeze-Dry,フリーズドライ,冷冻干燥,冷凍乾燥,冰冻干燥,冰凍乾燥,冷冻干燥,冷凍乾燥
Disarming Voice,チャームボイス,魅惑之声,魅惑之聲,魅力之音,魅力之音,魅惑之声,魅惑之聲
Parting Shot,すてゼリフ,抛下狠话,拋下狠話,放狠话,放狠話,抛下狠话,拋下狠話
Topsy-Turvy,ひっくりかえす,颠倒,顛倒,翻倒,翻倒,颠倒,顛倒
Draining Kiss,ドレインキッス,吸取之吻,吸取之吻,吸取之吻,吸取之吻,吸取之吻,吸取之吻
Crafty Shield,トリックガード,戏法防守,戲法防守,狡猾防御,狡猾防禦,戏法防守,戲法防守
Flower Shield,フラワーガード,鲜花防守,鮮花防守,鲜花防御,鮮花防禦,鲜花防守,鮮花防守
Grassy Terrain,グラスフィールド,青草场地,青草場地,青草领域,青草領域,青草场地,青草場地
Misty Terrain,ミストフィールド,薄雾场地,薄霧場地,薄雾领域,薄霧領域,薄雾场地,薄霧場地
Electrify,そうでん,输电,輸電,送电,送電,输电,輸電
Play Rough,じゃれつく,嬉闹,嬉鬧,嬉戏,嬉戲,嬉闹,嬉鬧
Fairy Wind,ようせいのかぜ,妖精之风,妖精之風,妖精之风,妖精之風,妖精之风,妖精之風
Moonblast,ムーンフォース,月亮之力,月亮之力,月亮攻击,月亮攻擊,月亮之力,月亮之力
Boomburst,ばくおんぱ,爆音波,爆音波,爆音波,爆音波,爆音波,爆音波
Fairy Lock,フェアリーロック,妖精之锁,妖精之鎖,妖精之锁,妖精之鎖,妖精之锁,妖精之鎖
King's Shield,キングシールド,王者盾牌,王者盾牌,王者盾牌,王者盾牌,王者盾牌,王者盾牌
Play Nice,なかよくする,和睦相处,和睦相處,做朋友,做朋友,和睦相处,和睦相處
Confide,ないしょばなし,密语,密語,悄悄话,悄悄話,密语,密語
Diamond Storm,ダイヤストーム,钻石风暴,鑽石風暴,钻石暴风,鑽石暴風,钻石风暴,鑽石風暴
Steam Eruption,スチームバースト,蒸汽爆炸,蒸汽爆炸,蒸汽喷发,蒸汽噴發,蒸汽爆炸,蒸汽爆炸
Hyperspace Hole,いじげんホール,异次元洞,異次元洞,异次元虫洞,異次元蟲洞,异次元洞,異次元洞
Water Shuriken,みずしゅりけん,飞水手里剑,飛水手裡劍,水手里剑,水手裡劍,飞水手里剑,飛水手裡劍
Mystical Fire,マジカルフレイム,魔法火焰,魔法火焰,魔法火焰,魔法火焰,魔法火焰,魔法火焰
Spiky Shield,ニードルガード,尖刺防守,尖刺防守,刺针防御,刺針防禦,尖刺防守,尖刺防守
Aromatic Mist,アロマミスト,芳香薄雾,芳香薄霧,芳香薄雾,芳香薄霧,芳香薄雾,芳香薄霧
Eerie Impulse,かいでんぱ,怪异电波,怪異電波,怪电波,怪電波,怪异电波,怪異電波
Venom Drench,ベノムトラップ,毒液陷阱,毒液陷阱,毒液陷阱,毒液陷阱,毒液陷阱,毒液陷阱
Powder,ふんじん,粉尘,粉塵,粉尘,粉塵,粉尘,粉塵
Geomancy,ジオコントロール,大地掌控,大地掌控,大地控制,大地控制,大地掌控,大地掌控
Magnetic Flux,じばそうさ,磁场操控,磁場操控,磁场操作,磁場操作,磁场操控,磁場操控
Happy Hour,ハッピータイム,欢乐时光,歡樂時光,快乐时光,快樂時光,欢乐时光,歡樂時光
Electric Terrain,エレキフィールド,电气场地,電氣場地,电气领域,電氣領域,电气场地,電氣場地
Dazzling Gleam,マジカルシャイン,魔法闪耀,魔法閃耀,魔法照耀,魔法照耀,魔法闪耀,魔法閃耀
Celebrate,おいわい,庆祝,慶祝,庆祝,慶祝,庆祝,慶祝
Hold Hands,てをつなぐ,牵手,牽手,牵手,牽手,牵手,牽手
Baby-Doll Eyes,つぶらなひとみ,圆瞳,圓瞳,圆滑目光,圓滑目光,圆瞳,圓瞳
Nuzzle,ほっぺすりすり,蹭蹭脸颊,蹭蹭臉頰,碰碰脸颊,碰碰臉頰,蹭蹭脸颊,蹭蹭臉頰
Hold Back,てかげん,手下留情,手下留情,手下留情,手下留情,手下留情,手下留情
Infestation,まとわりつく,死缠烂打,死纏爛打,缠身,纏身,死缠烂打,死纏爛打
Power-Up Punch,グロウパンチ,增强拳,增強拳,增强拳,增強拳,增强拳,增強拳
Oblivion Wing,デスウイング,死亡之翼,死亡之翼,死亡之翼,死亡之翼,死亡之翼,死亡之翼
Thousand Arrows,サウザンアロー,千箭齐发,千箭齊發,万箭齐发,萬箭齊發,千箭齐发,千箭齊發
Thousand Waves,サウザンウェーブ,千波激荡,千波激盪,万波激震,萬波激震,千波激荡,千波激盪
Land's Wrath,グランドフォース,大地神力,大地神力,大地原力,大地原力,大地神力,大地神力
Light of Ruin,はめつのひかり,破灭之光,破滅之光,破灭之光,破滅之光,破灭之光,破滅之光
Origin Pulse,こんげんのはどう,根源波动,根源波動,根源波动,根源波動,根源波动,根源波動
Precipice Blades,だんがいのつるぎ,断崖之剑,斷崖之劍,断崖之剑,斷崖之劍,断崖之剑,斷崖之劍
Dragon Ascent,ガリョウテンセイ,画龙点睛,畫龍點睛,画龙点睛,畫龍點睛,画龙点睛,畫龍點睛
Hyperspace Fury,いじげんラッシュ,异次元猛攻,異次元猛攻,异次元冲锋,異次元衝鋒,异次元猛攻,異次元猛攻