拍击,拍擊,使用长长的尾巴或手等拍打对手进行攻击。,使用長長的尾巴或手等拍打對手進行攻擊。,使用長長的尾巴或手等拍打對手進行攻擊。
空手劈,空手劈,用锋利的手刀劈向对手进行攻击。容易击中要害。,用鋒利的手刀劈向對手進行攻擊。容易擊中要害。,用鋒利的手刀劈向對手進行攻擊。容易擊中要害。
连环巴掌,連環巴掌,用连环巴掌拍打对手进行攻击。连续攻击２～５次。,用連環巴掌拍打對手進行攻擊。會連續攻擊２～５次。,用連環巴掌拍打對手進行攻擊。連續攻擊２～５次。
连续拳,連續拳,用拳头怒涛般的殴打对手进行攻击。连续攻击２～５次。,用怒濤般的拳頭毆打對手進行攻擊。連續攻擊２～５次。,用拳頭怒濤般的毆打對手進行攻擊。連續攻擊２～５次。
百万吨重拳,百萬噸重拳,用充满力量的拳头攻击对手。,用帶有強大力量的拳頭攻擊對手。,用充滿力量的拳頭攻擊對手。
聚宝功,聚寶功,向对手的身体投掷小金币进行攻击。战斗后可以拿到钱。,往對手身上投擲金幣進行攻擊。戰鬥後可以得到錢。,向對手的身體投擲小金幣進行攻擊。戰鬥後可以拿到錢。
火焰拳,火焰拳,用充满火焰的拳头攻击对手。有时会让对手陷入灼伤状态。,用帶有火焰的拳頭攻擊對手。有時會讓對手陷入灼傷狀態。,用充滿火焰的拳頭攻擊對手。有時會讓對手陷入灼傷狀態。
冰冻拳,冰凍拳,用充满寒气的拳头攻击对手。有时会让对手陷入冰冻状态。,用帶有寒氣的拳頭攻擊對手。有時會讓對手陷入冰凍狀態。,用充滿寒氣的拳頭攻擊對手。有時會讓對手陷入冰凍狀態。
雷电拳,雷電拳,用充满电流的拳头攻击对手。有时会让对手陷入麻痹状态。,用帶有電流的拳頭攻擊對手。有時會讓對手陷入麻痺狀態。,用充滿電流的拳頭攻擊對手。有時會讓對手陷入麻痺狀態。
抓,抓,用坚硬且无比锋利的爪子抓对手进行攻击。,用堅硬且無比鋒利的爪子抓對手進行攻擊。,用堅硬且無比鋒利的爪子抓對手進行攻擊。
夹住,夾住,将对手从两侧夹住，给予伤害。,從兩側夾住對手，給予傷害。,將對手從兩側夾住，給予傷害。
断头钳,斷頭鉗,用大钳子或剪刀等夹断对手进行攻击。只要命中就会一击濒死。,用巨大的鉗子或剪刀等撕裂對手進行攻擊。只要命中就會一擊瀕死。,用大鉗子或剪刀等夾斷對手進行攻擊。只要命中就會一擊瀕死。
旋风刀,旋風刀,制造风之刃，于第２回合攻击对手。容易击中要害。,製造出風之刃，在下一回合攻擊對手。容易擊中要害。,製造風之刃，於第２回合攻擊對手。容易擊中要害。
剑舞,劍舞,激烈地跳起战舞提高气势。大幅提高自己的攻击。,激烈地跳起戰舞提升氣勢。大幅提高自己的攻擊。,激烈地跳起戰舞提高氣勢。大幅提高自己的攻擊。
居合斩,居合斬,用镰刀或爪子等切斩对手进行攻击。,用鐮刀或爪子等斬切對手進行攻擊。,用鐮刀或爪子等切斬對手進行攻擊。
起风,起風,用翅膀将刮起的狂风袭向对手进行攻击。,用翅膀刮起狂風，吹向對手進行攻擊。,用翅膀將颳起的狂風襲向對手進行攻擊。
翅膀攻击,翅膀攻擊,大大地展开美丽的翅膀，将其撞向对手进行攻击。,用大大伸展開來的美麗翅膀，撞向對手進行攻擊。,大大地展開美麗的翅膀，將其撞向對手進行攻擊。
吹飞,吹飛,吹飞对手，强制拉后备宝可梦上场。如果对手为野生宝可梦，战斗将直接结束。,吹飛對手，強制讓後備寶可夢上場。對手為野生寶可夢時，戰鬥將直接結束。,吹飛對手，強制拉後備寶可夢上場。如果對手為野生寶可夢，戰鬥將直接結束。
飞翔,飛翔,第１回合飞上天空，第２回合攻击对手。,使用後的第１回合飛上天空，並於第２回合攻擊對手。,第１回合飛上天空，第２回合攻擊對手。
绑紧,綁緊,使用长长的身体或藤蔓等，在４～５回合内绑紧对手进行攻击。,使用長長的身體或藤蔓等，在４～５回合內綁緊對手進行攻擊。,使用長長的身體或藤蔓等，在４～５回合內綁緊對手進行攻擊。
摔打,摔打,使用长长的尾巴或藤蔓等摔打对手进行攻击。,將長長的尾巴或藤蔓等甩向對手進行攻擊。,使用長長的尾巴或藤蔓等摔打對手進行攻擊。
藤鞭,藤鞭,用如同鞭子般弯曲而细长的藤蔓摔打对手进行攻击。,將如同鞭子般彎曲而細長的藤蔓甩向對手進行攻擊。,用如同鞭子般彎曲而細長的藤蔓摔打對手進行攻擊。
踩踏,踩踏,用大脚踩踏对手进行攻击。有时会使对手畏缩。,用大腳踩踏對手進行攻擊。有時會讓對手畏縮。,用大腳踩踏對手進行攻擊。有時會使對手畏縮。
二连踢,二連踢,用２只脚踢飞对手进行攻击。连续２次给予伤害。,用２隻腳踢飛對手進行攻擊。連續２次給予傷害。,用２只腳踢飛對手進行攻擊。連續２次給予傷害。
百万吨重踢,百萬噸重踢,使出力大无穷的重踢踢飞对手进行攻击。,用灌注了巨大力量的重踢踢飛對手進行攻擊。,使出力大無窮的重踢踢飛對手進行攻擊。
飞踢,飛踢,使出高高的腾空踢攻击对手。如果踢偏则自己会受到伤害。,高高跳起之後使出飛踢攻擊對手。沒踢中對手時自己會受到傷害。,使出高高的騰空踢攻擊對手。如果踢偏則自己會受到傷害。
回旋踢,迴旋踢,一边使身体快速旋转，一边踢飞对手进行攻击。有时会使对手畏缩。,一邊使身體快速旋轉，一邊踢飛對手進行攻擊。有時會使對手畏縮。,一邊使身體快速旋轉，一邊踢飛對手進行攻擊。有時會使對手畏縮。
泼沙,潑沙,向对手脸上泼沙子，从而降低命中率。,向對手的臉上潑沙，降低對手的命中率。,向對手臉上潑沙子，從而降低命中率。
头锤,頭錘,将头伸出，笔直地扑向对手进行攻击。有时会使对手畏缩。,將頭伸出，直直衝向對手進行攻擊。有時會讓對手畏縮。,將頭伸出，筆直地撲向對手進行攻擊。有時會使對手畏縮。
角撞,角撞,用尖锐的角攻击对手。,用尖銳的角攻擊對手。,用尖銳的角攻擊對手。
乱击,亂擊,用角或喙刺向对手进行攻击。连续攻击２～５次。,用角或喙刺向對手進行攻擊。連續攻擊２～５次。,用角或喙刺向對手進行攻擊。連續攻擊２～５次。
角钻,角鑽,用旋转的角刺入对手进行攻击。只要命中就会一击濒死。,用旋轉的角刺進對手進行攻擊。只要命中就會一擊瀕死。,用旋轉的角刺入對手進行攻擊。只要命中就會一擊瀕死。
撞击,撞擊,用整个身体撞向对手进行攻击。,用整個身體撞向對手進行攻擊。,用整個身體撞向對手進行攻擊。
泰山压顶,泰山壓頂,用整个身体压住对手进行攻击。有时会让对手陷入麻痹状态。,用整個身體壓住對手進行攻擊。有時會讓對手陷入麻痺狀態。,用整個身體壓住對手進行攻擊。有時會讓對手陷入麻痺狀態。
紧束,緊束,使用长长的身体或藤蔓等，在４～５回合内紧束对手进行攻击。,使用長長的身體或藤蔓等，在４～５回合內緊束對手進行攻擊。,使用長長的身體或藤蔓等，在４～５回合內緊束對手進行攻擊。
猛撞,猛撞,以惊人的气势撞向对手进行攻击。自己也会受到少许伤害。,以驚人的氣勢撞向對手進行攻擊。自己也會受到少許傷害。,以驚人的氣勢撞向對手進行攻擊。自己也會受到少許傷害。
大闹一番,大鬧一番,在２～３回合内，乱打一气地攻击对手。大闹一番后自己会陷入混乱。,在２～３回合內瘋狂亂打對手進行攻擊。大鬧一番後自己會陷入混亂。,在２～３回合內，亂打一氣地攻擊對手。大鬧一番後自己會陷入混亂。
舍身冲撞,捨身衝撞,拼命地猛撞向对手进行攻击。自己也会受到不小的伤害。,捨身衝撞對手進行攻擊。自己也會受到不小的傷害。,拚命地猛撞向對手進行攻擊。自己也會受到不小的傷害。
摇尾巴,搖尾巴,可爱地左右摇晃尾巴，诱使对手疏忽大意。会降低对手的防御。,可愛地左右搖晃尾巴，誘使對手疏忽大意。可降低對手的防禦。,可愛地左右搖晃尾巴，誘使對手疏忽大意。會降低對手的防禦。
毒针,毒針,将有毒的针刺入对手进行攻击。有时会让对手陷入中毒状态。,將有毒的針刺進對手進行攻擊。有時會讓對手陷入中毒狀態。,將有毒的針刺入對手進行攻擊。有時會讓對手陷入中毒狀態。
双针,雙針,将２根针刺入对手，连续２次给予伤害。有时会让对手陷入中毒状态。,將２根針刺進對手，連續２次給予傷害。有時會讓對手陷入中毒狀態。,將２根針刺入對手，連續２次給予傷害。有時會讓對手陷入中毒狀態。
飞弹针,飛彈針,向对手发射锐针进行攻击。连续攻击２～５次。,向對手發射銳利的針進行攻擊。可連續攻擊２～５次。,向對手發射銳針進行攻擊。連續攻擊２～５次。
瞪眼,瞪眼,用犀利的眼神使其害怕，从而降低对手的防御。,用犀利的眼神使對手害怕，降低對手的防禦。,用犀利的眼神使其害怕，從而降低對手的防禦。
咬住,咬住,用尖锐的牙咬住对手进行攻击。有时会使对手畏缩。,用尖銳的牙齒咬住對手進行攻擊。有時會使對手畏縮。,用尖銳的牙咬住對手進行攻擊。有時會使對手畏縮。
叫声,叫聲,让对手听可爱的叫声，引开注意力使其疏忽，从而降低对手的攻击。,發出可愛的叫聲，誘使對手疏忽大意，降低對手的攻擊。,讓對手聽可愛的叫聲，引開注意力使其疏忽，從而降低對手的攻擊。
吼叫,吼叫,放走对手，强制拉后备宝可梦上场。如果对手为野生宝可梦，战斗将直接结束。,趕走對手，強制讓後備寶可夢上場。對手為野生寶可夢時，戰鬥將直接結束。,放走對手，強制拉後備寶可夢上場。如果對手為野生寶可夢，戰鬥將直接結束。
唱歌,唱歌,让对手听舒适、美妙的歌声，从而陷入睡眠状态。,唱出舒服美妙的歌聲，讓對手陷入睡眠狀態。,讓對手聽舒適、美妙的歌聲，從而陷入睡眠狀態。
超音波,超音波,从身体发出特殊的音波，从而使对手混乱。,從身上發出特殊的音波，讓對手陷入混亂狀態。,從身體發出特殊的音波，從而使對手混亂。
音爆,音爆,将冲击波撞向对手进行攻击。必定会给予２０的伤害。,向對手發射衝擊波進行攻擊。固定給予２０的傷害。,將衝擊波撞向對手進行攻擊。必定會給予２０的傷害。
定身法,定身法,阻碍对手行动，之前使出的招式将在４回合内无法使用。,阻止對手出招，最近一次使用的招式在４回合內無法使用。,阻礙對手行動，之前使出的招式將在４回合內無法使用。
溶解液,溶解液,将强酸泼向对手进行攻击。有时会降低对手的特防。,將強酸潑向對手進行攻擊。有時會降低對手的特防。,將強酸潑向對手進行攻擊。有時會降低對手的特防。
火花,火花,向对手发射小型火焰进行攻击。有时会让对手陷入灼伤状态。,向對手發射小火焰進行攻擊。有時會讓對手陷入灼傷狀態。,向對手發射小型火焰進行攻擊。有時會讓對手陷入灼傷狀態。
喷射火焰,噴射火焰,向对手发射烈焰进行攻击。有时会让对手陷入灼伤状态。,向對手發射強烈火焰進行攻擊。有時會讓對手陷入灼傷狀態。,向對手發射烈焰進行攻擊。有時會讓對手陷入灼傷狀態。
白雾,白霧,用白雾覆盖身体。在５回合内不会让对手降低自己的能力。,用白霧覆蓋身體。在５回合內不會讓對手降低自己的能力。,用白霧覆蓋身體。在５回合內不會讓對手降低自己的能力。
水枪,水槍,向对手猛烈地喷射水流进行攻击。,向對手噴射強烈水流進行攻擊。,向對手猛烈地噴射水流進行攻擊。
水炮,水炮,向对手猛烈地喷射大量水流进行攻击。,向對手猛烈地噴射大量水流進行攻擊。,向對手猛烈地噴射大量水流進行攻擊。
冲浪,衝浪,利用大浪攻击自己周围所有的宝可梦。,使用大浪攻擊自己周圍所有的寶可夢。,利用大浪攻擊自己周圍所有的寶可夢。
冰冻光束,冰凍光束,向对手发射冰冻光束进行攻击。有时会让对手陷入冰冻状态。,向對手發射冰凍光束進行攻擊。有時會讓對手陷入冰凍狀態。,向對手發射冰凍光束進行攻擊。有時會讓對手陷入冰凍狀態。
暴风雪,暴風雪,将猛烈的暴风雪刮向对手进行攻击。有时会让对手陷入冰冻状态。,將猛烈的暴風雪吹向對手進行攻擊。有時會讓對手陷入冰凍狀態。,將猛烈的暴風雪刮向對手進行攻擊。有時會讓對手陷入冰凍狀態。
幻象光线,幻象光線,向对手发射神奇的光线进行攻击。有时会使对手混乱。,向對手發射神奇的光線進行攻擊。有時會使對手混亂。,向對手發射神奇的光線進行攻擊。有時會使對手混亂。
泡沫光线,泡沫光線,向对手猛烈地喷射泡沫进行攻击。有时会降低对手的速度。,向對手猛烈地噴射泡沫進行攻擊。有時會降低對手的速度。,向對手猛烈地噴射泡沫進行攻擊。有時會降低對手的速度。
极光束,極光束,向对手发射虹色光束进行攻击。有时会降低对手的攻击。,向對手發射七彩光束進行攻擊。有時會降低對手的攻擊。,向對手發射虹色光束進行攻擊。有時會降低對手的攻擊。
破坏光线,破壞光線,向对手发射强烈的光线进行攻击。下一回合自己将无法动弹。,向對手發射強烈的光線進行攻擊。下一回合自己將無法動彈。,向對手發射強烈的光線進行攻擊。下一回合自己將無法動彈。
啄,啄,用尖锐的喙或角刺向对手进行攻击。,用尖銳的喙或角刺向對手進行攻擊。,用尖銳的喙或角刺向對手進行攻擊。
啄钻,啄鑽,一边旋转，一边将尖喙刺入对手进行攻击。,一邊旋轉，一邊將尖喙刺進對手進行攻擊。,一邊旋轉，一邊將尖喙刺入對手進行攻擊。
地狱翻滚,地獄翻滾,将对手连同自己一起摔向地面进行攻击。自己也会受到少许伤害。,將對手連同自己一起摔向地面進行攻擊。自己也會受到少許傷害。,將對手連同自己一起摔向地面進行攻擊。自己也會受到少許傷害。
踢倒,踢倒,用力踢对手的脚，使其摔倒进行攻击。对手越重，威力越大。,用力踢對手的腳，讓對手摔倒進行攻擊。對手越重，威力越大。,用力踢對手的腳，使其摔倒進行攻擊。對手越重，威力越大。
双倍奉还,雙倍奉還,从对手那里受到物理攻击的伤害将以２倍返还给同一个对手。,將來自對手的物理攻擊傷害加倍後，返還給該對手。,從對手那裡受到物理攻擊的傷害將以２倍返還給同一個對手。
地球上投,地球上投,利用引力将对手甩飞出去。给予对手和自己等级相同的伤害。,利用引力將對手甩飛出去。給予對手和自己等級相同的傷害。,利用引力將對手甩飛出去。給予對手和自己等級相同的傷害。
怪力,怪力,使出浑身力气殴打对手进行攻击。,使出渾身力量毆打對手進行攻擊。,使出渾身力氣毆打對手進行攻擊。
吸取,吸取,吸取对手的养分进行攻击。可以回复给予对手伤害的一半ＨＰ。,吸取對手的養分進行攻擊。可以回復給予對手傷害的一半ＨＰ。,吸取對手的養分進行攻擊。可以回復給予對手傷害的一半ＨＰ。
超级吸取,超級吸取,吸取对手的养分进行攻击。可以回复给予对手伤害的一半ＨＰ。,吸取對手的養分進行攻擊。可以回復給予對手傷害的一半ＨＰ。,吸取對手的養分進行攻擊。可以回復給予對手傷害的一半ＨＰ。
寄生种子,寄生種子,植入寄生种子后，将在每回合一点一点吸取对手的ＨＰ，从而用来回复自己的ＨＰ。,在對手身上植入種子，每回合吸取對手少許的ＨＰ，用來回復自己的ＨＰ。,植入寄生種子後，將在每回合一點一點吸取對手的ＨＰ，從而用來回復自己的ＨＰ。
生长,生長,让身体一下子长大，从而提高攻击和特攻。,讓身體瞬間長大，提高自己的攻擊和特攻。,讓身體一下子長大，從而提高攻擊和特攻。
飞叶快刀,飛葉快刀,飞出叶片，切斩对手进行攻击。容易击中要害。,飛射葉子，切斬對手進行攻擊。容易擊中要害。,飛出葉片，切斬對手進行攻擊。容易擊中要害。
日光束,日光束,第１回合收集满满的日光，第２回合发射光束进行攻击。,使用後的第１回合吸收大量日光，並於第２回合發射光束進行攻擊。,第１回合收集滿滿的日光，第２回合發射光束進行攻擊。
毒粉,毒粉,撒出毒粉，从而让对手陷入中毒状态。,撒出大量的有毒粉末讓對手陷入中毒狀態。,撒出毒粉，從而讓對手陷入中毒狀態。
麻痹粉,麻痺粉,撒出麻痹粉，从而让对手陷入麻痹状态。,撒出大量令人麻痺的粉末，讓對手陷入麻痺狀態。,撒出麻痺粉，從而讓對手陷入麻痺狀態。
催眠粉,催眠粉,撒出催眠粉，从而让对手陷入睡眠状态。,撒出大量令人想睡的粉末，讓對手陷入睡眠狀態。,撒出催眠粉，從而讓對手陷入睡眠狀態。
花瓣舞,花瓣舞,在２～３回合内，散落花瓣攻击对手。之后自己会陷入混乱。,在２～３回合內不斷灑出花瓣攻擊對手。招式結束後自己會陷入混亂狀態。,在２～３回合內，散落花瓣攻擊對手。之後自己會陷入混亂。
吐丝,吐絲,用口中吐出的丝缠绕对手，从而大幅降低对手的速度。,用口中吐出的絲纏繞對手，大幅降低對手的速度。,用口中吐出的絲纏繞對手，從而大幅降低對手的速度。
龙之怒,龍之怒,将愤怒的冲击波撞向对手进行攻击。必定会给予４０的伤害。,向對手發射憤怒的衝擊波進行攻擊。固定給予４０的傷害。,將憤怒的衝擊波撞向對手進行攻擊。必定會給予４０的傷害。
火焰旋涡,火焰旋渦,将对手困在激烈的火焰旋涡中，在４～５回合内进行攻击。,將對手困在熊熊燃燒的火焰旋渦中，在４～５回合內進行攻擊。,將對手困在激烈的火焰旋渦中，在４～５回合內進行攻擊。
电击,電擊,发出电流刺激对手进行攻击。有时会让对手陷入麻痹状态。,發出電流刺激對手進行攻擊。有時會讓對手陷入麻痺狀態。,發出電流刺激對手進行攻擊。有時會讓對手陷入麻痺狀態。
十万伏特,十萬伏特,向对手发出强力电击进行攻击。有时会让对手陷入麻痹状态。,向對手放出強力電流進行攻擊。有時會讓對手陷入麻痺狀態。,向對手發出強力電擊進行攻擊。有時會讓對手陷入麻痺狀態。
电磁波,電磁波,向对手发出微弱的电击，从而让对手陷入麻痹状态。,放出微弱的電流。讓對手陷入麻痺狀態。,向對手發出微弱的電擊，從而讓對手陷入麻痺狀態。
打雷,打雷,向对手劈下暴雷进行攻击。有时会让对手陷入麻痹状态。,向對手劈下暴雷進行攻擊。有時會讓對手陷入麻痺狀態。,向對手劈下暴雷進行攻擊。有時會讓對手陷入麻痺狀態。
落石,落石,拿起小岩石，投掷对手进行攻击。,舉起小岩石，向對手投擲進行攻擊。,拿起小岩石，投擲對手進行攻擊。
地震,地震,利用地震的冲击，攻击自己周围所有的宝可梦。,用地震的衝擊，攻擊自己周圍所有的寶可夢。,利用地震的衝擊，攻擊自己周圍所有的寶可夢。
地裂,地裂,让对手掉落于地裂的裂缝中进行攻击。只要命中就会一击濒死。,讓對手掉進地面的裂縫中進行攻擊。只要命中就會一擊瀕死。,讓對手掉落於地裂的裂縫中進行攻擊。只要命中就會一擊瀕死。
挖洞,挖洞,第１回合钻入，第２回合攻击对手。,使用後的第１回合潛入地底，並於第２回合攻擊對手。,第１回合鑽入，第２回合攻擊對手。
剧毒,劇毒,让对手陷入剧毒状态。随着回合的推进，中毒伤害会增加。,讓對手陷入劇毒狀態。中毒傷害會隨著回合的進行而增加。,讓對手陷入劇毒狀態。隨著回合的推進，中毒傷害會增加。
念力,念力,向对手发送微弱的念力进行攻击。有时会使对手混乱。,向對手發送微弱的念力進行攻擊。有時會使對手混亂。,向對手發送微弱的念力進行攻擊。有時會使對手混亂。
精神强念,精神強念,向对手发送强大的念力进行攻击。有时会降低对手的特防。,向對手發送強大的念力進行攻擊。有時會降低對手的特防。,向對手發送強大的念力進行攻擊。有時會降低對手的特防。
催眠术,催眠術,施以诱导睡意的暗示，让对手陷入睡眠状态。,施加引發睡意的暗示，讓對手陷入睡眠狀態。,施以誘導睡意的暗示，讓對手陷入睡眠狀態。
瑜伽姿势,瑜伽姿勢,唤醒身体深处沉睡的力量，从而提高自己的攻击。,喚醒身體深處沉睡的力量，提高自己的攻擊。,喚醒身體深處沉睡的力量，從而提高自己的攻擊。
高速移动,高速移動,让身体放松变得轻盈，以便高速移动。大幅提高自己的速度。,放鬆身體，讓自己變得輕盈以進行高速移動。可大幅提高自己的速度。,讓身體放鬆變得輕盈，以便高速移動。大幅提高自己的速度。
电光一闪,電光一閃,以迅雷不及掩耳之势扑向对手。必定能够先制攻击。,以迅雷不及掩耳之勢撲向對手。必定能夠發動先制攻擊。,以迅雷不及掩耳之勢撲向對手。必定能夠先制攻擊。
愤怒,憤怒,如果在使出招式后受到攻击的话，会因愤怒的力量而提高攻击。,在使用招式後受到攻擊時，會因憤怒的力量而提高自己的攻擊。,如果在使出招式後受到攻擊的話，會因憤怒的力量而提高攻擊。
瞬间移动,瞬間移動,停止和野生宝可梦战斗并逃走。,停止和野生寶可夢戰鬥並逃走。,停止和野生寶可夢戰鬥並逃走。
黑夜魔影,黑夜魔影,显示恐怖幻影，只给予对手和自己等级相同的伤害。,讓對手看見恐怖幻影，給予對手和自己等級相同的傷害。,顯示恐怖幻影，只給予對手和自己等級相同的傷害。
模仿,模仿,可以将对手最后使用的招式，在战斗内变成自己的招式。,在戰鬥期間，將對手最近一次使用的招式變成自己的招式。,可以將對手最後使用的招式，在戰鬥內變成自己的招式。
刺耳声,刺耳聲,发出不由自主想要捂起耳朵的刺耳声，从而大幅降低对手的防御。,發出令人不由自主想要摀起耳朵的刺耳聲，大幅降低對手的防禦。,發出不由自主想要捂起耳朵的刺耳聲，從而大幅降低對手的防禦。
影子分身,影子分身,通过快速移动来制造分身，扰乱对手，从而提高闪避率。,利用快速移動製造出分身擾亂對手，提高自己的閃避率。,通過快速移動來製造分身，擾亂對手，從而提高閃避率。
自我再生,自我再生,让细胞再生，从而回复自己最大ＨＰ的一半。,讓細胞再生，回復自己最大ＨＰ的一半。,讓細胞再生，從而回復自己最大ＨＰ的一半。
变硬,變硬,全身使劲，让身体变硬，从而提高自己的防御。,使用全身的力量讓身體硬化，提高自己的防禦。,全身使勁，讓身體變硬，從而提高自己的防禦。
变小,變小,蜷缩身体显得很小，从而大幅提高自己的闪避率。,蜷縮身體使自己顯得很小，大幅提高自己的閃避率。,蜷縮身體顯得很小，從而大幅提高自己的閃避率。
烟幕,煙幕,向对手喷出烟或墨汁等，从而降低对手的命中率。,向對手噴出煙霧或墨汁等，降低對手的命中率。,向對手噴出煙或墨汁等，從而降低對手的命中率。
奇异之光,奇異之光,显示奇怪的光，扰乱对手。使对手混乱。,讓對手看奇怪的光線擾亂對手。使對手混亂。,顯示奇怪的光，擾亂對手。使對手混亂。
缩入壳中,縮入殼中,缩入壳里保护身体，从而提高自己的防御。,縮入殼中保護身體，提高自己的防禦。,縮入殼裡保護身體，從而提高自己的防禦。
变圆,變圓,将身体蜷曲变圆，从而提高自己的防御。,將身體蜷縮成圓形，提高自己的防禦。,將身體蜷曲變圓，從而提高自己的防禦。
屏障,屏障,制造坚固的壁障，从而大幅提高自己的防御。,製造堅固的屏障，大幅提高自己的防禦。,製造堅固的壁障，從而大幅提高自己的防禦。
光墙,光牆,在５回合内使用神奇的墙，减弱从对手那受到的特殊攻击的伤害。,利用神奇的屏障，在５回合內減輕來自對手的特殊攻擊傷害。,在５回合內使用神奇的牆，減弱從對手那受到的特殊攻擊的傷害。
黑雾,黑霧,升起黑雾，将正在场上战斗的全体宝可梦的能力变回原点。,放出黑霧，讓場上全體寶可夢的能力變化回到初始狀態。,升起黑霧，將正在場上戰鬥的全體寶可夢的能力變回原點。
反射壁,反射壁,在５回合内使用神奇的墙，减弱从对手那受到的物理攻击的伤害。,利用神奇的屏障，在５回合內減輕來自對手的物理攻擊傷害。,在５回合內使用神奇的牆，減弱從對手那受到的物理攻擊的傷害。
聚气,聚氣,深深地吸口气，集中精神。自己的攻击会变得容易击中要害。,深呼吸後集中精神。讓自己的攻擊變得容易擊中要害。,深深地吸口氣，集中精神。自己的攻擊會變得容易擊中要害。
忍耐,忍耐,在２回合内忍受攻击，受到的伤害会２倍返还给对手。,在２回合內忍受攻擊，然後將受到的傷害加倍返還給對手。,在２回合內忍受攻擊，受到的傷害會２倍返還給對手。
挥指,揮指,挥动手指刺激自己的大脑，从所有的招式中任意使出１个。,揮動手指刺激自己的大腦，從全部的招式中隨機選出１招使出。,揮動手指刺激自己的大腦，從所有的招式中任意使出１個。
鹦鹉学舌,鸚鵡學舌,模仿对手使用的招式，自己也使用相同招式。,模仿對手使用的招式，自己也使用相同招式。,模仿對手使用的招式，自己也使用相同招式。
自爆,自爆,引发爆炸，攻击自己周围所有的宝可梦。使用后陷入濒死。,引起爆炸，攻擊自己周圍所有的寶可夢。使用後自己會陷入瀕死。,引發爆炸，攻擊自己周圍所有的寶可夢。使用後陷入瀕死。
炸蛋,炸蛋,向对手用力投掷大大的蛋进行攻击。,向對手用力投擲大大的蛋進行攻擊。,向對手用力投擲大大的蛋進行攻擊。
舌舔,舌舔,用长长的舌头，舔遍对手进行攻击。有时会让对手陷入麻痹状态。,用長長的舌頭，舔遍對手進行攻擊。有時會讓對手陷入麻痺狀態。,用長長的舌頭，舔遍對手進行攻擊。有時會讓對手陷入麻痺狀態。
浊雾,濁霧,将肮脏的浓雾吹向对手进行攻击。有时会让对手陷入中毒状态。,將骯髒的濃霧吹向對手進行攻擊。有時會讓對手陷入中毒狀態。,將骯髒的濃霧吹向對手進行攻擊。有時會讓對手陷入中毒狀態。
污泥攻击,污泥攻擊,用污泥投掷对手进行攻击。有时会让对手陷入中毒状态。,向對手投擲污泥進行攻擊。有時會讓對手陷入中毒狀態。,用污泥投擲對手進行攻擊。有時會讓對手陷入中毒狀態。
骨棒,骨棒,用手中的骨头殴打对手进行攻击。有时会使对手畏缩。,用手中的骨頭毆打對手進行攻擊。有時會使對手畏縮。,用手中的骨頭毆打對手進行攻擊。有時會使對手畏縮。
大字爆炎,大字爆炎,用大字形状的火焰烧尽对手。有时会让对手陷入灼伤状态。,用大字形狀的火焰燒盡對手。有時會讓對手陷入灼傷狀態。,用大字形狀的火焰燒盡對手。有時會讓對手陷入灼傷狀態。
攀瀑,攀瀑,以惊人的气势扑向对手。有时会使对手畏缩。,以驚人的氣勢撲向對手。有時會讓對手畏縮。,以驚人的氣勢撲向對手。有時會使對手畏縮。
贝壳夹击,貝殼夾擊,用非常坚固且厚实的贝壳，在４～５回合内夹住对手进行攻击。,用非常堅固且厚實的貝殼，在４～５回合內夾住對手進行攻擊。,用非常堅固且厚實的貝殼，在４～５回合內夾住對手進行攻擊。
高速星星,高速星星,发射星形的光攻击对手。攻击必定会命中。,發射星型光線攻擊對手。攻擊必定會命中。,發射星形的光攻擊對手。攻擊必定會命中。
火箭头锤,火箭頭錘,第１回合把头缩进去，从而提高防御。第２回合攻击对手。,使用後的第１回合把頭後縮，提高防禦。並於第２回合攻擊對手。,第１回合把頭縮進去，從而提高防禦。第２回合攻擊對手。
尖刺加农炮,尖刺加農炮,向对手发射锐针进行攻击。连续攻击２～５次。,向對手發射銳利的針進行攻擊。可連續攻擊２～５次。,向對手發射銳針進行攻擊。連續攻擊２～５次。
缠绕,纏繞,用触手或青藤等缠绕进行攻击。有时会降低对手的速度。,用觸手或青藤等纏繞對手進行攻擊。有時會降低對手的速度。,用觸手或青藤等纏繞進行攻擊。有時會降低對手的速度。
瞬间失忆,瞬間失憶,将头脑清空，瞬间忘记某事，从而大幅提高自己的特防。,將頭腦清空，藉由在一瞬間遺忘某些事大幅提高自己的特防。,將頭腦清空，瞬間忘記某事，從而大幅提高自己的特防。
折弯汤匙,折彎湯匙,折弯汤匙引开注意，从而降低对手的命中率。,折彎湯匙引起注意，降低對手的命中率。,折彎湯匙引開注意，從而降低對手的命中率。
生蛋,生蛋,回复自己最大ＨＰ的一半。,回復自己最大ＨＰ的一半。,回復自己最大ＨＰ的一半。
飞膝踢,飛膝踢,跳起后用膝盖撞对手进行攻击。如果撞偏则自己会受到伤害。,跳起後用膝蓋踢擊對手。沒踢中對手時自己會受到傷害。,跳起後用膝蓋撞對手進行攻擊。如果撞偏則自己會受到傷害。
大蛇瞪眼,大蛇瞪眼,用腹部的花纹使对手害怕，从而让其陷入麻痹状态。,用腹部的花紋使對手心生恐懼，讓對手陷入麻痺狀態。,用腹部的花紋使對手害怕，從而讓其陷入麻痺狀態。
食梦,食夢,吃掉正在睡觉的对手的梦进行攻击。回复对手所受到伤害的一半ＨＰ。,吃掉熟睡中對手的夢進行攻擊。可以回復給予對手傷害的一半ＨＰ。,吃掉正在睡覺的對手的夢進行攻擊。回復對手所受到傷害的一半ＨＰ。
毒瓦斯,毒瓦斯,将毒瓦斯吹到对手的脸上，从而让对手陷入中毒状态。,將毒瓦斯吹到對手的臉上，讓對手陷入中毒狀態。,將毒瓦斯吹到對手的臉上，從而讓對手陷入中毒狀態。
投球,投球,向对手投掷圆形物体进行攻击。连续攻击２～５次。,向對手投擲球狀物體進行攻擊。可連續攻擊２～５次。,向對手投擲圓形物體進行攻擊。連續攻擊２～５次。
吸血,吸血,吸取血液攻击对手。可以回复给予对手伤害的一半ＨＰ。,吸取對手的血液進行攻擊。可以回復給予對手傷害的一半ＨＰ。,吸取血液攻擊對手。可以回復給予對手傷害的一半ＨＰ。
恶魔之吻,惡魔之吻,用恐怖的脸强吻对手。让对手陷入睡眠状态。,用恐怖的臉強吻對手。能讓對手陷入睡眠狀態。,用恐怖的臉強吻對手。讓對手陷入睡眠狀態。
神鸟猛击,神鳥猛擊,第２回合攻击对手。偶尔使对手畏缩。也容易击中要害。,在使用後的下一回合進行攻擊。有時會使對手畏縮。且容易擊中要害。,第２回合攻擊對手。偶爾使對手畏縮。也容易擊中要害。
变身,變身,变身成对手宝可梦的样子，能够使用和对手完全相同的招式。,變身成對手寶可夢的樣子，能夠使用和對手完全相同的招式。,變身成對手寶可夢的樣子，能夠使用和對手完全相同的招式。
泡沫,泡沫,向对手用力吹起无数泡泡进行攻击。有时会降低对手的速度。,將無數的泡泡吹向對手進行攻擊。有時會降低對手的速度。,向對手用力吹起無數泡泡進行攻擊。有時會降低對手的速度。
迷昏拳,迷昏拳,有节奏地出拳攻击对手。有时会使对手混乱。,有節奏地出拳攻擊對手。有時會使對手混亂。,有節奏地出拳攻擊對手。有時會使對手混亂。
蘑菇孢子,蘑菇孢子,沙沙沙地撒满具有催眠效果的孢子，从而让对手陷入睡眠状态。,大把撒出有催眠效果的孢子，讓對手陷入睡眠狀態。,沙沙沙地撒滿具有催眠效果的孢子，從而讓對手陷入睡眠狀態。
闪光,閃光,使出耀眼光芒，从而降低对手的命中率。,放出耀眼的光芒，降低對手的命中率。,使出耀眼光芒，從而降低對手的命中率。
精神波,精神波,向对手发射神奇的念波进行攻击。每次使用，伤害都会改变。,向對手發射神奇的念力波進行攻擊。每次給予的傷害都不同。,向對手發射神奇的念波進行攻擊。每次使用，傷害都會改變。
跃起,躍起,也不攻击只是一蹦一蹦地跳，什么都不会发生……,不攻擊對手，只是蹦蹦跳跳的，什麼事也不會發生……,也不攻擊只是一蹦一蹦地跳，什麼都不會發生……
溶化,溶化,通过细胞的变化进行液化，从而大幅提高自己的防御。,藉由細胞的變化讓身體液化，大幅提高自己的防禦。,通過細胞的變化進行液化，從而大幅提高自己的防禦。
蟹钳锤,蟹鉗錘,用大钳子敲打对手进行攻击。容易击中要害。,用巨大的鉗子敲打對手進行攻擊。容易擊中要害。,用大鉗子敲打對手進行攻擊。容易擊中要害。
大爆炸,大爆炸,引发大爆炸，攻击自己周围所有的宝可梦。使用后自己会陷入濒死。,引起大爆炸，攻擊自己周圍所有的寶可夢。使用後自己會陷入瀕死。,引發大爆炸，攻擊自己周圍所有的寶可夢。使用後自己會陷入瀕死。
乱抓,亂抓,用爪子或镰刀等抓对手进行攻击。连续攻击２～５次。,用爪子或鐮刀等向對手進行攻擊。可連續攻擊２～５次。,用爪子或鐮刀等抓對手進行攻擊。連續攻擊２～５次。
骨头回力镖,骨頭回力鏢,用手中的骨头投掷对手，来回连续２次给予伤害。,向對手投擲手中的骨頭，來回連續２次給予傷害。,用手中的骨頭投擲對手，來回連續２次給予傷害。
睡觉,睡覺,连续睡上２回合。回复自己的全部ＨＰ以及治愈所有异常状态。,連續睡２回合。回復自己的全部ＨＰ以及治癒所有異常狀態。,連續睡上２回合。回復自己的全部ＨＰ以及治癒所有異常狀態。
岩崩,岩崩,将大岩石猛烈地撞向对手进行攻击。有时会使对手畏缩。,將大岩石猛烈地砸向對手進行攻擊。有時會讓對手畏縮。,將大岩石猛烈地撞向對手進行攻擊。有時會使對手畏縮。
必杀门牙,必殺門牙,用锋利的门牙牢牢地咬住对手进行攻击。有时会使对手畏缩。,用銳利的門牙牢牢咬住對手進行攻擊。有時會使對手畏縮。,用鋒利的門牙牢牢地咬住對手進行攻擊。有時會使對手畏縮。
棱角化,稜角化,增加身体的角，变得棱棱角角，从而提高自己的攻击。,增加身體的稜角，變得方方正正，提高自己的攻擊。,增加身體的角，變得稜稜角角，從而提高自己的攻擊。
纹理,紋理,将自己的属性转换成和已学会的招式中第一个招式相同的属性。,將自己的屬性轉換成與已學會的招式中第１個招式相同的屬性。,將自己的屬性轉換成和已學會的招式中第一個招式相同的屬性。
三重攻击,三重攻擊,用３种光线进行攻击。有时会让对手陷入麻痹、灼伤或冰冻的状态。,用３種光線進行攻擊。有時會讓對手陷入麻痺、灼傷或冰凍的狀態。,用３種光線進行攻擊。有時會讓對手陷入麻痺、灼傷或冰凍的狀態。
愤怒门牙,憤怒門牙,用锋利的门牙猛烈地咬住对手进行攻击。对手的ＨＰ减半。,用銳利的門牙猛烈地咬住對手進行攻擊。對手的ＨＰ將會減半。,用鋒利的門牙猛烈地咬住對手進行攻擊。對手的ＨＰ減半。
劈开,劈開,用爪子或镰刀等劈开对手进行攻击。容易击中要害。,用爪子或鐮刀等劈開對手進行攻擊。容易擊中要害。,用爪子或鐮刀等劈開對手進行攻擊。容易擊中要害。
替身,替身,削减少许自己的ＨＰ，制造分身。分身将成为自己的替身。,消耗一些自己的ＨＰ，製造分身。分身將成為自己的替身。,削減少許自己的ＨＰ，製造分身。分身將成為自己的替身。
挣扎,掙扎,当自己的ＰＰ耗尽时，努力挣扎攻击对手。自己也会受到少许伤害。,在自己的ＰＰ耗盡時，努力掙扎攻擊對手。自己也會受到少許傷害。,當自己的ＰＰ耗盡時，努力掙扎攻擊對手。自己也會受到少許傷害。
写生,寫生,将对手使用的招式变成自己的招式。使用１次后写生消失。,將對手使用的招式變成自己的。寫生在使用１次之後就會消失。,將對手使用的招式變成自己的招式。使用１次後寫生消失。
三连踢,三連踢,连续３次踢对手进行攻击。每踢中一次，威力就会提高。,連續踢對手３次進行攻擊。每踢中一次，威力就會提高。,連續３次踢對手進行攻擊。每踢中一次，威力就會提高。
小偷,小偷,攻击的同时盗取道具。当自己携带道具时，不会去盗取。,在攻擊的同時偷取道具。當寶可夢自己有攜帶道具時，則無法偷取。,攻擊的同時盜取道具。當自己攜帶道具時，不會去盜取。
蛛网,蛛網,将黏糊糊的细丝一层一层缠住对手，使其不能从战斗中逃走。,用黏糊糊的細絲一層一層纏住對手，讓對手不能從戰鬥中逃走。,將黏糊糊的細絲一層一層纏住對手，使其不能從戰鬥中逃走。
心之眼,心之眼,用心感受对手的行动，下次攻击必定会击中对手。,用心感受對手的行動模式，下次攻擊時必定會命中對手。,用心感受對手的行動，下次攻擊必定會擊中對手。
恶梦,惡夢,让在睡眠状态下的对手做恶梦，每回合会缓缓减少ＨＰ。,讓處於睡眠狀態的對手作惡夢，每回合減少一部分ＨＰ。,讓在睡眠狀態下的對手做惡夢，每回合會緩緩減少ＨＰ。
火焰轮,火焰輪,让火焰覆盖全身，猛撞向对手进行攻击。有时会让对手陷入灼伤状态。,用火焰圍繞身體，猛撞對手進行攻擊。有時會讓對手陷入灼傷狀態。,讓火焰覆蓋全身，猛撞向對手進行攻擊。有時會讓對手陷入灼傷狀態。
打鼾,打鼾,在自己睡觉时，发出噪音进行攻击。有时会使对手畏缩。,在自己睡著時，發出噪音進行攻擊。有時會讓對手畏縮。,在自己睡覺時，發出噪音進行攻擊。有時會使對手畏縮。
诅咒,詛咒,使用该招式的宝可梦，其属性是幽灵属性或其他属性时，效果会不一样。,使用詛咒時，幽靈屬性的寶可夢和其他屬性的寶可夢，會獲得不同的招式效果。,使用該招式的寶可夢，其屬性是幽靈屬性或其他屬性時，效果會不一樣。
抓狂,抓狂,抓狂般乱打进行攻击。自己的ＨＰ越少，招式的威力越大。,抓狂般亂打進行攻擊。自己的ＨＰ越少，招式的威力越大。,抓狂般亂打進行攻擊。自己的ＨＰ越少，招式的威力越大。
纹理２,紋理２,为了可以抵抗对手最后使用的招式，从而使自己的属性发生变化。,改變屬性，讓自己能夠抵抗對手最近一次使出的招式。,為了可以抵抗對手最後使用的招式，從而使自己的屬性發生變化。
气旋攻击,氣旋攻擊,发射空气旋涡进行攻击。容易击中要害。,向對手發射空氣漩渦進行攻擊。容易擊中要害。,發射空氣旋渦進行攻擊。容易擊中要害。
棉孢子,棉孢子,将棉花般柔软的孢子紧贴对手，从而大幅降低对手的速度。,將棉花般柔軟的孢子纏繞對手，大幅降低對手的速度。,將棉花般柔軟的孢子緊貼對手，從而大幅降低對手的速度。
起死回生,起死回生,竭尽全力进行攻击。自己的ＨＰ越少，招式的威力越大。,竭盡全力進行攻擊。自己的ＨＰ越少，招式的威力越大。,竭盡全力進行攻擊。自己的ＨＰ越少，招式的威力越大。
怨恨,怨恨,对对手最后使用的招式怀有怨恨，减少４ＰＰ该招式。,向對手最近一次使用的招式發出怨念，讓該招式減少４ＰＰ。,對對手最後使用的招式懷有怨恨，減少４ＰＰ該招式。
细雪,細雪,将冰冷的细雪吹向对手进行攻击。有时会让对手陷入冰冻状态。,將冰冷的細雪吹向對手進行攻擊。有時會讓對手陷入冰凍狀態。,將冰冷的細雪吹向對手進行攻擊。有時會讓對手陷入冰凍狀態。
守住,守住,完全抵挡对手的攻击。连续使出则容易失败。,完全防住對手的所有攻擊。連續使用時容易失敗。,完全抵擋對手的攻擊。連續使出則容易失敗。
音速拳,音速拳,以迅雷不及掩耳之势出拳。必定能够先制攻击。,以迅雷不及掩耳之勢出拳。必定能夠發動先制攻擊。,以迅雷不及掩耳之勢出拳。必定能夠先制攻擊。
鬼面,鬼面,用恐怖的脸瞪着对手，使其害怕，从而大幅降低对手的速度。,用恐怖的表情瞪著對手，讓對手害怕，大幅降低對手的速度。,用恐怖的臉瞪著對手，使其害怕，從而大幅降低對手的速度。
出奇一击,出奇一擊,悄悄地靠近对手，趁其不备进行殴打。攻击必定会命中。,若無其事地靠近對手，出其不意地進行攻擊。攻擊必定會命中。,悄悄地靠近對手，趁其不備進行毆打。攻擊必定會命中。
天使之吻,天使之吻,像天使般可爱地亲吻对手，从而使对手混乱。,像天使般可愛地親吻對手，進而使對手混亂。,像天使般可愛地親吻對手，從而使對手混亂。
腹鼓,腹鼓,将自己的ＨＰ减少到最大ＨＰ的一半，从而最大限度提高自己的攻击。,將現有的ＨＰ減去最大ＨＰ的一半，讓自己的攻擊提高至最大值。,將自己的ＨＰ減少到最大ＨＰ的一半，從而最大限度提高自己的攻擊。
污泥炸弹,污泥炸彈,用污泥投掷对手进行攻击。有时会让对手陷入中毒状态。,向對手投擲污泥進行攻擊。有時會讓對手陷入中毒狀態。,用污泥投擲對手進行攻擊。有時會讓對手陷入中毒狀態。
掷泥,擲泥,向对手的脸等投掷泥块进行攻击。会降低对手的命中率。,向對手的臉等處投擲泥巴進行攻擊。可降低對手的命中率。,向對手的臉等投擲泥塊進行攻擊。會降低對手的命中率。
章鱼桶炮,章魚桶炮,向对手的脸等喷出墨汁进行攻击。有时会降低对手的命中率。,向對手的臉等噴出墨汁進行攻擊。有時會降低對手的命中率。,向對手的臉等噴出墨汁進行攻擊。有時會降低對手的命中率。
撒菱,撒菱,在对手的脚下扔撒菱。对替换出场的对手的宝可梦给予伤害。,將撒菱散布在對手的腳下。讓對手替換出場的寶可夢受到傷害。,在對手的腳下扔撒菱。對替換出場的對手的寶可夢給予傷害。
电磁炮,電磁炮,发射大炮一样的电流进行攻击。让对手陷入麻痹状态。,發射如大炮般的電流進行攻擊。能讓對手陷入麻痺狀態。,發射大炮一樣的電流進行攻擊。讓對手陷入麻痺狀態。
识破,識破,对幽灵属性宝可梦没有效果的招式以及闪避率高的对手，使用后变得能够打中。,讓對幽靈屬性寶可夢無效的招式能夠發揮效果，也可不顧對手提高後的閃避率進行攻擊。,對幽靈屬性寶可夢沒有效果的招式以及閃避率高的對手，使用後變得能夠打中。
同命,同命,使出招式后，当受到对手攻击陷入濒死时，对手也会一同濒死。连续使出则会失败。,使出招式後，當受到對手攻擊陷入瀕死時，對手也會一同陷入瀕死。連續使用時會失敗。,使出招式後，當受到對手攻擊陷入瀕死時，對手也會一同瀕死。連續使出則會失敗。
灭亡之歌,滅亡之歌,倾听歌声的宝可梦经过３回合陷入濒死。替换后效果消失。,聽了歌聲的寶可夢３回合後將陷入瀕死。替換寶可夢後效果就會消失。,傾聽歌聲的寶可夢經過３回合陷入瀕死。替換後效果消失。
冰冻之风,冰凍之風,将结冰的冷气吹向对手进行攻击。会降低对手的速度。,將冰冷的寒氣吹向對手進行攻擊。可降低對手的速度。,將結冰的冷氣吹向對手進行攻擊。會降低對手的速度。
看穿,看穿,完全抵挡对手的攻击。连续使出则容易失败。,完全防住對手的所有攻擊。連續使用時容易失敗。,完全抵擋對手的攻擊。連續使出則容易失敗。
骨棒乱打,骨棒亂打,用坚硬的骨头殴打对手进行攻击。连续攻击２～５次。,用堅硬的骨頭毆打對手進行攻擊。連續攻擊２～５次。,用堅硬的骨頭毆打對手進行攻擊。連續攻擊２～５次。
锁定,鎖定,紧紧瞄准对手，下次攻击必定会打中。,精確地瞄準，下次攻擊時一定會命中對手。,緊緊瞄準對手，下次攻擊必定會打中。
逆鳞,逆鱗,在２～３回合内，乱打一气地进行攻击。大闹一番后自己会陷入混乱。,在２～３回合內瘋狂亂打對手進行攻擊。大鬧一番後自己會陷入混亂。,在２～３回合內，亂打一氣地進行攻擊。大鬧一番後自己會陷入混亂。
沙暴,沙暴,在５回合内扬起沙暴，除岩石、地面和钢属性以外的宝可梦，都会受到伤害。岩石属性的特防还会提高。,揚起沙暴，在５回合內給予岩石、地面和鋼屬性以外的寶可夢傷害。岩石屬性寶可夢的特防會提高。,在５回合內揚起沙暴，除岩石、地面和鋼屬性以外的寶可夢，都會受到傷害。岩石屬性的特防還會提高。
终极吸取,終極吸取,吸取对手的养分进行攻击。可以回复给予对手伤害的一半ＨＰ。,吸取對手的養分進行攻擊。可以回復給予對手傷害的一半ＨＰ。,吸取對手的養分進行攻擊。可以回復給予對手傷害的一半ＨＰ。
挺住,挺住,即使受到攻击，也至少会留下１ＨＰ。连续使出则容易失败。,即使受到再強烈的攻擊，也一定會剩下１ＨＰ。連續使用時容易失敗。,即使受到攻擊，也至少會留下１ＨＰ。連續使出則容易失敗。
撒娇,撒嬌,可爱地凝视，诱使对手疏忽大意，从而大幅降低对手的攻击。,用撒嬌的眼神誘使對手疏忽大意，大幅降低對手的攻擊。,可愛地凝視，誘使對手疏忽大意，從而大幅降低對手的攻擊。
滚动,滾動,在５回合内连续滚动攻击对手。招式每次击中，威力就会提高。,在５回合內連續滾動攻擊對手。每擊中一次，威力就會提高。,在５回合內連續滾動攻擊對手。招式每次擊中，威力就會提高。
点到为止,點到為止,对手的ＨＰ至少会留下１ＨＰ，如此般手下留情地攻击。,手下留情地攻擊對手，一定會讓對手剩下１ＨＰ。,對手的ＨＰ至少會留下１ＨＰ，如此般手下留情地攻擊。
虚张声势,虛張聲勢,激怒对手，使其混乱。因为愤怒，对手的攻击会大幅提高。,讓對手火大並陷入混亂。但對手的攻擊會因憤怒而大幅提高。,激怒對手，使其混亂。因為憤怒，對手的攻擊會大幅提高。
喝牛奶,喝牛奶,回复自己最大ＨＰ的一半。,回復自己最大ＨＰ的一半。,回復自己最大ＨＰ的一半。
电光,電光,让电流覆盖全身，猛撞向对手进行攻击。有时会让对手陷入麻痹状态。,用電流圍繞身體，猛撞對手進行攻擊。有時會讓對手陷入麻痺狀態。,讓電流覆蓋全身，猛撞向對手進行攻擊。有時會讓對手陷入麻痺狀態。
连斩,連斬,用镰刀或爪子等切斩对手进行攻击。连续击中，威力就会提高。,用鐮刀或爪子等斬切對手進行攻擊。連續命中時威力會提高。,用鐮刀或爪子等切斬對手進行攻擊。連續擊中，威力就會提高。
钢翼,鋼翼,用坚硬的翅膀敲打对手进行攻击。有时会提高自己的防御。,用堅硬的翅膀撞擊對手進行攻擊。有時會提高自己的防禦。,用堅硬的翅膀敲打對手進行攻擊。有時會提高自己的防禦。
黑色目光,黑色目光,用好似要勾人心魂的黑色目光一动不动地凝视对手，使其不能从战斗中逃走。,用漆黑深邃的眼神一動也不動地凝視對手，讓對手無法從戰鬥中逃走。,用好似要勾人心魂的黑色目光一動不動地凝視對手，使其不能從戰鬥中逃走。
迷人,迷人,♂诱惑♀或♀诱惑♂，让对手着迷。对手将很难使出招式。,♂誘惑♀而♀誘惑♂，讓對手著迷。對手將難以使用招式。,♂誘惑♀或♀誘惑♂，讓對手著迷。對手將很難使出招式。
梦话,夢話,从自己已学会的招式中任意使出１个。只能在自己睡觉时使用。,從自己已學會的招式中隨機選出１個使出。只有在睡眠狀態時可以使用。,從自己已學會的招式中任意使出１個。只能在自己睡覺時使用。
治愈铃声,治癒鈴聲,让同伴听舒适的铃音，从而治愈我方全员的异常状态。,發出悅耳的鈴聲，治癒我方全體的異常狀態。,讓夥伴聽舒適的鈴音，從而治癒我方全員的異常狀態。
报恩,報恩,为了训练家而全力攻击对手。亲密度越高，威力越大。,為了訓練家而全力攻擊對手。親密度越高，威力越大。,為了訓練家而全力攻擊對手。親密度越高，威力越大。
礼物,禮物,递给对手设有圈套的盒子进行攻击。也有可能回复对手ＨＰ。,將暗藏機關的盒子遞給對手進行攻擊。但也有可能回復對手的ＨＰ。,遞給對手設有圈套的盒子進行攻擊。也有可能回復對手ＨＰ。
迁怒,遷怒,为了发泄不满而全力攻击对手。亲密度越低，威力越大。,為了發洩不滿而全力攻擊對手。親密度越低，威力越大。,為了發泄不滿而全力攻擊對手。親密度越低，威力越大。
神秘守护,神秘守護,在５回合内被神奇的力量守护，从而不会陷入异常状态。,在５回合內被神奇的力量守護，不會陷入異常狀態。,在５回合內被神奇的力量守護，從而不會陷入異常狀態。
分担痛楚,分擔痛楚,将自己的ＨＰ和对手的ＨＰ相加，然后自己和对手友好地平分。,將自己的ＨＰ和對手的ＨＰ相加，然後雙方友好地平分。,將自己的ＨＰ和對手的ＨＰ相加，然後自己和對手友好地平分。
神圣之火,神聖之火,用神秘的火焰烧尽对手进行攻击。有时会让对手陷入灼伤状态。,用神秘的火焰燒盡對手進行攻擊。有時會讓對手陷入灼傷狀態。,用神秘的火焰燒盡對手進行攻擊。有時會讓對手陷入灼傷狀態。
震级,震級,晃动地面，攻击自己周围所有的宝可梦。招式的威力会有各种变化。,晃動地面，攻擊自己周圍所有的寶可夢。招式的威力有多種變化。,晃動地面，攻擊自己周圍所有的寶可夢。招式的威力會有各種變化。
爆裂拳,爆裂拳,使出浑身力气出拳进行攻击。必定会使对手混乱。,使出渾身力量出拳進行攻擊。必定會使對手混亂。,使出渾身力氣出拳進行攻擊。必定會使對手混亂。
超级角击,超級角擊,用坚硬且华丽的角狠狠地刺入对手进行攻击。,用堅硬且華麗的角狠狠地刺進對手進行攻擊。,用堅硬且華麗的角狠狠地刺入對手進行攻擊。
龙息,龍息,将强烈的气息吹向对手进行攻击。有时会让对手陷入麻痹状态。,將強烈的氣息吹向對手進行攻擊。有時會讓對手陷入麻痺狀態。,將強烈的氣息吹向對手進行攻擊。有時會讓對手陷入麻痺狀態。
接棒,接棒,和后备宝可梦进行替换。换上的宝可梦能直接继承其能力的变化。,與後備寶可夢進行替換。替換上場的寶可夢，將承接目前寶可夢的能力變化。,和後備寶可夢進行替換。換上的寶可夢能直接繼承其能力的變化。
再来一次,再來一次,让对手接受再来一次，连续３次使出最后使用的招式。,要求對手再來一次，讓對手連續３次使出最近一次使用的招式。,讓對手接受再來一次，連續３次使出最後使用的招式。
追打,追打,当对手替换宝可梦上场时使出此招式的话，能够以２倍的威力进行攻击。,在對手替換寶可夢時使用此招式的話，便能以２倍的威力進行攻擊。,當對手替換寶可夢上場時使出此招式的話，能夠以２倍的威力進行攻擊。
高速旋转,高速旋轉,通过旋转来攻击对手。还可以摆脱绑紧、紧束、寄生种子和撒菱等招式。,利用旋轉來攻擊對手。也可以擺脫綁緊、緊束，以及解除寄生種子和撒菱等招式。,通過旋轉來攻擊對手。還可以擺脫綁緊、緊束、寄生種子和撒菱等招式。
甜甜香气,甜甜香氣,用香气大幅降低对手的闪避率。,用香氣大幅降低對手的閃避率。,用香氣大幅降低對手的閃避率。
铁尾,鐵尾,使用坚硬的尾巴摔打对手进行攻击。有时会降低对手的防御。,將堅硬的尾巴甩向對手進行攻擊。有時會降低對手的防禦。,使用堅硬的尾巴摔打對手進行攻擊。有時會降低對手的防禦。
金属爪,金屬爪,用钢铁之爪劈开对手进行攻击。有时会提高自己的攻击。,用鋼鐵之爪撕裂對手進行攻擊。有時會提高自己的攻擊。,用鋼鐵之爪劈開對手進行攻擊。有時會提高自己的攻擊。
借力摔,借力摔,会在对手之后进行攻击。但是自己的攻击必定会命中。,攻擊的順序會在對手之後。但是自己的攻擊必定會命中。,會在對手之後進行攻擊。但是自己的攻擊必定會命中。
晨光,晨光,回复自己的ＨＰ。根据天气的不同，回复量也会有所变化。,回復自己的ＨＰ。回復量會隨著天氣的不同而有所變化。,回復自己的ＨＰ。根據天氣的不同，回復量也會有所變化。
光合作用,光合作用,回复自己的ＨＰ。根据天气的不同，回复量也会有所变化。,回復自己的ＨＰ。回復量會隨著天氣的不同而有所變化。,回復自己的ＨＰ。根據天氣的不同，回復量也會有所變化。
月光,月光,回复自己的ＨＰ。根据天气的不同，回复量也会有所变化。,回復自己的ＨＰ。回復量會隨著天氣的不同而有所變化。,回復自己的ＨＰ。根據天氣的不同，回復量也會有所變化。
觉醒力量,覺醒力量,招式的属性会随着使用此招式的宝可梦而改变。,招式的屬性會隨著使用此招式的寶可夢而改變。,招式的屬性會隨著使用此招式的寶可夢而改變。
十字劈,十字劈,用两手呈十字劈打对手进行攻击。容易击中要害。,用左右手刀劈打對手進行攻擊。容易擊中要害。,用兩手呈十字劈打對手進行攻擊。容易擊中要害。
龙卷风,龍捲風,兴起龙卷风，将对手卷入进行攻击。有时会使对手畏缩。,刮起龍捲風，將對手捲入進行攻擊。有時會使對手畏縮。,興起龍捲風，將對手捲入進行攻擊。有時會使對手畏縮。
求雨,求雨,在５回合内一直降雨，从而提高水属性的招式威力。火属性的招式威力则降低。,降下大雨，在５回合內提高水屬性招式的威力。火屬性招式的威力會降低。,在５回合內一直降雨，從而提高水屬性的招式威力。火屬性的招式威力則降低。
大晴天,大晴天,在５回合内阳光变得强烈，从而提高火属性的招式威力。水属性的招式威力则降低。,讓陽光增強，在５回合內提高火屬性招式的威力。水屬性招式的威力會降低。,在５回合內陽光變得強烈，從而提高火屬性的招式威力。水屬性的招式威力則降低。
咬碎,咬碎,用利牙咬碎对手进行攻击。有时会降低对手的防御。,用尖銳的牙齒咬碎對手進行攻擊。有時會降低對手的防禦。,用利牙咬碎對手進行攻擊。有時會降低對手的防禦。
镜面反射,鏡面反射,从对手那里受到特殊攻击的伤害将以２倍返还给同一个对手。,將來自對手的特殊攻擊傷害加倍後，返還給該對手。,從對手那裡受到特殊攻擊的傷害將以２倍返還給同一個對手。
自我暗示,自我暗示,向自己施以自我暗示，将能力变化的状态变得和对手一样。,向自己施加自我暗示，讓能力變化的狀態變得與對手相同。,向自己施以自我暗示，將能力變化的狀態變得和對手一樣。
神速,神速,以迅雷不及掩耳之势猛撞向对手进行攻击。必定能够先制攻击。,以迅雷不及掩耳之勢猛撞向對手進行攻擊。必定能夠發動先制攻擊。,以迅雷不及掩耳之勢猛撞向對手進行攻擊。必定能夠先制攻擊。
原始之力,原始之力,用原始之力进行攻击。有时会提高自己所有的能力。,用原始之力進行攻擊。有時會提高自己的所有能力。,用原始之力進行攻擊。有時會提高自己所有的能力。
暗影球,暗影球,投掷一团黑影进行攻击。有时会降低对手的特防。,投擲一團黑影進行攻擊。有時會降低對手的特防。,投擲一團黑影進行攻擊。有時會降低對手的特防。
预知未来,預知未來,在使用招式２回合后，向对手发送一团念力进行攻击。,使用招式的２回合後，向對手發送一團念力進行攻擊。,在使用招式２回合後，向對手發送一團念力進行攻擊。
碎岩,碎岩,用拳头进行攻击。有时会降低对手的防御。,用拳頭進行攻擊。有時會降低對手的防禦。,用拳頭進行攻擊。有時會降低對手的防禦。
潮旋,潮旋,将对手困在激烈的水流旋涡中，在４～５回合内进行攻击。,將對手困在激烈的水流漩渦中，在４～５回合內進行攻擊。,將對手困在激烈的水流旋渦中，在４～５回合內進行攻擊。
围攻,圍攻,我方全员进行攻击。同行的宝可梦越多，招式的攻击次数越多。,讓我方所有寶可夢進行攻擊。同行的寶可夢越多，招式的攻擊次數越多。,我方全員進行攻擊。同行的寶可夢越多，招式的攻擊次數越多。
击掌奇袭,擊掌奇襲,进行先制攻击，使对手畏缩。要在出场后立刻使出才能成功。,利用先制攻擊使對手畏縮。要在上場後立即使用才會成功。,進行先制攻擊，使對手畏縮。要在出場後立刻使出才能成功。
吵闹,吵鬧,在３回合内用骚乱攻击对手。在此期间谁都不能入眠。,在３回合內大吵大鬧攻擊對手。在此期間誰都無法入眠。,在３回合內用騷亂攻擊對手。在此期間誰都不能入眠。
蓄力,蓄力,积蓄力量，提高自己的防御和特防。最多积蓄３次。,蓄積力量，提高自己的防禦和特防。最多蓄積３次。,積蓄力量，提高自己的防禦和特防。最多積蓄３次。
喷出,噴出,将积蓄的力量撞向对手进行攻击。积蓄得越多，威力越大。,將蓄積的力量撞向對手進行攻擊。蓄積得越多，威力越大。,將積蓄的力量撞向對手進行攻擊。積蓄得越多，威力越大。
吞下,吞下,将积蓄的力量吞下，从而回复自己的ＨＰ。积蓄得越多，回复越大。,將蓄積的力量吞下，回復自己的ＨＰ。蓄積得越多，回復越多。,將積蓄的力量吞下，從而回復自己的ＨＰ。積蓄得越多，回復越大。
热风,熱風,将炎热的气息吹向对手进行攻击。有时会让对手陷入灼伤状态。,將炎熱的氣息吹向對手進行攻擊。有時會讓對手陷入灼傷狀態。,將炎熱的氣息吹向對手進行攻擊。有時會讓對手陷入灼傷狀態。
冰雹,冰雹,在５回合内一直降冰雹，除冰属性的宝可梦以外，给予全体宝可梦伤害。,降下冰雹，在５回合內場上除了冰屬性以外的寶可夢都會受到傷害。,在５回合內一直降冰雹，除冰屬性的寶可夢以外，給予全體寶可夢傷害。
无理取闹,無理取鬧,向对手无理取闹，令其不能连续２次使出相同招式。,無理取鬧，讓對手不能連續２次使出相同招式。,向對手無理取鬧，令其不能連續２次使出相同招式。
吹捧,吹捧,吹捧对手，使其混乱。同时还会提高对手的特攻。,吹捧對手，使其混亂。同時還會提高對手的特攻。,吹捧對手，使其混亂。同時還會提高對手的特攻。
鬼火,鬼火,放出怪异的火焰，从而让对手陷入灼伤状态。,放出詭異的火焰，讓對手陷入灼傷狀態。,放出怪異的火焰，從而讓對手陷入灼傷狀態。
临别礼物,臨別禮物,虽然会使自己陷入濒死，但是能够大幅降低对手的攻击和特攻。,雖然自己會陷入瀕死，但可以大幅降低對手的攻擊和特攻。,雖然會使自己陷入瀕死，但是能夠大幅降低對手的攻擊和特攻。
硬撑,硬撐,当自己处于中毒、麻痹、灼伤状态时，向对手使出此招式的话，威力会变成２倍。,當自己陷入中毒、麻痺、灼傷等狀態時，向對手使用此招式，威力會變成２倍。,當自己處於中毒、麻痺、灼傷狀態時，向對手使出此招式的話，威力會變成２倍。
真气拳,真氣拳,集中精神出拳。在招式使出前若受到攻击则会失败。,集中精神後出拳。若出拳前受到攻擊，則會失敗。,集中精神出拳。在招式使出前若受到攻擊則會失敗。
清醒,清醒,对于麻痹状态下的对手，威力会变成２倍。但相反对手的麻痹也会被治愈。,攻擊陷入麻痺狀態的對手時，威力會變成２倍。但也會治癒對手的麻痺。,對於麻痺狀態下的對手，威力會變成２倍。但相反對手的麻痺也會被治癒。
看我嘛,看我嘛,引起对手的注意，将对手的攻击全部转移到自己身上。,吸引對手的注意，將對手的攻擊全部轉移到自己身上。,引起對手的注意，將對手的攻擊全部轉移到自己身上。
自然之力,自然之力,用自然之力进行攻击。根据所使用场所的不同，使出的招式也会有所变化。,用自然之力進行攻擊。隨著使用地點的不同，使出的招式也會改變。,用自然之力進行攻擊。根據所使用場所的不同，使出的招式也會有所變化。
充电,充電,提高下一回合使出的电属性的招式威力。自己的特防也会提高。,提高下一回合使出的電屬性招式威力。也會提高自己的特防。,提高下一回合使出的電屬性的招式威力。自己的特防也會提高。
挑衅,挑釁,使对手愤怒。在３回合内让对手只能使出给予伤害的招式。,激怒對手。在３回合內讓對手只能使出給予傷害的招式。,使對手憤怒。在３回合內讓對手只能使出給予傷害的招式。
帮助,幫助,帮助伙伴。被帮助的宝可梦，其招式威力变得比平时大。,幫助夥伴。被幫助的寶可夢，招式的威力會比原來更大。,幫助夥伴。被幫助的寶可夢，其招式威力變得比平時大。
戏法,戲法,抓住对手的空隙，交换自己和对手的持有物。,在對手露出空隙時，趁機交換自己和對手的持有物。,抓住對手的空隙，交換自己和對手的持有物。
扮演,扮演,扮演对手，让自己的特性变得和对手相同。,扮演成對手，讓自己的特性也變得和對手相同。,扮演對手，讓自己的特性變得和對手相同。
祈愿,祈願,在下一回合回复自己或是替换出场的宝可梦最大ＨＰ的一半。,在下一回合回復自己或是替換上場的寶可夢最大ＨＰ的一半。,在下一回合回復自己或是替換出場的寶可夢最大ＨＰ的一半。
借助,借助,向我方紧急求助，从我方宝可梦已学会的招式中随机使用１个。,緊急向同伴求救，從我方寶可夢已學會的招式中隨機選出１個使用。,向我方緊急求助，從我方寶可夢已學會的招式中隨機使用１個。
扎根,扎根,在大地上扎根，每回合回复自己的ＨＰ。因为扎根了，所以不能替换宝可梦。,在大地上扎根，每回合會回復自己的ＨＰ。但扎根之後無法進行替換。,在大地上扎根，每回合回復自己的ＨＰ。因為扎根了，所以不能替換寶可夢。
蛮力,蠻力,发挥惊人的力量攻击对手。自己的攻击和防御会降低。,發揮驚人的力量攻擊對手。自己的攻擊和防禦會降低。,發揮驚人的力量攻擊對手。自己的攻擊和防禦會降低。
魔法反射,魔法反射,当对手使出会变成异常状态的招式或寄生种子等时，会将对手的招式反射回去。,若對手使用寄生種子或其他會讓寶可夢陷入異常狀態的招式時，可將對手的招式反彈回去。,當對手使出會變成異常狀態的招式或寄生種子等時，會將對手的招式反射回去。
回收利用,回收利用,使战斗中已经消耗掉的自己的持有物再生，并可以再次使用。,將在戰鬥中已消耗完的寶可夢持有物回收後，回復成可以使用的狀態。,使戰鬥中已經消耗掉的自己的持有物再生，並可以再次使用。
报复,報復,如果受到对手的招式攻击，就能给予对手２倍的伤害。,如果受到對手的招式攻擊，給予該對手的傷害就會變成２倍。,如果受到對手的招式攻擊，就能給予對手２倍的傷害。
劈瓦,劈瓦,将手刀猛烈地挥下攻击对手。还可以破坏光墙和反射壁等。,猛烈地揮下手刀攻擊對手。還可以破壞光牆和反射壁等。,將手刀猛烈地揮下攻擊對手。還可以破壞光牆和反射壁等。
哈欠,哈欠,打个大哈欠引起睡意。在下一回合让对手陷入睡眠状态。,打個大哈欠引起睡意。在下一回合讓對手陷入睡眠狀態。,打個大哈欠引起睡意。在下一回合讓對手陷入睡眠狀態。
拍落,拍落,拍落对手的持有物，直到战斗结束都不能使用。对手携带道具时会增加伤害。,拍落對手的持有物，讓對手在戰鬥結束前都無法使用。對手有攜帶物品時，傷害會增加。,拍落對手的持有物，直到戰鬥結束都不能使用。對手攜帶道具時會增加傷害。
蛮干,蠻幹,给予伤害，使对手的ＨＰ变得和自己的ＨＰ一样。,給予傷害，使對手的ＨＰ變得和自己的ＨＰ一樣。,給予傷害，使對手的ＨＰ變得和自己的ＨＰ一樣。
喷火,噴火,爆发怒火攻击对手。自己的ＨＰ越少，招式的威力越小。,爆發怒火攻擊對手。自己的ＨＰ越少，招式的威力越小。,爆發怒火攻擊對手。自己的ＨＰ越少，招式的威力越小。
特性互换,特性互換,利用超能力互换自己和对手的特性。,用超能力將自己和對手的特性互相交換。,利用超能力互換自己和對手的特性。
封印,封印,如果对手有和自己相同的招式，那么只有对手无法使用该招式。,如果對手也學會了和自己相同的招式，則對手將不能使用該招式。,如果對手有和自己相同的招式，那麼只有對手無法使用該招式。
焕然一新,煥然一新,让身体休息，治愈自己身上所中的毒、麻痹、灼伤的异常状态。,讓身體休息，治癒自己身上的中毒、麻痺、灼傷的異常狀態。,讓身體休息，治癒自己身上所中的毒、麻痺、灼傷的異常狀態。
怨念,怨念,因对手的招式而陷入濒死时给对手施加怨念，让该招式的ＰＰ变成０。,因為對手的招式而陷入瀕死時，施加怨念，讓該招式的ＰＰ變成０。,因對手的招式而陷入瀕死時給對手施加怨念，讓該招式的ＰＰ變成０。
抢夺,搶奪,将对手打算使用的回复招式或能力变化招式夺为己用。,將對手打算使用的回復招式或能力變化招式奪為己用。,將對手打算使用的回覆招式或能力變化招式奪為己用。
秘密之力,秘密之力,根据使用场所不同，该招式的追加效果也会有所变化。,隨著使用地點的不同，招式的追加效果也會改變。,根據使用場所不同，該招式的追加效果也會有所變化。
潜水,潛水,第１回合潜入，第２回合浮上来进行攻击。,使用後的第１回合潛入水中，並於第２回合浮上來進行攻擊。,第１回合潛入，第２回合浮上來進行攻擊。
猛推,猛推,用张开着的双手猛推对手进行攻击。连续攻击２～５次。,用張開的雙手猛推對手進行攻擊。連續攻擊２～５次。,用張開著的雙手猛推對手進行攻擊。連續攻擊２～５次。
保护色,保護色,根据所在场所不同，如水边、草丛和洞窟等，可以改变自己的属性。,可以因應所在的地點如水邊、草叢和洞窟等，改變自己的屬性。,根據所在場所不同，如水邊、草叢和洞窟等，可以改變自己的屬性。
萤火,螢火,凝视闪烁的光芒，集中自己的精神，从而巨幅提高特攻。,凝視閃爍的光芒，集中精神，極大幅提高自己的特攻。,凝視閃爍的光芒，集中自己的精神，從而巨幅提高特攻。
洁净光芒,潔淨光芒,释放耀眼的光芒进行攻击。有时会降低对手的特防。,放出耀眼的光芒進行攻擊。有時會降低對手的特防。,釋放耀眼的光芒進行攻擊。有時會降低對手的特防。
薄雾球,薄霧球,用围绕着雾状羽毛的球进行攻击。有时会降低对手的特攻。,將霧狀的羽毛聚集成團進行攻擊。有時會降低對手的特攻。,用圍繞著霧狀羽毛的球進行攻擊。有時會降低對手的特攻。
羽毛舞,羽毛舞,撒出羽毛，笼罩在对手的周围。大幅降低对手的攻击。,撒出羽毛，纏住對手的身體。大幅降低對手的攻擊。,撒出羽毛，籠罩在對手的周圍。大幅降低對手的攻擊。
摇晃舞,搖晃舞,摇摇晃晃地跳起舞蹈，让自己周围的宝可梦陷入混乱状态。,搖搖晃晃地跳起舞，讓自己周圍的寶可夢陷入混亂狀態。,搖搖晃晃地跳起舞蹈，讓自己周圍的寶可夢陷入混亂狀態。
火焰踢,火焰踢,攻击对手后，有时会使其陷入灼伤状态。也容易击中要害。,有時會讓受到攻擊的對手陷入灼傷狀態。且容易擊中要害。,攻擊對手後，有時會使其陷入灼傷狀態。也容易擊中要害。
玩泥巴,玩泥巴,一旦使用此招式，周围就会弄得到处是泥。在５回合内减弱电属性的招式。,將周圍弄得到處是泥。在５回合內減弱電屬性的招式。,一旦使用此招式，周圍就會弄得到處是泥。在５回合內減弱電屬性的招式。
冰球,冰球,在５回合内攻击对手。招式每次击中，威力就会提高。,在５回合內不斷攻擊對手。每擊中一次，威力就會提高。,在５回合內攻擊對手。招式每次擊中，威力就會提高。
尖刺臂,尖刺臂,用带刺的手臂猛烈地挥舞进行攻击。有时会使对手畏缩。,用帶刺的手臂猛烈揮打進行攻擊。有時會使對手畏縮。,用帶刺的手臂猛烈地揮舞進行攻擊。有時會使對手畏縮。
偷懒,偷懶,偷懒休息。回复自己最大ＨＰ的一半。,偷懶休息。回復自己最大ＨＰ的一半。,偷懶休息。回復自己最大ＨＰ的一半。
巨声,巨聲,给予对手又吵又响的巨大震动进行攻击。,製造出震耳欲聾的巨大聲波攻擊對手。,給予對手又吵又響的巨大震動進行攻擊。
剧毒牙,劇毒牙,用有毒的牙齿咬住对手进行攻击。有时会使对手中剧毒。,用有毒的牙齒咬住對手進行攻擊。有時會讓對手陷入劇毒狀態。,用有毒的牙齒咬住對手進行攻擊。有時會使對手中劇毒。
撕裂爪,撕裂爪,用坚硬的锐爪劈开对手进行攻击。有时会降低对手的防御。,用堅硬的銳爪撕裂對手進行攻擊。有時會降低對手的防禦。,用堅硬的銳爪劈開對手進行攻擊。有時會降低對手的防禦。
爆炸烈焰,爆炸烈焰,用爆炸的火焰烧尽对手进行攻击。下一回合自己将无法动弹。,用爆炸的火焰燒盡對手進行攻擊。下一回合自己將無法動彈。,用爆炸的火焰燒盡對手進行攻擊。下一回合自己將無法動彈。
加农水炮,加農水炮,向对手喷射水炮进行攻击。下一回合自己将无法动弹。,向對手發射水炮進行攻擊。下一回合自己將無法動彈。,向對手噴射水炮進行攻擊。下一回合自己將無法動彈。
彗星拳,彗星拳,使出彗星般的拳头攻击对手。有时会提高自己的攻击。,使出如同彗星般的拳頭攻擊對手。有時會提高自己的攻擊。,使出彗星般的拳頭攻擊對手。有時會提高自己的攻擊。
惊吓,驚嚇,用尖叫声等突然惊吓对手进行攻击。有时会使对手畏缩。,用巨大的聲響等突然驚嚇對手進行攻擊。有時會讓對手畏縮。,用尖叫聲等突然驚嚇對手進行攻擊。有時會使對手畏縮。
气象球,氣象球,根据使用时的天气，招式属性和威力会改变。,招式屬性和威力會隨著使用時天氣的不同而改變。,根據使用時的天氣，招式屬性和威力會改變。
芳香治疗,芳香治療,让同伴闻沁人心脾的香气，从而治愈我方全员的异常状态。,釋放出宜人的香氣，治癒我方全體的異常狀態。,讓夥伴聞沁人心脾的香氣，從而治癒我方全員的異常狀態。
假哭,假哭,装哭流泪。使对手不知所措，从而大幅降低对手的特防。,裝哭掉眼淚。讓對手不知所措，大幅降低對手的特防。,裝哭流淚。使對手不知所措，從而大幅降低對手的特防。
空气利刃,空氣利刃,用锐利的风切斩对手进行攻击。容易击中要害。,用鋒利的風刃斬切對手進行攻擊。容易擊中要害。,用銳利的風切斬對手進行攻擊。容易擊中要害。
过热,過熱,使出全部力量攻击对手。使用之后会因为反作用力，自己的特攻大幅降低。,釋放全部能量攻擊對手。使用後因為反作用力，自己的特攻會大幅降低。,使出全部力量攻擊對手。使用之後會因為反作用力，自己的特攻大幅降低。
气味侦测,氣味偵測,对幽灵属性宝可梦没有效果的招式以及闪避率高的对手，使用后变得能够打中。,讓對幽靈屬性寶可夢無效的招式能夠發揮效果，也可不顧對手提高後的閃避率進行攻擊。,對幽靈屬性寶可夢沒有效果的招式以及閃避率高的對手，使用後變得能夠打中。
岩石封锁,岩石封鎖,投掷岩石进行攻击。封住对手的行动，从而降低速度。,投擲岩石進行攻擊。封住對手的行動，進而降低其速度。,投擲岩石進行攻擊。封住對手的行動，從而降低速度。
银色旋风,銀色旋風,在风中掺入鳞粉攻击对手。有时会提高自己的全部能力。,乘著風飄送鱗粉攻擊對手。有時會提高自己的所有能力。,在風中摻入鱗粉攻擊對手。有時會提高自己的全部能力。
金属音,金屬音,让对手听摩擦金属般讨厌的声音。大幅降低对手的特防。,讓對手聽如同金屬摩擦般的刺耳聲。大幅降低對手的特防。,讓對手聽摩擦金屬般討厭的聲音。大幅降低對手的特防。
草笛,草笛,让对手听舒适的笛声，从而陷入睡眠状态。,發出悅耳的笛聲，讓對手陷入睡眠狀態。,讓對手聽舒適的笛聲，從而陷入睡眠狀態。
挠痒,搔癢,给对手挠痒，使其发笑，从而降低对手的攻击和防御。,搔癢對手的身體，讓對手發笑，降低對手的攻擊和防禦。,給對手搔癢，使其發笑，從而降低對手的攻擊和防禦。
宇宙力量,宇宙力量,汲取宇宙中神秘的力量，从而提高自己的防御和特防。,吸取來自宇宙的神秘力量，提高自己的防禦和特防。,汲取宇宙中神秘的力量，從而提高自己的防禦和特防。
喷水,噴水,掀起潮水进行攻击。自己的ＨＰ越少，招式的威力越小。,噴起潮水進行攻擊。自己的ＨＰ越少，招式的威力越小。,掀起潮水進行攻擊。自己的ＨＰ越少，招式的威力越小。
信号光束,信號光束,发射神奇的光线进行攻击。有时会使对手混乱。,發射神奇的光線進行攻擊。有時會使對手混亂。,發射神奇的光線進行攻擊。有時會使對手混亂。
暗影拳,暗影拳,使出混影之拳。攻击必定会命中。,暗藏在陰影之中出拳。攻擊必定會命中。,使出混影之拳。攻擊必定會命中。
神通力,神通力,发出看不见的神奇力量进行攻击。有时会使对手畏缩。,發送看不見的神奇力量進行攻擊。有時會使對手畏縮。,發出看不見的神奇力量進行攻擊。有時會使對手畏縮。
冲天拳,衝天拳,用冲向天空般高高的上勾拳顶起对手进行攻击。,用直衝天空般的上勾拳高高地打飛對手進行攻擊。,用沖向天空般高高的上勾拳頂起對手進行攻擊。
流沙地狱,流沙地獄,将对手困在铺天盖地的沙暴中，在４～５回合内进行攻击。,將對手困在鋪天蓋地的沙暴中，在４～５回合內進行攻擊。,將對手困在鋪天蓋地的沙暴中，在４～５回合內進行攻擊。
绝对零度,絕對零度,给对手一击濒死。如果是冰属性以外的宝可梦使用，就会难以打中。,一擊讓對手陷入瀕死。冰屬性以外的寶可夢使用時，會比較不易命中對手。,給對手一擊瀕死。如果是冰屬性以外的寶可夢使用，就會難以打中。
浊流,濁流,向对手喷射浑浊的水进行攻击。有时会降低对手的命中率。,用渾濁的污水攻擊對手。有時會降低對手的命中率。,向對手噴射渾濁的水進行攻擊。有時會降低對手的命中率。
种子机关枪,種子機關槍,向对手猛烈地发射种子进行攻击。连续攻击２～５次。,向對手猛烈地發射種子進行攻擊。連續攻擊２～５次。,向對手猛烈地發射種子進行攻擊。連續攻擊２～５次。
燕返,燕返,以敏捷的动作戏弄对手后进行切斩。攻击必定会命中。,以敏捷的動作戲弄對手後進行切斬。攻擊必定會命中。,以敏捷的動作戲弄對手後進行切斬。攻擊必定會命中。
冰锥,冰錐,向对手发射锋利的冰柱进行攻击。连续攻击２～５次。,向對手發射尖銳的冰柱進行攻擊。可連續攻擊２～５次。,向對手發射鋒利的冰柱進行攻擊。連續攻擊２～５次。
铁壁,鐵壁,将皮肤变得坚硬如铁，从而大幅提高自己的防御。,將皮膚變得堅硬如鐵，大幅提高自己的防禦。,將皮膚變得堅硬如鐵，從而大幅提高自己的防禦。
挡路,擋路,张开双手进行阻挡，封住对手的退路，使其不能逃走。,張開雙手進行阻擋，封住對手的退路，讓對手無法逃走。,張開雙手進行阻擋，封住對手的退路，使其不能逃走。
长嚎,長嚎,大声吼叫提高气势，从而提高自己的攻击。,大聲地吼叫提升氣勢，提高自己的攻擊。,大聲吼叫提高氣勢，從而提高自己的攻擊。
龙爪,龍爪,用尖锐的巨爪劈开对手进行攻击。,用尖銳的巨爪撕裂對手進行攻擊。,用尖銳的巨爪劈開對手進行攻擊。
疯狂植物,瘋狂植物,用大树摔打对手进行攻击。下一回合自己将无法动弹。,將大大的樹木甩向對手進行攻擊。下一回合自己將無法動彈。,用大樹摔打對手進行攻擊。下一回合自己將無法動彈。
健美,健美,使出全身力气绷紧肌肉，从而提高自己的攻击和防御。,將力量集中於體內，增厚肌肉，提高自己的攻擊和防禦。,使出全身力氣繃緊肌肉，從而提高自己的攻擊和防禦。
弹跳,彈跳,弹跳到高高的空中，第２回合攻击对手。有时会让对手陷入麻痹状态。,彈跳到高空中，在下一回合攻擊對手。有時會讓對手陷入麻痺狀態。,彈跳到高高的空中，第２回合攻擊對手。有時會讓對手陷入麻痺狀態。
泥巴射击,泥巴射擊,向对手投掷泥块进行攻击。同时降低对手的速度。,向對手投擲泥塊進行攻擊。同時降低對手的速度。,向對手投擲泥塊進行攻擊。同時降低對手的速度。
毒尾,毒尾,用尾巴拍打。有时会让对手陷入中毒状态，也容易击中要害。,將尾巴甩向對手進行攻擊。有時會讓對手陷入中毒狀態，且容易擊中要害。,用尾巴拍打。有時會讓對手陷入中毒狀態，也容易擊中要害。
渴望,渴望,一边可爱地撒娇，一边靠近对手进行攻击，还能夺取对手携带的道具。,一邊可愛地撒嬌，一邊靠近對手，奪取對手攜帶的道具。,一邊可愛地撒嬌，一邊靠近對手進行攻擊，還能奪取對手攜帶的道具。
伏特攻击,伏特攻擊,让电流覆盖全身猛撞向对手。自己也会受到不小的伤害。有时会让对手陷入麻痹状态。,用電流圍繞全身後猛撞對手。自己也會受到不小的傷害。有時會讓對手陷入麻痺狀態。,讓電流覆蓋全身猛撞向對手。自己也會受到不小的傷害。有時會讓對手陷入麻痺狀態。
魔法叶,魔法葉,散落可以追踪对手的神奇叶片。攻击必定会命中。,散落可以追蹤對手的神奇葉子。攻擊必定會命中。,散落可以追蹤對手的神奇葉片。攻擊必定會命中。
玩水,玩水,用水湿透周围。在５回合内减弱火属性的招式。,用水把周圍弄得濕答答。在５回合內減弱火屬性的招式。,用水濕透周圍。在５回合內減弱火屬性的招式。
冥想,冥想,静心凝神，从而提高自己的特攻和特防。,屏氣凝神，提高自己的特攻和特防。,靜心凝神，從而提高自己的特攻和特防。
叶刃,葉刃,像用剑一般操纵叶片切斩对手进行攻击。容易击中要害。,如用劍般操控葉子切斬對手進行攻擊。容易擊中要害。,像用劍一般操縱葉片切斬對手進行攻擊。容易擊中要害。
龙之舞,龍之舞,激烈地跳起神秘且强有力的舞蹈。从而提高自己的攻击和速度。,激烈地跳起神秘又強而有力的舞蹈。提高自己的攻擊和速度。,激烈地跳起神秘且強有力的舞蹈。從而提高自己的攻擊和速度。
岩石爆击,岩石爆擊,向对手发射坚硬的岩石进行攻击。连续攻击２～５次。,向對手發射堅硬的岩石進行攻擊。連續攻擊２～５次。,向對手發射堅硬的岩石進行攻擊。連續攻擊２～５次。
电击波,電擊波,向对手快速发出电击。攻击必定会命中。,向對手迅速放出電流。攻擊一定會命中。,向對手快速發出電擊。攻擊必定會命中。
水之波动,水之波動,用水的震动攻击对手。有时会使对手混乱。,用水的震動攻擊對手。有時會使對手混亂。,用水的震動攻擊對手。有時會使對手混亂。
破灭之愿,破滅之願,使用招式２回合后，会用无数道光束攻击对手。,使用招式的２回合後，向對手發射無數道光束進行攻擊。,使用招式２回合後，會用無數道光束攻擊對手。
精神突进,精神突進,使出全部力量攻击对手。使用之后会因为反作用力，自己的特攻大幅降低。,釋放全部能量攻擊對手。使用後因為反作用力，自己的特攻會大幅降低。,使出全部力量攻擊對手。使用之後會因為反作用力，自己的特攻大幅降低。
羽栖,羽棲,降到地面，使身体休息。回复自己最大ＨＰ的一半。,降落到地面，讓身體休息。回復自己最大ＨＰ的一半。,降到地面，使身體休息。回復自己最大ＨＰ的一半。
重力,重力,在５回合内，飘浮特性和飞行属性的宝可梦会被地面属性的招式击中。飞向空中的招式也将无法使用。,在５回合內，飄浮特性和飛行屬性的寶可夢會被地面屬性的招式擊中。且無法使用飛向空中的招式。,在５回合內，飄浮特性和飛行屬性的寶可夢會被地面屬性的招式擊中。飛向空中的招式也將無法使用。
奇迹之眼,奇跡之眼,对恶属性宝可梦没有效果的招式以及闪避率高的对手，使用后变得能够打中。,讓對惡屬性寶可夢無效的招式能夠發揮效果，也可不顧對手提高後的閃避率進行攻擊。,對惡屬性寶可夢沒有效果的招式以及閃避率高的對手，使用後變得能夠打中。
唤醒巴掌,喚醒巴掌,给予睡眠状态下的对手较大的伤害。但相反对手会从睡眠中醒过来。,攻擊陷入睡眠狀態的對手時，可以給予較大的傷害。但對手也會從睡眠中醒過來。,給予睡眠狀態下的對手較大的傷害。但相反對手會從睡眠中醒過來。
臂锤,臂錘,挥舞强力而沉重的拳头，给予对手伤害。自己的速度会降低。,揮出強力而沉重的拳頭，給予對手傷害。自己的速度會降低。,揮舞強力而沉重的拳頭，給予對手傷害。自己的速度會降低。
陀螺球,陀螺球,让身体高速旋转并撞击对手。速度比对手越慢，威力越大。,高速旋轉身體，撞擊對手。速度比對手越慢，威力越大。,讓身體高速旋轉並撞擊對手。速度比對手越慢，威力越大。
治愈之愿,治癒之願,虽然自己陷入濒死，但可以治愈后备上场的宝可梦的异常状态以及回复ＨＰ。,雖然自己會陷入瀕死，但可以治癒接替上場的寶可夢的異常狀態並回復ＨＰ。,雖然自己陷入瀕死，但可以治癒後備上場的寶可夢的異常狀態以及回復ＨＰ。
盐水,鹽水,当对手的ＨＰ负伤到一半左右时，招式威力会变成２倍。,當對手負傷，ＨＰ剩一半左右時，招式威力會變成２倍。,當對手的ＨＰ負傷到一半左右時，招式威力會變成２倍。
自然之恩,自然之恩,从树果上获得力量进行攻击。根据携带的树果，招式属性和威力会改变。,從樹果上獲得力量進行攻擊。招式屬性和威力會隨著攜帶的樹果不同而改變。,從樹果上獲得力量進行攻擊。根據攜帶的樹果，招式屬性和威力會改變。
佯攻,佯攻,能够攻击正在使用守住或看穿等招式的对手。解除其守护效果。,能夠攻擊使用了守住或看穿的對手。並解除對手的防守效果。,能夠攻擊正在使用守住或看穿等招式的對手。解除其守護效果。
啄食,啄食,用喙进行攻击。当对手携带树果时，可以食用并获得其效果。,用烏喙進行攻擊。可以吃下對手攜帶的樹果，並獲得樹果的效果。,用喙進行攻擊。當對手攜帶樹果時，可以食用並獲得其效果。
顺风,順風,刮起猛烈的旋风，在４回合内提高我方全员的速度。,刮起猛烈的強風，在４回合內提高我方全體的速度。,颳起猛烈的旋風，在４回合內提高我方全員的速度。
点穴,點穴,通过点穴让身体舒筋活络。大幅提高某１项能力。,利用點穴激發身體的活力，大幅提高自己的某一項能力。,通過點穴讓身體舒筋活絡。大幅提高某１項能力。
金属爆炸,金屬爆炸,使出招式前，将最后受到的招式的伤害大力返还给对手。,將發動攻擊前最後受到的招式傷害放大，向對手進行反擊。,使出招式前，將最後受到的招式的傷害大力返還給對手。
急速折返,急速折返,在攻击之后急速返回，和后备宝可梦进行替换。,攻擊後迅速返回，和後備寶可夢進行替換。,在攻擊之後急速返回，和後備寶可夢進行替換。
近身战,近身戰,放弃守护，向对手的怀里突击。自己的防御和特防会降低。,反守為攻，近身突擊對手。自己的防禦和特防會降低。,放棄守護，向對手的懷裡突擊。自己的防禦和特防會降低。
以牙还牙,以牙還牙,蓄力攻击。如果能在对手之后攻击，招式的威力会变成２倍。,累積力量進行攻擊。若在對手之後進行攻擊，招式的威力會變成２倍。,蓄力攻擊。如果能在對手之後攻擊，招式的威力會變成２倍。
恶意追击,惡意追擊,如果此回合内对手已经受到伤害的话，招式威力会变成２倍。,如果此回合內對手已受到傷害，招式威力會變成２倍。,如果此回合內對手已經受到傷害的話，招式威力會變成２倍。
查封,查封,让对手在５回合内不能使用宝可梦携带的道具。训练家也不能给那只宝可梦使用道具。,讓對手在５回合內無法使用攜帶的道具。訓練家也不能對該寶可夢使用道具。,讓對手在５回合內不能使用寶可夢攜帶的道具。訓練家也不能給那隻寶可夢使用道具。
投掷,投擲,快速投掷携带的道具进行攻击。根据道具不同，威力和效果会改变。,快速投擲攜帶的道具進行攻擊。招式威力和效果會隨著道具不同而改變。,快速投擲攜帶的道具進行攻擊。根據道具不同，威力和效果會改變。
精神转移,精神轉移,利用超能力施以暗示，从而将自己受到的异常状态转移给对手。,用超能力施加暗示，將自己的異常狀態轉移給對手。,利用超能力施以暗示，從而將自己受到的異常狀態轉移給對手。
王牌,王牌,王牌招式的剩余ＰＰ越少，招式的威力越大。,這個招式的剩餘ＰＰ越少，威力越大。,王牌招式的剩餘ＰＰ越少，招式的威力越大。
回复封锁,回復封鎖,在５回合内无法通过招式、特性或携带的道具来回复ＨＰ。,讓對手在５回合內無法利用招式、特性或攜帶的道具回復ＨＰ。,在５回合內無法通過招式、特性或攜帶的道具來回復ＨＰ。
绞紧,絞緊,用力勒紧对手进行攻击。对手的ＨＰ越多，威力越大。,用力勒緊對手進行攻擊。對手現有的ＨＰ越多，招式的威力越大。,用力勒緊對手進行攻擊。對手的ＨＰ越多，威力越大。
力量戏法,力量戲法,利用超能力交换自己的攻击和防御的力量。,利用超能力，將自己的攻擊和防禦互相交換。,利用超能力交換自己的攻擊和防禦的力量。
胃液,胃液,将胃液吐向对手的身体。沾上的胃液会消除对手的特性效果。,將胃液吐向對手的身體。沾到的胃液會消除對手的特性效果。,將胃液吐向對手的身體。沾上的胃液會消除對手的特性效果。
幸运咒语,幸運咒語,向天许愿，从而在５回合内不会被对手的攻击打中要害。,對天許願，讓自己在５回合內不會被對手的攻擊命中要害。,向天許願，從而在５回合內不會被對手的攻擊打中要害。
抢先一步,搶先一步,提高威力，抢先使出对手想要使出的招式。如果不先使出则会失败。,以更高的威力，搶先發動對手準備使出的招式。若行動順序在對手之後則會失敗。,提高威力，搶先使出對手想要使出的招式。如果不先使出則會失敗。
仿效,仿效,模仿对手刚才使出的招式，并使出相同招式。如果对手还没出招则会失败。,模仿對手最近一次使用的招式，若對手沒有成功出招則會失敗。,模仿對手剛才使出的招式，並使出相同招式。如果對手還沒出招則會失敗。
力量互换,力量互換,利用超能力互换自己和对手的攻击以及特攻的能力变化。,用超能力將自己和對手的攻擊與特攻的能力變化互相交換。,利用超能力互換自己和對手的攻擊以及特攻的能力變化。
防守互换,防守互換,利用超能力互换自己和对手的防御以及特防的能力变化。,用超能力將自己和對手的防禦與特防的能力變化互相交換。,利用超能力互換自己和對手的防禦以及特防的能力變化。
惩罚,懲罰,根据能力变化，对手提高的力量越大，招式的威力越大。,對手的能力因為能力變化而提高得越多，招式的威力就越大。,根據能力變化，對手提高的力量越大，招式的威力越大。
珍藏,珍藏,当战斗中已学会的招式全部使用过后，才能开始使出珍藏的招式。,在戰鬥中將其他已學會的招式全部使用過後，才能夠使出的珍藏招式。,當戰鬥中已學會的招式全部使用過後，才能開始使出珍藏的招式。
烦恼种子,煩惱種子,种植心神不宁的种子。使对手不能入眠，并将特性变成不眠。,埋下令人心煩意亂的種子，讓對手睡不著，將對手的特性變成不眠。,種植心神不寧的種子。使對手不能入眠，並將特性變成不眠。
突袭,突襲,可以比对手先攻击。对手使出的招式如果不是攻击招式则会失败。,可以搶先對手一步進行攻擊。若對手使用的不是攻擊招式則會失敗。,可以比對手先攻擊。對手使出的招式如果不是攻擊招式則會失敗。
毒菱,毒菱,在对手的脚下撒毒菱。使对手替换出场的宝可梦中毒。,在對手腳下散布毒菱。讓對手替換出場的寶可夢陷入中毒狀態。,在對手的腳下撒毒菱。使對手替換出場的寶可夢中毒。
心灵互换,心靈互換,利用超能力互换自己和对手之间的能力变化。,用超能力將自己和對手的能力變化互相交換。,利用超能力互換自己和對手之間的能力變化。
水流环,水流環,在自己身体的周围覆盖用水制造的幕。每回合回复ＨＰ。,在自己的身邊套上水流環。每回合會回復自己的ＨＰ。,在自己身體的周圍覆蓋用水製造的幕。每回合回復ＨＰ。
电磁飘浮,電磁飄浮,利用电气产生的磁力浮在空中。在５回合内可以飘浮。,利用電氣產生的磁力浮在空中。在５回合內可以飄浮。,利用電氣產生的磁力浮在空中。在５回合內可以飄浮。
闪焰冲锋,閃焰衝鋒,让火焰覆盖全身猛撞向对手。自己也会受到不小的伤害。有时会让对手陷入灼伤状态。,將火焰圍繞全身後猛撞對手。自己也會受到不小的傷害。有時會讓對手陷入灼傷狀態。,讓火焰覆蓋全身猛撞向對手。自己也會受到不小的傷害。有時會讓對手陷入灼傷狀態。
发劲,發勁,向对手的身体发出冲击波进行攻击。有时会让对手陷入麻痹状态。,向對手的身體發出衝擊波進行攻擊。有時會讓對手陷入麻痺狀態。,向對手的身體發出衝擊波進行攻擊。有時會讓對手陷入麻痺狀態。
波导弹,波導彈,从体内产生出波导之力，然后向对手发出。攻击必定会命中。,將來自體內深處的波導之力擊向對手。攻擊必定會命中。,從體內產生出波導之力，然後向對手發出。攻擊必定會命中。
岩石打磨,岩石打磨,打磨自己的身体，减少空气阻力。可以大幅提高自己的速度。,打磨自己的身體，減少空氣阻力。可大幅提高自己的速度。,打磨自己的身體，減少空氣阻力。可以大幅提高自己的速度。
毒击,毒擊,用带毒的触手或手臂刺入对手。有时会让对手陷入中毒状态。,以帶有毒性的觸手或手臂刺進對手。有時會讓對手陷入中毒狀態。,用帶毒的觸手或手臂刺入對手。有時會讓對手陷入中毒狀態。
恶之波动,惡之波動,从体内发出充满恶意的恐怖气场。有时会使对手畏缩。,從身體散發出充滿惡意的恐怖氣場。有時會使對手畏縮。,從體內發出充滿惡意的恐怖氣場。有時會使對手畏縮。
暗袭要害,暗襲要害,抓住瞬间的空隙切斩对手。容易击中要害。,抓住瞬間的空隙斬切對手。容易擊中要害。,抓住瞬間的空隙切斬對手。容易擊中要害。
水流尾,水流尾,如惊涛骇浪般挥动大尾巴攻击对手。,如驚濤駭浪般地甩動大尾巴攻擊對手。,如驚濤駭浪般揮動大尾巴攻擊對手。
种子炸弹,種子炸彈,将外壳坚硬的大种子，从上方砸下攻击对手。,從上方砸下外殼堅硬的大種子，攻擊對手。,將外殼堅硬的大種子，從上方砸下攻擊對手。
空气斩,空氣斬,用连天空也能劈开的空气之刃进行攻击。有时会使对手畏缩。,用連天空也能劈開的空氣之刃進行攻擊。有時會使對手畏縮。,用連天空也能劈開的空氣之刃進行攻擊。有時會使對手畏縮。
十字剪,十字剪,将镰刀或爪子像剪刀般地交叉，顺势劈开对手。,將鐮刀或爪子像剪刀般地交叉，順勢劈開對手。,將鐮刀或爪子像剪刀般地交叉，順勢劈開對手。
虫鸣,蟲鳴,利用振动发出音波进行攻击。有时会降低对手的特防。,利用振動產生出的音波進行攻擊。有時會降低對手的特防。,利用振動發出音波進行攻擊。有時會降低對手的特防。
龙之波动,龍之波動,从大大的口中掀起冲击波攻击对手。,從張大的口中發射衝擊波攻擊對手。,從大大的口中掀起衝擊波攻擊對手。
龙之俯冲,龍之俯衝,释放出骇人的杀气，一边威慑一边撞击对手。有时会使对手畏缩。,釋放出駭人的殺氣，威嚇並撞擊對手。有時會使對手畏縮。,釋放出駭人的殺氣，一邊威懾一邊撞擊對手。有時會使對手畏縮。
力量宝石,力量寶石,发射如宝石般闪耀的光芒攻击对手。,發射如寶石般閃耀的光芒攻擊對手。,發射如寶石般閃耀的光芒攻擊對手。
吸取拳,吸取拳,用拳头吸取对手的力量。可以回复给予对手伤害的一半ＨＰ。,從拳頭吸取對手的力量。可以回復給予對手傷害的一半ＨＰ。,用拳頭吸取對手的力量。可以回復給予對手傷害的一半ＨＰ。
真空波,真空波,挥动拳头，掀起真空波。必定能够先制攻击。,揮動拳頭，捲起真空波。必定能夠發動先制攻擊。,揮動拳頭，掀起真空波。必定能夠先制攻擊。
真气弹,真氣彈,提高气势，释放出全部力量。有时会降低对手的特防。,提高氣勢，釋放全身所有力量。有時會降低對手的特防。,提高氣勢，釋放出全部力量。有時會降低對手的特防。
能量球,能量球,发射从自然收集的生命力量。有时会降低对手的特防。,發射從大自然匯聚而來的生命力量。有時會降低對手的特防。,發射從自然收集的生命力量。有時會降低對手的特防。
勇鸟猛攻,勇鳥猛攻,收拢翅膀，通过低空飞行突击对手。自己也会受到不小的伤害。,收起翅膀，低空飛行突擊對手。自己也會受到不小的傷害。,收攏翅膀，通過低空飛行突擊對手。自己也會受到不小的傷害。
大地之力,大地之力,向对手脚下释放出大地之力。有时会降低对手的特防。,向對手腳下釋放出大地之力。有時會降低對手的特防。,向對手腳下釋放出大地之力。有時會降低對手的特防。
掉包,掉包,用一闪而过的速度交换自己和对手的持有物。,以肉眼看不清的速度將自己和對手的持有物互相交換。,用一閃而過的速度交換自己和對手的持有物。
终极冲击,終極衝擊,使出自己浑身力量突击对手。下一回合自己将无法动弹。,使出全身上下所有力量突擊對手。下一回合自己將無法動彈。,使出自己渾身力量突擊對手。下一回合自己將無法動彈。
诡计,詭計,谋划诡计，激活头脑。大幅提高自己的特攻。,動歪腦筋，活化大腦。大幅提高自己的特攻。,謀劃詭計，激活頭腦。大幅提高自己的特攻。
子弹拳,子彈拳,向对手使出如子弹般快速而坚硬的拳头。必定能够先制攻击。,向對手連續揮出如子彈般快速且堅硬的拳頭。必定能夠發動先制攻擊。,向對手使出如子彈般快速而堅硬的拳頭。必定能夠先制攻擊。
雪崩,雪崩,如果受到对手的招式攻击，就能给予该对手２倍威力的攻击。,如果受到對手的招式攻擊，給予該對手的招式威力就會變成２倍。,如果受到對手的招式攻擊，就能給予該對手２倍威力的攻擊。
冰砾,冰礫,瞬间制作冰块，快速地扔向对手。必定能够先制攻击。,將瞬間製造出的冰塊快速地扔向對手。必定能夠發動先制攻擊。,瞬間製作冰塊，快速地扔向對手。必定能夠先制攻擊。
暗影爪,暗影爪,以影子做成的锐爪，劈开对手。容易击中要害。,用黑影化成的銳利爪子撕裂對手。容易擊中要害。,以影子做成的銳爪，劈開對手。容易擊中要害。
雷电牙,雷電牙,用蓄满电流的牙齿咬住对手。有时会使对手畏缩或陷入麻痹状态。,用蓄滿電流的牙齒咬住對手。有時會讓對手畏縮或陷入麻痺狀態。,用蓄滿電流的牙齒咬住對手。有時會使對手畏縮或陷入麻痺狀態。
冰冻牙,冰凍牙,用藏有冷气的牙齿咬住对手。有时会使对手畏缩或陷入冰冻状态。,用帶有寒氣的牙齒咬住對手。有時會讓對手畏縮或陷入冰凍狀態。,用藏有冷氣的牙齒咬住對手。有時會使對手畏縮或陷入冰凍狀態。
火焰牙,火焰牙,用覆盖着火焰的牙齿咬住对手。有时会使对手畏缩或陷入灼伤状态。,用纏繞火焰的牙齒咬住對手。有時會讓對手畏縮或陷入灼傷狀態。,用覆蓋著火焰的牙齒咬住對手。有時會使對手畏縮或陷入灼傷狀態。
影子偷袭,影子偷襲,伸长影子，从对手的背后进行攻击。必定能够先制攻击。,伸長自己的影子，從對手的背後進行攻擊。必定能夠發動先制攻擊。,伸長影子，從對手的背後進行攻擊。必定能夠先制攻擊。
泥巴炸弹,泥巴炸彈,向对手发射坚硬的泥弹进行攻击。有时会降低对手的命中率。,向對手發射堅硬的泥彈進行攻擊。有時會降低對手的命中率。,向對手發射堅硬的泥彈進行攻擊。有時會降低對手的命中率。
精神利刃,精神利刃,用实体化的心之利刃劈开对手。容易击中要害。,用實體化的精神利刃斬向對手。容易擊中要害。,用實體化的心之利刃劈開對手。容易擊中要害。
意念头锤,意念頭錘,将思念的力量集中在前额进行攻击。有时会使对手畏缩。,將意念的力量集中在前額進行攻擊。有時會讓對手畏縮。,將思念的力量集中在前額進行攻擊。有時會使對手畏縮。
镜光射击,鏡光射擊,抛光自己的身体，向对手释放出闪光之力。有时会降低对手的命中率。,用磨得亮晶晶的身體向對手放出閃光之力進行攻擊。有時會降低對手的命中率。,拋光自己的身體，向對手釋放出閃光之力。有時會降低對手的命中率。
加农光炮,加農光炮,将身体的光芒聚集在一点释放出去。有时会降低对手的特防。,將身體的光芒聚集在一個點後釋放出去。有時會降低對手的特防。,將身體的光芒聚集在一點釋放出去。有時會降低對手的特防。
攀岩,攀岩,用尽全力扑向对手进行攻击。有时会使对手混乱。,用盡全力撲向對手進行攻擊。有時會使對手混亂。,用盡全力撲向對手進行攻擊。有時會使對手混亂。
清除浓雾,清除濃霧,用强风吹开对手的反射壁或光墙等。也会降低对手的闪避率。,用強風吹開對手的反射壁或光牆等。也會降低對手的閃避率。,用強風吹開對手的反射壁或光牆等。也會降低對手的閃避率。
戏法空间,戲法空間,制造出离奇的空间。在５回合内速度慢的宝可梦可以先行动。,創造出非常不可思議的空間。在５回合內，速度慢的寶可夢可以先行動。,製造出離奇的空間。在５回合內速度慢的寶可夢可以先行動。
流星群,流星群,从天空中向对手落下陨石。使用之后因为反作用力，自己的特攻会大幅降低。,讓隕石從空中落下以攻擊對手。使用後因為反作用力，自己的特攻會大幅降低。,從天空中向對手落下隕石。使用之後因為反作用力，自己的特攻會大幅降低。
放电,放電,用耀眼的电击攻击自己周围所有的宝可梦。有时会陷入麻痹状态。,用耀眼的電流攻擊自己周圍所有的寶可夢。有時會讓對手陷入麻痺狀態。,用耀眼的電擊攻擊自己周圍所有的寶可夢。有時會陷入麻痺狀態。
喷烟,噴煙,用熊熊烈火攻击自己周围所有的宝可梦。有时会陷入灼伤状态。,用熊熊烈火攻擊自己周圍所有的寶可夢。有時會讓對手陷入灼傷狀態。,用熊熊烈火攻擊自己周圍所有的寶可夢。有時會陷入灼傷狀態。
飞叶风暴,飛葉風暴,用尖尖的叶片向对手卷起风暴。使用之后因为反作用力自己的特攻会大幅降低。,用尖銳的葉子捲起風暴向對手進行攻擊。使用後因為反作用力，自己的特攻會大幅降低。,用尖尖的葉片向對手卷起風暴。使用之後因為反作用力自己的特攻會大幅降低。
强力鞭打,強力鞭打,激烈地挥舞青藤或触手摔打对手进行攻击。,激烈地揮舞藤蔓或觸手向對手進行攻擊。,激烈地揮舞青藤或觸手摔打對手進行攻擊。
岩石炮,岩石炮,向对手发射巨大的岩石进行攻击。下一回合自己将无法动弹。,向對手發射巨大的岩石進行攻擊。下一回合自己將無法動彈。,向對手發射巨大的岩石進行攻擊。下一回合自己將無法動彈。
十字毒刃,十字毒刃,用毒刃劈开对手。有时会让对手陷入中毒状态，也容易击中要害。,用毒刃劈開對手。有時會讓對手陷入中毒狀態，也容易擊中要害。,用毒刃劈開對手。有時會讓對手陷入中毒狀態，也容易擊中要害。
垃圾射击,垃圾射擊,用肮脏的垃圾撞向对手进行攻击。有时会让对手陷入中毒状态。,將骯髒的垃圾丟向對手進行攻擊。有時會讓對手陷入中毒狀態。,用骯髒的垃圾撞向對手進行攻擊。有時會讓對手陷入中毒狀態。
铁头,鐵頭,用钢铁般坚硬的头部进行攻击。有时会使对手畏缩。,用如同鋼鐵般堅硬的頭部進行攻擊。有時會讓對手畏縮。,用鋼鐵般堅硬的頭部進行攻擊。有時會使對手畏縮。
磁铁炸弹,磁鐵炸彈,发射吸住对手的钢铁炸弹。攻击必定会命中。,發射能吸住對手的鋼鐵炸彈。攻擊必定會命中。,發射吸住對手的鋼鐵炸彈。攻擊必定會命中。
尖石攻击,尖石攻擊,用尖尖的岩石刺入对手进行攻击。容易击中要害。,用尖銳的岩石刺進對手進行攻擊。容易擊中要害。,用尖尖的岩石刺入對手進行攻擊。容易擊中要害。
诱惑,誘惑,♂诱惑♀或♀诱惑♂，从而大幅降低对手的特攻。,♂誘惑♀而♀誘惑♂，大幅降低對手的特攻。,♂誘惑♀或♀誘惑♂，從而大幅降低對手的特攻。
隐形岩,隱形岩,将无数岩石悬浮在对手的周围，从而对替换出场的对手的宝可梦给予伤害。,在對手周圍撒下無數飄浮的岩石，讓對手替換出場的寶可夢受到傷害。,將無數岩石懸浮在對手的周圍，從而對替換出場的對手的寶可夢給予傷害。
打草结,打草結,用草缠住并绊倒对手。对手越重，威力越大。,用打結的草絆倒對手。對手越重，威力越大。,用草纏住並絆倒對手。對手越重，威力越大。
喋喋不休,喋喋不休,用非常烦人的，喋喋不休的音波攻击对手。使对手混乱。,用非常煩人且喋喋不休的音波攻擊對手。使對手混亂。,用非常煩人的，喋喋不休的音波攻擊對手。使對手混亂。
制裁光砾,制裁光礫,向对手放出无数的光弹。属性会根据自己携带的石板不同而改变。,向對手放出無數的光彈。招式的屬性會隨著自己攜帶的石板不同而改變。,向對手放出無數的光彈。屬性會根據自己攜帶的石板不同而改變。
虫咬,蟲咬,咬住进行攻击。当对手携带树果时，可以食用并获得其效果。,叮咬對手進行攻擊。可以吃下對手攜帶的樹果，並獲得樹果的效果。,咬住進行攻擊。當對手攜帶樹果時，可以食用並獲得其效果。
充电光束,充電光束,向对手发射电击光束。由于蓄满电流，有时会提高自己的特攻。,向對手發射電擊光束。有時會因電流蓄積，提高自己的特攻。,向對手發射電擊光束。由於蓄滿電流，有時會提高自己的特攻。
木槌,木槌,用坚硬的躯体撞击对手进行攻击。自己也会受到不小的伤害。,用堅硬的軀體撞擊對手進行攻擊。自己也會受到不小的傷害。,用堅硬的軀體撞擊對手進行攻擊。自己也會受到不小的傷害。
水流喷射,水流噴射,以迅雷不及掩耳之势扑向对手。必定能够先制攻击。,以迅雷不及掩耳之勢衝撞對手。必定能夠發動先制攻擊。,以迅雷不及掩耳之勢撲向對手。必定能夠先制攻擊。
攻击指令,攻擊指令,召唤手下，让其朝对手发起攻击。容易击中要害。,呼喚手下，向對手發動攻擊。容易擊中要害。,召喚手下，讓其朝對手發起攻擊。容易擊中要害。
防御指令,防禦指令,召唤手下，让其附在自己的身体上。可以提高自己的防御和特防。,呼喚手下，覆蓋住自己的身體。可提高自己的防禦和特防。,召喚手下，讓其附在自己的身體上。可以提高自己的防禦和特防。
回复指令,回復指令,召唤手下疗伤。回复自己最大ＨＰ的一半。,呼喚手下，治療自己的傷勢。回復自己最大ＨＰ的一半。,召喚手下療傷。回復自己最大ＨＰ的一半。
双刃头锤,雙刃頭錘,拼命使出浑身力气，向对手进行头锤攻击。自己也会受到非常大的伤害。,使出渾身力量，捨身向對手進行頭錘攻擊。自己也會受到非常大的傷害。,拚命使出渾身力氣，向對手進行頭錘攻擊。自己也會受到非常大的傷害。
二连击,二連擊,使用尾巴等拍打对手进行攻击。连续２次给予伤害。,用尾巴等向對手進行攻擊。連續２次給予傷害。,使用尾巴等拍打對手進行攻擊。連續２次給予傷害。
时光咆哮,時光咆哮,释放出扭曲时间般的强大力量攻击对手。下一回合自己将无法动弹。,釋放出足以扭曲時間的強大力量攻擊對手。下一回合自己將無法動彈。,釋放出扭曲時間般的強大力量攻擊對手。下一回合自己將無法動彈。
亚空裂斩,亞空裂斬,将对手连同周围的空间一起撕裂并给予伤害。容易击中要害。,將對手連同周圍的空間一起切開，給予對手傷害。容易擊中要害。,將對手連同周圍的空間一起撕裂並給予傷害。容易擊中要害。
新月舞,新月舞,虽然自己陷入濒死，但可以治愈后备上场的宝可梦的全部状态。,雖然自己會陷入瀕死，但可以讓接替上場的寶可夢回復到萬全狀態。,雖然自己陷入瀕死，但可以治癒後備上場的寶可夢的全部狀態。
捏碎,捏碎,用骇人的力量捏碎对手。对手的ＨＰ越多，威力越大。,用驚人的力量捏碎對手。對手現有的ＨＰ越多，招式的威力越大。,用駭人的力量捏碎對手。對手的ＨＰ越多，威力越大。
熔岩风暴,熔岩風暴,将对手困在熊熊燃烧的火焰中，在４～５回合内进行攻击。,將對手困在熊熊燃燒的火焰中，在４～５回合內進行攻擊。,將對手困在熊熊燃燒的火焰中，在４～５回合內進行攻擊。
暗黑洞,暗黑洞,将对手强制拖入黑暗的世界，从而让对手陷入睡眠状态。,將對手強制拉進黑暗的世界，讓對手陷入睡眠狀態。,將對手強制拖入黑暗的世界，從而讓對手陷入睡眠狀態。
种子闪光,種子閃光,从身体里产生冲击波。有时会大幅降低对手的特防。,從身體裡發出衝擊波攻擊對手。有時會大幅降低對手的特防。,從身體裡產生衝擊波。有時會大幅降低對手的特防。
奇异之风,奇異之風,突然刮起毛骨悚然的暴风攻击对手。有时会提高自己的全部能力。,用令人毛骨悚然的強風攻擊對手。有時會提高自己的所有能力。,突然颳起毛骨悚然的暴風攻擊對手。有時會提高自己的全部能力。
暗影潜袭,暗影潛襲,第１回合消失踪影，第２回合攻击对手。即使对手正受保护，也能击中。,使用後的第１回合消失身影，並於第２回合攻擊對手。處於守護的對手也能擊中。,第１回合消失蹤影，第２回合攻擊對手。即使對手正受保護，也能擊中。
磨爪,磨爪,将爪子磨得更加锋利。提高自己的攻击和命中率。,將爪子磨得更加鋒利。可提高自己的攻擊和命中率。,將爪子磨得更加鋒利。提高自己的攻擊和命中率。
广域防守,廣域防守,在１回合内防住击打我方全员的攻击。,在１回合內，防禦住攻擊我方全體的攻擊招式。,在１回合內防住擊打我方全員的攻擊。
防守平分,防守平分,利用超能力将自己和对手的防御和特防相加，再进行平分。,用超能力將自己和對手的防禦和特防各別相加後，再進行平分。,利用超能力將自己和對手的防禦和特防相加，再進行平分。
力量平分,力量平分,利用超能力将自己和对手的攻击和特攻相加，再进行平分。,用超能力將自己和對手的攻擊和特攻各別相加後，再進行平分。,利用超能力將自己和對手的攻擊和特攻相加，再進行平分。
奇妙空间,奇妙空間,制造出离奇的空间。在５回合内互换所有宝可梦的防御和特防。,創造出非常不可思議的空間。在５回合內，讓所有寶可夢的防禦和特防互相交換。,製造出離奇的空間。在５回合內互換所有寶可夢的防禦和特防。
精神冲击,精神衝擊,将神奇的念波实体化攻击对手。给予物理伤害。,將神奇的念力波實體化後攻擊對手。給予對手物理傷害。,將神奇的念波實體化攻擊對手。給予物理傷害。
毒液冲击,毒液衝擊,将特殊的毒液泼向对手。对处于中毒状态的对手，威力会变成２倍。,將特殊的毒液潑向對手。攻擊陷入中毒狀態的對手時，威力會變成２倍。,將特殊的毒液潑向對手。對處於中毒狀態的對手，威力會變成２倍。
身体轻量化,身體輕量化,削掉身体上没用的部分。大幅提高自己的速度，同时体重也会变轻。,削去身體上多餘的部分。以大幅提高自己的速度，同時體重也會變輕。,削掉身體上沒用的部分。大幅提高自己的速度，同時體重也會變輕。
愤怒粉,憤怒粉,将令人烦躁的粉末撒在自己身上，用以吸引对手的注意。使对手的攻击全部指向自己。,將令人煩躁的粉末撒在自己身上，吸引對手的注意。進而將對手的攻擊全部轉移到自己身上。,將令人煩躁的粉末撒在自己身上，用以吸引對手的注意。使對手的攻擊全部指向自己。
意念移物,意念移物,利用超能力使对手浮起来。在３回合内攻击会变得容易打中对手。,用超能力使對手浮起來。在３回合內攻擊會變得容易命中對手。,利用超能力使對手浮起來。在３回合內攻擊會變得容易打中對手。
魔法空间,魔法空間,制造出离奇的空间。在５回合内所有宝可梦携带道具的效果都会消失。,創造出非常不可思議的空間。在５回合內，所有寶可夢攜帶的道具都會失去效果。,製造出離奇的空間。在５回合內所有寶可夢攜帶道具的效果都會消失。
击落,擊落,扔石头或炮弹，攻击飞行的对手。对手会被击落，掉到地面。,向空中的對手投擲石頭或炮彈等物體進行攻擊。對手會被擊落，掉到地面。,扔石頭或炮彈，攻擊飛行的對手。對手會被擊落，掉到地面。
山岚摔,山嵐摔,向对手使出强烈的一击。攻击必定会击中要害。,向對手發動強烈的一擊。一定會擊中要害。,向對手使出強烈的一擊。攻擊必定會擊中要害。
烈焰溅射,烈焰濺射,如果击中，爆裂的火焰会攻击到对手。爆裂出的火焰还会飞溅到旁边的对手。,用命中後會爆裂開來的火焰攻擊對手。爆裂後的火焰也會波及到對手身旁的同伴。,如果擊中，爆裂的火焰會攻擊到對手。爆裂出的火焰還會飛濺到旁邊的對手。
污泥波,污泥波,用污泥波攻击自己周围所有的宝可梦。有时会陷入中毒状态。,用污泥波攻擊自己周圍所有的寶可夢。有時會讓對手陷入中毒狀態。,用污泥波攻擊自己周圍所有的寶可夢。有時會陷入中毒狀態。
蝶舞,蝶舞,轻巧地跳起神秘而又美丽的舞蹈。提高自己的特攻、特防和速度。,輕巧地跳起神秘又美麗的舞蹈。提高自己的特攻、特防和速度。,輕巧地跳起神秘而又美麗的舞蹈。提高自己的特攻、特防和速度。
重磅冲撞,重磅衝撞,用沉重的身体撞向对手进行攻击。自己比对手越重，威力越大。,用沉重的身體衝撞對手進行攻擊。體重比對手重越多，威力越大。,用沉重的身體撞向對手進行攻擊。自己比對手越重，威力越大。
同步干扰,同步干擾,用神奇电波对周围所有和自己属性相同的宝可梦给予伤害。,用神奇的電波，攻擊周圍所有和自己相同屬性的寶可夢。,用神奇電波對周圍所有和自己屬性相同的寶可夢給予傷害。
电球,電球,用电气团撞向对手。自己比对手速度越快，威力越大。,用電球攻擊對手。速度比對手快越多，威力越大。,用電氣團撞向對手。自己比對手速度越快，威力越大。
浸水,浸水,将大量的水泼向对手，从而使其变成水属性。,朝對手灑下大量的水，讓對手變成水屬性。,將大量的水潑向對手，從而使其變成水屬性。
蓄能焰袭,蓄能焰襲,让火焰覆盖全身，攻击对手。积蓄力量并提高自己的速度。,讓火焰圍繞全身後攻擊對手。同時蓄積力量來提高自己的速度。,讓火焰覆蓋全身，攻擊對手。積蓄力量並提高自己的速度。
盘蜷,盤蜷,盘蜷着集中精神。提高自己的攻击、防御和命中率。,盤蜷身體集中精神。可提高自己的攻擊、防禦和命中率。,盤蜷著集中精神。提高自己的攻擊、防禦和命中率。
下盘踢,下盤踢,以敏捷的动作瞄准对手的脚进行攻击。降低对手的速度。,瞄準對手的腳，以敏捷的動作進行攻擊。可降低對手的速度。,以敏捷的動作瞄準對手的腳進行攻擊。降低對手的速度。
酸液炸弹,酸液炸彈,喷出能溶化对手的液体进行攻击。大幅降低对手的特防。,噴出能溶化對手的液體進行攻擊。可大幅降低對手的特防。,噴出能溶化對手的液體進行攻擊。大幅降低對手的特防。
欺诈,欺詐,利用对手的力量进行攻击。正和自己战斗的对手，其攻击越高，伤害越大。,利用對手的力量進行攻擊。對手的攻擊越高，給予對手的傷害越大。,利用對手的力量進行攻擊。正和自己戰鬥的對手，其攻擊越高，傷害越大。
单纯光束,單純光束,向对手发送谜之念波。接收到念波的对手，其特性会变为单纯。,向對手發射謎樣的念力波。接收了念力波的對手，特性會變成單純。,向對手發送謎之念波。接收到念波的對手，其特性會變為單純。
找伙伴,找夥伴,用神奇的节奏跳舞。使对手模仿自己的动作，从而将特性变成一样。,用神奇的節奏跳舞。讓對手模仿自己的動作，變成和自己一樣的特性。,用神奇的節奏跳舞。使對手模仿自己的動作，從而將特性變成一樣。
您先请,您先請,支援我方或对手的行动，使其紧接着此招式之后行动。,支援對手，讓對手緊接在自己之後行動。,支援我方或對手的行動，使其緊接著此招式之後行動。
轮唱,輪唱,用歌声攻击对手。同伴还可以接着使出轮唱招式，威力也会提高。,用歌聲攻擊對手。大家一起輪唱便可以接連使出，威力也會提高。,用歌聲攻擊對手。夥伴還可以接著使出輪唱招式，威力也會提高。
回声,回聲,用回声攻击对手。如果每回合都有宝可梦接着使用该招式，威力就会提高。,用回聲攻擊對手。每回合有寶可夢持續使用回聲時，招式的威力會提高。,用回聲攻擊對手。如果每回合都有寶可夢接著使用該招式，威力就會提高。
逐步击破,逐步擊破,看准机会稳步攻击。无视对手的能力变化，直接给予伤害。,看準時機，確實地攻擊對手。可不顧對手的能力變化給予傷害。,看準機會穩步攻擊。無視對手的能力變化，直接給予傷害。
清除之烟,清除之煙,向对手投掷特殊的泥块进行攻击。使其能力变回原点。,向對手投擲特殊的泥塊進行攻擊。能讓對手的能力變化回復到初始狀態。,向對手投擲特殊的泥塊進行攻擊。使其能力變回原點。
辅助力量,輔助力量,用蓄积起来的力量攻击对手。自己的能力提高得越多，威力就越大。,用蓄積的力量攻擊對手。自己的能力提高越多，招式的威力越大。,用蓄積起來的力量攻擊對手。自己的能力提高得越多，威力就越大。
快速防守,快速防守,守护自己和同伴，以防对手的先制攻击。,保護自己和同伴，防禦來自對手的先制攻擊。,守護自己和夥伴，以防對手的先制攻擊。
交换场地,交換場地,用神奇的力量瞬间移动，互换自己和同伴所在的位置。,用神奇的力量瞬間移動，讓自己和同伴的所在位置互換。,用神奇的力量瞬間移動，互換自己和夥伴所在的位置。
热水,熱水,向对手喷射煮得翻滚的开水进行攻击。有时会让对手陷入灼伤状态。,向對手噴射滾燙的熱水進行攻擊。有時會讓對手陷入灼傷狀態。,向對手噴射煮得翻滾的開水進行攻擊。有時會讓對手陷入灼傷狀態。
破壳,破殼,打破外壳，降低自己的防御和特防，但大幅提高攻击、特攻和速度。,破殼而出。自己的防禦和特防會降低，但能大幅提高攻擊、特攻和速度。,打破外殼，降低自己的防禦和特防，但大幅提高攻擊、特攻和速度。
治愈波动,治癒波動,放出治愈波动，从而回复对手最大ＨＰ的一半。,釋放出治癒波動，讓對手回復最大ＨＰ的一半。,放出治癒波動，從而回復對手最大ＨＰ的一半。
祸不单行,禍不單行,接二连三地进行攻击。对处于异常状态的对手给予较大的伤害。,接二連三地向對手進行攻擊。攻擊陷入異常狀態的對手時，能給予較大的傷害。,接二連三地進行攻擊。對處於異常狀態的對手給予較大的傷害。
自由落体,自由落體,第１回合将对手带到空中，第２回合将其摔下进行攻击。被带到空中的对手不能动弹。,使用後的第１回合將對手帶到空中，並於第２回合摔下對手進行攻擊。被帶到空中的對手將無法行動。,第１回合將對手帶到空中，第２回合將其摔下進行攻擊。被帶到空中的對手不能動彈。
换挡,換檔,转动齿轮，不仅提高自己的攻击，还会大幅提高速度。,轉動齒輪，提高自己的攻擊，同時大幅提高自己的速度。,轉動齒輪，不僅提高自己的攻擊，還會大幅提高速度。
巴投,巴投,扔飞对手，强制拉后备宝可梦上场。如果对手为野生宝可梦，战斗将直接结束。,摔飛對手，強制讓後備寶可夢上場。對手為野生寶可夢時，戰鬥將直接結束。,扔飛對手，強制拉後備寶可夢上場。如果對手為野生寶可夢，戰鬥將直接結束。
烧尽,燒盡,用火焰攻击对手。对手携带树果等时，会烧掉，使其不能使用。,用火焰攻擊對手。能夠燒掉對手攜帶的樹果等道具，讓對手無法使用。,用火焰攻擊對手。對手攜帶樹果等時，會燒掉，使其不能使用。
延后,延後,压制对手，从而将其行动顺序放到最后。,壓制對手，讓對手在回合的最後才能行動。,壓制對手，從而將其行動順序放到最後。
杂技,雜技,轻巧地攻击对手。自己没有携带道具时，会给予较大的伤害。,輕巧地攻擊對手。自己沒有攜帶道具時，能給予對手較大的傷害。,輕巧地攻擊對手。自己沒有攜帶道具時，會給予較大的傷害。
镜面属性,鏡面屬性,反射对手的属性，让自己也变成一样的属性。,在自己身上反映出對手的屬性，讓自己也變成相同的屬性。,反射對手的屬性，讓自己也變成一樣的屬性。
报仇,報仇,为倒下的同伴报仇。如果上一回合有同伴倒下，威力就会提高。,為倒下的同伴報仇。前一回合有同伴被打倒時，招式的威力會提高。,為倒下的夥伴報仇。如果上一回合有夥伴倒下，威力就會提高。
搏命,搏命,拼命攻击对手。虽然自己陷入濒死，但会给予对手和自己目前ＨＰ等量的伤害。,捨身攻擊對手。雖然自己會陷入瀕死，但能夠給予對手和自己現有ＨＰ相同的傷害。,拚命攻擊對手。雖然自己陷入瀕死，但會給予對手和自己目前ＨＰ等量的傷害。
传递礼物,傳遞禮物,当对手未携带道具时，能够将自己携带的道具交给对手。,當對手沒有攜帶道具時，能夠將自己攜帶的道具交給對手。,當對手未攜帶道具時，能夠將自己攜帶的道具交給對手。
炼狱,煉獄,用烈焰包裹住对手进行攻击。让对手陷入灼伤状态。,用猛烈的火焰包圍對手進行攻擊。能讓對手陷入灼傷狀態。,用烈焰包裹住對手進行攻擊。讓對手陷入灼傷狀態。
水之誓约,水之誓約,用水柱进行攻击。如果和火组合，威力就会提高，天空中会挂上彩虹。,用水柱進行攻擊。和火之誓約同時使用時，威力會提高，天空會出現彩虹。,用水柱進行攻擊。如果和火組合，威力就會提高，天空中會掛上彩虹。
火之誓约,火之誓約,用火柱进行攻击。如果和草组合，威力就会提高，周围会变成火海。,用火柱進行攻擊。和草之誓約同時使用時，威力會提高，周圍會變成火海。,用火柱進行攻擊。如果和草組合，威力就會提高，周圍會變成火海。
草之誓约,草之誓約,用草柱进行攻击。如果和水组合，威力就会提高，周围会变成湿地。,用草柱進行攻擊。和水之誓約同時使用時，威力會提高，周圍會變成濕地。,用草柱進行攻擊。如果和水組合，威力就會提高，周圍會變成濕地。
伏特替换,伏特替換,在攻击之后急速返回，和后备宝可梦进行替换。,攻擊後迅速返回，和後備寶可夢進行替換。,在攻擊之後急速返回，和後備寶可夢進行替換。
虫之抵抗,蟲之抵抗,抵抗并攻击对手。降低对手的特攻。,抵抗對手進行攻擊。可降低對手的特攻。,抵抗並攻擊對手。降低對手的特攻。
重踏,重踏,用力踩踏地面并攻击自己周围所有的宝可梦。降低对方的速度。,用力踩踏地面，攻擊自己周圍所有的寶可夢。可降低對手的速度。,用力踩踏地面並攻擊自己周圍所有的寶可夢。降低對方的速度。
冰息,冰息,将冰冷的气息吹向对手进行攻击。必定会击中要害。,將冰冷的氣息吹向對手進行攻擊。必定會擊中要害。,將冰冷的氣息吹向對手進行攻擊。必定會擊中要害。
龙尾,龍尾,弹飞对手，强制拉后备宝可梦上场。如果对手为野生宝可梦，战斗将直接结束。,彈飛對手，強制讓後備寶可夢上場。對手為野生寶可夢時，戰鬥將直接結束。,彈飛對手，強制拉後備寶可夢上場。如果對手為野生寶可夢，戰鬥將直接結束。
自我激励,自我激勵,激励自己，从而提高攻击和特攻。,激勵自己，提高自己的攻擊和特攻。,激勵自己，從而提高攻擊和特攻。
电网,電網,用电网捉住对手进行攻击。降低对手的速度。,用電網捉住對手進行攻擊。可降低對手的速度。,用電網捉住對手進行攻擊。降低對手的速度。
疯狂伏特,瘋狂伏特,让电流覆盖全身撞向对手进行攻击。自己也会受到少许伤害。,讓電流圍繞全身，衝撞對手進行攻擊。自己也會受到少許傷害。,讓電流覆蓋全身撞向對手進行攻擊。自己也會受到少許傷害。
直冲钻,直衝鑽,像钢钻一样，一边旋转身体一边撞击对手。容易击中要害。,像鑽頭一樣旋轉身體，猛烈地撞擊對手。容易擊中要害。,像鋼鑽一樣，一邊旋轉身體一邊撞擊對手。容易擊中要害。
二连劈,二連劈,用身体坚硬的部分拍打对手进行攻击。连续２次给予伤害。,用身體的堅硬部分攻擊對手。連續２次給予傷害。,用身體堅硬的部分拍打對手進行攻擊。連續２次給予傷害。
爱心印章,愛心印章,以可爱的动作使对手疏忽，乘机给出强烈的一击。有时会使对手畏缩。,用可愛的動作讓對手疏忽，趁機發出強烈的一擊。有時會使對手畏縮。,以可愛的動作使對手疏忽，乘機給出強烈的一擊。有時會使對手畏縮。
木角,木角,将角刺入，吸取对手的养分。可以回复给予对手伤害的一半ＨＰ。,將角刺進對手，吸取養分。可以回復給予對手傷害的一半ＨＰ。,將角刺入，吸取對手的養分。可以回復給予對手傷害的一半ＨＰ。
圣剑,聖劍,用长角切斩对手进行攻击。无视对手的能力变化，直接给予伤害。,用長角斬切對手進行攻擊。可不顧對手的能力變化給予傷害。,用長角切斬對手進行攻擊。無視對手的能力變化，直接給予傷害。
贝壳刃,貝殼刃,用锋利的贝壳切斩对手进行攻击。有时会降低对手的防御。,用鋒利的貝殼斬切對手進行攻擊。有時會降低對手的防禦。,用鋒利的貝殼切斬對手進行攻擊。有時會降低對手的防禦。
高温重压,高溫重壓,用燃烧的身体撞向对手进行攻击。自己比对手越重，威力越大。,用燃燒的身體重壓對手進行攻擊。體重比對手重越多，威力越大。,用燃燒的身體撞向對手進行攻擊。自己比對手越重，威力越大。
青草搅拌器,青草攪拌器,用锋利的叶片包裹住对手进行攻击。有时会降低对手的命中率。,用銳利的葉子包圍住對手進行攻擊。有時會降低對手的命中率。,用鋒利的葉片包裹住對手進行攻擊。有時會降低對手的命中率。
疯狂滚压,瘋狂滾壓,旋转揉成团的身体压扁对手。有时会使对手畏缩。,旋轉蜷縮成圓形的身體，壓扁對手。有時會使對手畏縮。,旋轉揉成團的身體壓扁對手。有時會使對手畏縮。
棉花防守,棉花防守,用软绵绵的绒毛包裹住自己的身体进行守护。巨幅提高自己的防御。,用軟綿綿的絨毛保護自己的身體。極大幅提高自己的防禦。,用軟綿綿的絨毛包裹住自己的身體進行守護。巨幅提高自己的防禦。
暗黑爆破,暗黑爆破,放出黑暗的冲击波攻击对手。有时会降低对手的命中率。,放出黑暗的衝擊波攻擊對手。有時會降低對手的命中率。,放出黑暗的衝擊波攻擊對手。有時會降低對手的命中率。
精神击破,精神擊破,将神奇的念波实体化攻击对手。给予物理伤害。,將神奇的念力波實體化後攻擊對手。給予對手物理傷害。,將神奇的念波實體化攻擊對手。給予物理傷害。
扫尾拍打,掃尾拍打,用坚硬的尾巴拍打对手进行攻击。连续攻击２～５次。,將堅硬的尾巴掃向對手進行攻擊。可連續攻擊２～５次。,用堅硬的尾巴拍打對手進行攻擊。連續攻擊２～５次。
暴风,暴風,用强烈的风席卷对手进行攻击。有时会使对手混乱。,用強烈的風席捲對手進行攻擊。有時會使對手混亂。,用強烈的風席捲對手進行攻擊。有時會使對手混亂。
爆炸头突击,爆炸頭突擊,用厉害的爆炸头猛撞向对手进行攻击。自己也会受到少许伤害。,用帥氣的爆炸頭猛撞對手進行攻擊。自己也會受到少許傷害。,用厲害的爆炸頭猛撞向對手進行攻擊。自己也會受到少許傷害。
齿轮飞盘,齒輪飛盤,向对手投掷钢铁齿轮进行攻击。连续２次给予伤害。,向對手投擲鋼鐵齒輪進行攻擊。連續２次給予傷害。,向對手投擲鋼鐵齒輪進行攻擊。連續２次給予傷害。
火焰弹,火焰彈,用熊熊烈火攻击自己周围所有的宝可梦。有时会陷入灼伤状态。,用熊熊烈火攻擊自己周圍所有的寶可夢。有時會讓對手陷入灼傷狀態。,用熊熊烈火攻擊自己周圍所有的寶可夢。有時會陷入灼傷狀態。
高科技光炮,高科技光炮,向对手放出光弹。属性会根据自己携带的卡带不同而改变。,向對手發射光彈。招式的屬性會隨著自己攜帶的卡帶不同而改變。,向對手放出光彈。屬性會根據自己攜帶的卡帶不同而改變。
古老之歌,古老之歌,让对手听古老之歌，打动对手的内心进行攻击。有时会让对手陷入睡眠状态。,唱出古老之歌，打動對手的心進行攻擊。有時會讓對手陷入睡眠狀態。,讓對手聽古老之歌，打動對手的內心進行攻擊。有時會讓對手陷入睡眠狀態。
神秘之剑,神秘之劍,用长角切斩对手进行攻击。角上拥有的神奇力量将给予物理伤害。,用長角斬切對手進行攻擊。角上擁有的神奇力量會給予對手物理傷害。,用長角切斬對手進行攻擊。角上擁有的神奇力量將給予物理傷害。
冰封世界,冰封世界,将冰冻的冷气吹向对手进行攻击。会降低对手的速度。,放出冰凍的寒氣向對手進行攻擊。可降低對手的速度。,將冰凍的冷氣吹向對手進行攻擊。會降低對手的速度。
雷击,雷擊,让强大的电流覆盖全身，猛撞向对手进行攻击。有时会让对手陷入麻痹状态。,用強大的電流圍繞身體，猛撞對手進行攻擊。有時會讓對手陷入麻痺狀態。,讓強大的電流覆蓋全身，猛撞向對手進行攻擊。有時會讓對手陷入麻痺狀態。
青焰,青焰,用美丽而激烈的青焰包裹住对手进行攻击。有时会让对手陷入灼伤状态。,用美麗而激烈的青焰燃燒對手進行攻擊。有時會讓對手陷入灼傷狀態。,用美麗而激烈的青焰包裹住對手進行攻擊。有時會讓對手陷入灼傷狀態。
火之舞,火之舞,让火焰覆盖全身，振翅攻击对手。有时会提高自己的特攻。,讓火焰圍繞全身後，振翅攻擊對手。有時會提高自己的特攻。,讓火焰覆蓋全身，振翅攻擊對手。有時會提高自己的特攻。
冰冻伏特,冰凍伏特,用覆盖着电流的冰块，在第２回合撞向对手。有时会让对手陷入麻痹状态。,製造出帶有電流的冰塊，在下一回合攻擊對手。有時會讓對手陷入麻痺狀態。,用覆蓋著電流的冰塊，在第２回合撞向對手。有時會讓對手陷入麻痺狀態。
极寒冷焰,極寒冷焰,用能够冻结一切的强烈冷气，在第２回合包裹住对手。有时会让对手陷入灼伤状态。,在使用後的下一回合，用能夠凍結一切的強烈寒氣包圍對手。有時會讓對手陷入灼傷狀態。,用能夠凍結一切的強烈冷氣，在第２回合包裹住對手。有時會讓對手陷入灼傷狀態。
大声咆哮,大聲咆哮,没完没了地大声斥责，从而降低对手的特攻。,沒完沒了地向對手大聲咆哮，降低對手的特攻。,沒完沒了地大聲斥責，從而降低對手的特攻。
冰柱坠击,冰柱墜擊,用大冰柱激烈地撞向对手进行攻击。有时会使对手畏缩。,將巨大冰柱猛烈地砸向對手進行攻擊。有時會使對手畏縮。,用大冰柱激烈地撞向對手進行攻擊。有時會使對手畏縮。
Ｖ热焰,Ｖ熱焰,从前额产生灼热的火焰，舍身撞击对手。防御、特防和速度会降低。,在前額產生灼熱的火焰，然後捨身撞擊對手。自己的防禦、特防和速度會降低。,從前額產生灼熱的火焰，捨身撞擊對手。防禦、特防和速度會降低。
交错火焰,交錯火焰,释放出巨大的火焰。受到巨大的闪电影响时，招式威力会提高。,放出巨大的火焰攻擊對手。受到巨大的閃電影響時，招式的威力會提高。,釋放出巨大的火焰。受到巨大的閃電影響時，招式威力會提高。
交错闪电,交錯閃電,释放出巨大的闪电。受到巨大的火焰影响时，招式威力会提高。,放出巨大的閃電攻擊對手。受到巨大的火焰影響時，招式的威力會提高。,釋放出巨大的閃電。受到巨大的火焰影響時，招式威力會提高。
飞身重压,飛身重壓,从空中俯冲向对手。此招式同时带有格斗属性和飞行属性。,從空中俯衝向對手進行攻擊。此招式同時具有格鬥屬性和飛行屬性。,從空中俯衝向對手。此招式同時帶有格鬥屬性和飛行屬性。
掀榻榻米,掀榻榻米,将掀起来的榻榻米当作盾牌，防住自己和同伴免受招式伤害。变化招式无法防住。,將掀起來的榻榻米當作盾牌，防禦住攻擊我方的攻擊招式。但無法防禦住變化招式的攻擊。,將掀起來的榻榻米當作盾牌，防住自己和夥伴免受招式傷害。變化招式無法防住。
打嗝,打嗝,朝着对手打嗝，并给予伤害。如果不吃树果则无法使出。,朝著對手打嗝進行攻擊。沒吃下樹果時無法使用。,朝著對手打嗝，並給予傷害。如果不吃樹果則無法使出。
耕地,耕地,翻耕土地，使草木更容易成长。会提高草属性宝可梦的攻击和特攻。,耕耘土地，讓草木更容易成長。可提高草屬性寶可夢的攻擊和特攻。,翻耕土地，使草木更容易成長。會提高草屬性寶可夢的攻擊和特攻。
黏黏网,黏黏網,在对手周围围上黏黏的网，降低替换出场的对手的速度。,在對手周圍撒下黏黏的網，降低替換出場的對手的速度。,在對手周圍圍上黏黏的網，降低替換出場的對手的速度。
致命针刺,致命針刺,如果使用此招式打倒对手，攻击会巨幅提高。,使用此招式打倒對手時，自己的攻擊會極大幅提高。,如果使用此招式打倒對手，攻擊會巨幅提高。
潜灵奇袭,潛靈奇襲,第１回合消失在某处，第２回合攻击对手。可以无视守护进行攻击。,使用後的第１回合消失到某處，並於第２回合攻擊對手。可不顧對手的守護進行攻擊。,第１回合消失在某處，第２回合攻擊對手。可以無視守護進行攻擊。
万圣夜,萬聖夜,邀请对手参加万圣夜。使对手被追加幽灵属性。,邀請對手參加萬聖夜。讓對手追加幽靈屬性。,邀請對手參加萬聖夜。使對手被追加幽靈屬性。
战吼,戰吼,发出战吼威吓对手，从而降低对手的攻击和特攻。,發出戰吼威嚇對手，降低對手的攻擊和特攻。,發出戰吼威嚇對手，從而降低對手的攻擊和特攻。
等离子浴,等離子浴,将带电粒子扩散开来，使一般属性的招式变成电属性。,讓帶電粒子擴散開來，使一般屬性的招式變成電屬性。,將帶電粒子擴散開來，使一般屬性的招式變成電屬性。
抛物面充电,拋物面充電,给周围全体宝可梦造成伤害。可以回复给予伤害的一半ＨＰ。,攻擊自己周圍所有的寶可夢。可以回復給予傷害的一半ＨＰ。,給周圍全體寶可夢造成傷害。可以回復給予傷害的一半ＨＰ。
森林诅咒,森林詛咒,向对手施加森林诅咒。中了诅咒的对手会被追加草属性。,向對手施加森林詛咒。中了詛咒的對手會被追加草屬性。,向對手施加森林詛咒。中了詛咒的對手會被追加草屬性。
落英缤纷,落英繽紛,猛烈地刮起飞雪般的落花，攻击周围所有的宝可梦，并给予伤害。,猛烈地刮起飛雪般的落花，攻擊周圍所有的寶可夢。,猛烈地颳起飛雪般的落花，攻擊周圍所有的寶可夢，並給予傷害。
冷冻干燥,冷凍乾燥,急剧冷冻对手，有时会让对手陷入冰冻状态。对于水属性宝可梦也是效果绝佳。,急速冷凍對手，有時會讓對手陷入冰凍狀態。對水屬性寶可夢也是效果絕佳。,急劇冷凍對手，有時會讓對手陷入冰凍狀態。對於水屬性寶可夢也是效果絕佳。
魅惑之声,魅惑之聲,发出魅惑的叫声，给予对手精神上的伤害。攻击必定会命中。,發出迷人的叫聲，給予對手精神上的傷害。攻擊必定會命中。,發出魅惑的叫聲，給予對手精神上的傷害。攻擊必定會命中。
抛下狠话,拋下狠話,抛下狠话威吓对手，降低攻击和特攻后，和后备宝可梦进行替换。,拋下狠話恐嚇對手，降低對手的攻擊和特攻後，和後備寶可夢進行替換。,拋下狠話威嚇對手，降低攻擊和特攻後，和後備寶可夢進行替換。
颠倒,顛倒,颠倒对手身上的所有能力变化，变成和原来相反的状态。,讓對手身上所有的能力變化顛倒過來，變成和原來相反的狀態。,顛倒對手身上的所有能力變化，變成和原來相反的狀態。
吸取之吻,吸取之吻,用一个吻吸取对手的ＨＰ。回复给予对手伤害的一半以上的ＨＰ。,親吻對手來吸取對手的ＨＰ。可以回復給予對手傷害的一半以上的ＨＰ。,用一個吻吸取對手的ＨＰ。回復給予對手傷害的一半以上的ＨＰ。
戏法防守,戲法防守,使用神奇的力量防住攻击我方的变化招式。但无法防住伤害招式的攻击。,使用神奇的力量防禦住攻擊我方的變化招式。但無法防禦住攻擊招式的攻擊。,使用神奇的力量防住攻擊我方的變化招式。但無法防住傷害招式的攻擊。
鲜花防守,鮮花防守,使用神奇的力量提高在场的所有草属性宝可梦的防御。,使用神奇的力量，提高場上全體草屬性寶可夢的防禦。,使用神奇的力量提高在場的所有草屬性寶可夢的防禦。
青草场地,青草場地,在５回合内变成青草场地。地面上的宝可梦每回合都能回复。草属性的招式威力还会提高。,在５回合內將腳下變成青草場地。地面上的寶可夢每回合都會回復ＨＰ。草屬性招式的威力會提高。,在５回合內變成青草場地。地面上的寶可夢每回合都能回復。草屬性的招式威力還會提高。
薄雾场地,薄霧場地,在５回合内，地面上的宝可梦不会陷入异常状态。龙属性招式的伤害也会减半。,在５回合內，地面上的寶可夢不會陷入異常狀態。龍屬性招式的傷害也會減半。,在５回合內，地面上的寶可夢不會陷入異常狀態。龍屬性招式的傷害也會減半。
输电,輸電,对手使出招式前，如果输电，则该回合对手的招式变成电属性。,如果在對手使用招式前輸電，該回合對手的招式會變成電屬性。,對手使出招式前，如果輸電，則該回合對手的招式變成電屬性。
嬉闹,嬉鬧,与对手嬉闹并攻击。有时会降低对手的攻击。,在和對手嬉鬧的同時進行攻擊。有時會降低對手的攻擊。,與對手嬉鬧並攻擊。有時會降低對手的攻擊。
妖精之风,妖精之風,刮起妖精之风，吹向对手进行攻击。,刮起妖精之風，吹向對手進行攻擊。,颳起妖精之風，吹向對手進行攻擊。
月亮之力,月亮之力,借用月亮的力量攻击对手。有时会降低对手的特攻。,借用月亮的力量攻擊對手。有時會降低對手的特攻。,借用月亮的力量攻擊對手。有時會降低對手的特攻。
爆音波,爆音波,通过震耳欲聋的爆炸声产生的破坏力，攻击自己周围所有的宝可梦。,利用震耳欲聾的爆炸聲所產生的破壞力，攻擊自己周圍所有的寶可夢。,通過震耳欲聾的爆炸聲產生的破壞力，攻擊自己周圍所有的寶可夢。
妖精之锁,妖精之鎖,通过封锁，下一回合所有的宝可梦都无法逃走。,封鎖對戰場地，下一回合所有的寶可夢都無法逃走。,通過封鎖，下一回合所有的寶可夢都無法逃走。
王者盾牌,王者盾牌,防住对手攻击的同时，自己变为防御姿态。大幅降低所接触到的对手的攻击。,防禦來自對手的攻擊，同時讓自己變形成盾牌型態。讓接觸到自己的對手攻擊大幅降低。,防住對手攻擊的同時，自己變為防禦姿態。大幅降低所接觸到的對手的攻擊。
和睦相处,和睦相處,和对手和睦相处，使其失去战斗的气力，从而降低对手的攻击。,和對手和睦相處，讓對手失去戰鬥意志，降低對手的攻擊。,和對手和睦相處，使其失去戰鬥的氣力，從而降低對手的攻擊。
密语,密語,和对手进行密语，使其失去集中力，从而降低对手的特攻。,向對手低聲密語，使對手失去集中力，降低對手的特攻。,和對手進行密語，使其失去集中力，從而降低對手的特攻。
钻石风暴,鑽石風暴,掀起钻石风暴给予伤害。有时会大幅提高自己的防御。,吹起鑽石風暴給予對手傷害。有時會大幅提高自己的防禦。,掀起鑽石風暴給予傷害。有時會大幅提高自己的防禦。
蒸汽爆炸,蒸汽爆炸,将滚烫的蒸汽喷向对手。有时会让对手灼伤。,將超高溫的蒸汽噴向對手。有時會讓對手陷入灼傷狀態。,將滾燙的蒸汽噴向對手。有時會讓對手灼傷。
异次元洞,異次元洞,通过异次元洞，突然出现在对手的侧面进行攻击。还可以无视守住和看穿等招式。,利用異次元洞，突然出現在對手的側面進行攻擊。可避開對手的守住和看穿等招式。,通過異次元洞，突然出現在對手的側面進行攻擊。還可以無視守住和看穿等招式。
飞水手里剑,飛水手裡劍,用粘液制成的手里剑，连续攻击２～５次。必定能够先制攻击。,射出用黏液製成的手裡劍，連續攻擊２～５次。必定能夠發動先制攻擊。,用黏液製成的手裏劍，連續攻擊２～５次。必定能夠先制攻擊。
魔法火焰,魔法火焰,从口中喷出特别灼热的火焰进行攻击。降低对手的特攻。,從口中吐出特別灼熱的火焰進行攻擊。可降低對手的特攻。,從口中噴出特別灼熱的火焰進行攻擊。降低對手的特攻。
尖刺防守,尖刺防守,防住对手攻击的同时，削减接触到自己的对手的体力。,防禦來自對手的攻擊，同時削減接觸到自己的對手的ＨＰ。,防住對手攻擊的同時，削減接觸到自己的對手的體力。
芳香薄雾,芳香薄霧,通过神奇的芳香，提高我方宝可梦的特防。,利用神奇的芳香，提高我方寶可夢的特防。,通過神奇的芳香，提高我方寶可夢的特防。
怪异电波,怪異電波,从身体放射出怪异电波，让对手沐浴其中，从而大幅降低其特攻。,從身體發出怪異電波影響對手，大幅降低對手的特攻。,從身體放射出怪異電波，讓對手沐浴其中，從而大幅降低其特攻。
毒液陷阱,毒液陷阱,将特殊的毒液泼向对手。对处于中毒状态的对手，其攻击、特攻和速度都会降低。,向對手發射特殊的毒液。陷入中毒狀態的對手攻擊、特攻和速度會降低。,將特殊的毒液潑向對手。對處於中毒狀態的對手，其攻擊、特攻和速度都會降低。
粉尘,粉塵,如果被撒到粉尘的对手使用火招式，则会爆炸并给予伤害。,被撒到粉塵的對手使用火屬性招式時，會發生爆炸並受到傷害。,如果被撒到粉塵的對手使用火招式，則會爆炸並給予傷害。
大地掌控,大地掌控,第１回合吸收能量，第２回合大幅提高特攻、特防和速度。,使用後的第１回合吸收能量，並於第２回合大幅提高自己的特攻、特防和速度。,第１回合吸收能量，第２回合大幅提高特攻、特防和速度。
磁场操控,磁場操控,通过操控磁场，会提高特性为正电和负电的宝可梦的防御和特防。,操控磁場，提高特性是正電和負電的寶可夢的防禦和特防。,通過操控磁場，會提高特性為正電和負電的寶可夢的防禦和特防。
欢乐时光,歡樂時光,如果使用欢乐时光，战斗后得到的钱会翻倍。,使用歡樂時光後，戰鬥結束時獲得的錢會加倍。,如果使用歡樂時光，戰鬥後得到的錢會翻倍。
电气场地,電氣場地,在５回合内变成电气场地。地面上的宝可梦将无法入眠。电属性的招式威力还会提高。,在５回合內將腳下變成電氣場地。地面上的寶可夢將不會陷入睡眠狀態。電屬性招式的威力會提高。,在５回合內變成電氣場地。地面上的寶可夢將無法入眠。電屬性的招式威力還會提高。
魔法闪耀,魔法閃耀,向对手发射强光，并给予伤害。,發出強烈的閃光，給予對手傷害。,向對手發射強光，並給予傷害。
庆祝,慶祝,宝可梦为十分开心的你庆祝。,寶可夢會為了非常開心的你而慶祝。,寶可夢為十分開心的你慶祝。
牵手,牽手,我方宝可梦之间牵手。能带来非常幸福的心情。,我方的寶可夢手牽手。心情會變得非常幸福。,我方寶可夢之間牽手。能帶來非常幸福的心情。
圆瞳,圓瞳,用圆瞳凝视对手，从而降低其攻击。必定能够先制攻击。,用圓圓的眼睛凝視對手，降低對手的攻擊。必定能夠發動先制攻擊。,用圓瞳凝視對手，從而降低其攻擊。必定能夠先制攻擊。
蹭蹭脸颊,蹭蹭臉頰,将带电的脸颊蹭蹭对手进行攻击。让对手陷入麻痹状态。,用帶電的臉頰磨蹭對手進行攻擊。能讓對手陷入麻痺狀態。,將帶電的臉頰蹭蹭對手進行攻擊。讓對手陷入麻痺狀態。
手下留情,手下留情,在攻击的时候手下留情，从而使对手的ＨＰ至少会留下１ＨＰ。,在攻擊的時候手下留情，讓對手的ＨＰ一定會剩下１。,在攻擊的時候手下留情，從而使對手的ＨＰ至少會留下１ＨＰ。
死缠烂打,死纏爛打,在４～５回合内死缠烂打地进行攻击。在此期间对手将无法逃走。,在４～５回合內死纏爛打地進行攻擊。在此期間對手將無法逃走。,在４～５回合內死纏爛打地進行攻擊。在此期間對手將無法逃走。
增强拳,增強拳,通过反复击打对手，使自己的拳头慢慢变硬。打中对手攻击就会提高。,反覆出拳擊打對手，使自己的拳頭慢慢變硬。命中對手時會提高自己的攻擊。,通過反覆擊打對手，使自己的拳頭慢慢變硬。打中對手攻擊就會提高。
死亡之翼,死亡之翼,从锁定的对手身上吸取ＨＰ。回复给予对手伤害的一半以上的ＨＰ。,從鎖定的對手身上吸取ＨＰ。可以回復給予對手傷害的一半以上的ＨＰ。,從鎖定的對手身上吸取ＨＰ。回復給予對手傷害的一半以上的ＨＰ。
千箭齐发,千箭齊發,可以击中浮在空中的宝可梦。空中的对手被击落后，会掉到地面。,能夠命中飄浮在空中的寶可夢。飄浮在空中的對手會被擊落掉到地面。,可以擊中浮在空中的寶可夢。空中的對手被擊落後，會掉到地面。
千波激荡,千波激盪,从地面掀起波浪进行攻击。被掀入波浪中的对手，将无法从战斗中逃走。,化成波浪從地面進行攻擊。被捲入波浪中的對手將無法從戰鬥中逃走。,從地面掀起波浪進行攻擊。被掀入波浪中的對手，將無法從戰鬥中逃走。
大地神力,大地神力,聚集大地的力量，将此力量集中攻击对手，并给予伤害。,聚集大地的能量後，將力量集中攻擊對手給予傷害。,聚集大地的力量，將此力量集中攻擊對手，並給予傷害。
破灭之光,破滅之光,借用永恒之花的力量，发射出强力光线。自己也会受到不小的伤害。,借用永恆之花的力量，發射出強力光線。自己也會受到不小的傷害。,借用永恆之花的力量，發射出強力光線。自己也會受到不小的傷害。
根源波动,根源波動,用无数青白色且闪耀的光线攻击对手。,放出無數閃耀著青白色光輝的光線攻擊對手。,用無數青白色且閃耀的光線攻擊對手。
断崖之剑,斷崖之劍,将大地的力量变化为利刃攻击对手。,將大地的力量化為利刃攻擊對手。,將大地的力量變化為利刃攻擊對手。
画龙点睛,畫龍點睛,从天空中急速下降攻击对手。自己的防御和特防会降低。,從天空中急速下降攻擊對手。自己的防禦和特防會降低。,從天空中急速下降攻擊對手。自己的防禦和特防會降低。
异次元猛攻,異次元猛攻,用许多手臂，无视对手的守住或看穿等招式进行连续攻击，自己的防御会降低。,使用許多手臂，發動可不顧守住和看穿的連續攻擊。自己的防禦會降低。,用許多手臂，無視對手的守住或看穿等招式進行連續攻擊，自己的防禦會降低。