Bulbasaur,フシギダネ,妙蛙种子,妙蛙種子,妙蛙种子,妙蛙種子,妙蛙种子,妙蛙種子
Ivysaur,フシギソウ,妙蛙草,妙蛙草,妙蛙草,妙蛙草,妙蛙草,妙蛙草
Venusaur,フシギバナ,妙蛙花,妙蛙花,妙蛙花,妙蛙花,妙蛙花,妙蛙花
Charmander,ヒトカゲ,小火龙,小火龍,小火龙,小火龍,小火龙,小火龍
Charmeleon,リザード,火恐龙,火恐龍,火恐龙,火恐龍,火恐龙,火恐龍
Charizard,リザードン,喷火龙,噴火龍,喷火龙,噴火龍,喷火龙,噴火龍
Squirtle,ゼニガメ,杰尼龟,傑尼龜,杰尼龟,傑尼龜,杰尼龟,傑尼龜
Wartortle,カメール,卡咪龟,卡咪龜,卡咪龟,卡咪龜,卡咪龟,卡咪龜
Blastoise,カメックス,水箭龟,水箭龜,水箭龟,水箭龜,水箭龟,水箭龜
Caterpie,キャタピー,绿毛虫,綠毛蟲,绿毛虫,綠毛蟲,绿毛虫,綠毛蟲
Metapod,トランセル,铁甲蛹,鐵甲蛹,铁甲蛹,鐵甲蛹,铁甲蛹,鐵甲蛹
Butterfree,バタフリー,巴大蝶,巴大蝶,巴大蝴,巴大蝴,巴大蝶,巴大蝶
Weedle,ビードル,独角虫,獨角蟲,独角虫,獨角蟲,独角虫,獨角蟲
Kakuna,コクーン,铁壳蛹,鐵殼蛹,铁壳昆,鐵殼昆,铁壳蛹,鐵殼蛹
Beedrill,スピアー,大针蜂,大針蜂,大针蜂,大針蜂,大针蜂,大針蜂
Pidgey,ポッポ,波波,波波,波波,波波,波波,波波
Pidgeotto,ピジョン,比比鸟,比比鳥,比比鸟,比比鳥,比比鸟,比比鳥
Pidgeot,ピジョット,大比鸟,大比鳥,比雕,比雕,大比鸟,大比鳥
Rattata,コラッタ,小拉达,小拉達,小拉达,小拉達,小拉达,小拉達
Raticate,ラッタ,拉达,拉達,拉达,拉達,拉达,拉達
Spearow,オニスズメ,烈雀,烈雀,烈雀,烈雀,烈雀,烈雀
Fearow,オニドリル,大嘴雀,大嘴雀,大嘴雀,大嘴雀,大嘴雀,大嘴雀
Ekans,アーボ,阿柏蛇,阿柏蛇,阿柏蛇,阿柏蛇,阿柏蛇,阿柏蛇
Arbok,アーボック,阿柏怪,阿柏怪,阿柏怪,阿柏怪,阿柏怪,阿柏怪
Pikachu,ピカチュウ,皮卡丘,皮卡丘,皮卡丘,皮卡丘,皮卡丘,皮卡丘
Raichu,ライチュウ,雷丘,雷丘,雷丘,雷丘,雷丘,雷丘
Sandshrew,サンド,穿山鼠,穿山鼠,穿山鼠,穿山鼠,穿山鼠,穿山鼠
Sandslash,サンドパン,穿山王,穿山王,穿山王,穿山王,穿山王,穿山王
Nidoran♀,ニドラン♀,尼多兰,尼多蘭,尼多兰,尼多蘭,尼多兰,尼多蘭
Nidorina,ニドリーナ,尼多娜,尼多娜,尼多娜,尼多娜,尼多娜,尼多娜
Nidoqueen,ニドクイン,尼多后,尼多后,尼多后,尼多后,尼多后,尼多后
Nidoran♂,ニドラン♂,尼多朗,尼多朗,尼多朗,尼多朗,尼多朗,尼多朗
Nidorino,ニドリーノ,尼多力诺,尼多力諾,尼多力诺,尼多力諾,尼多力诺,尼多力諾
Nidoking,ニドキング,尼多王,尼多王,尼多王,尼多王,尼多王,尼多王
Clefairy,ピッピ,皮皮,皮皮,皮皮,皮皮,皮皮,皮皮
Clefable,ピクシー,皮可西,皮可西,皮可西,皮可西,皮可西,皮可西
Vulpix,ロコン,六尾,六尾,六尾,六尾,六尾,六尾
Ninetales,キュウコン,九尾,九尾,九尾,九尾,九尾,九尾
Jigglypuff,プリン,胖丁,胖丁,胖丁,胖丁,胖丁,胖丁
Wigglytuff,プクリン,胖可丁,胖可丁,胖可丁,胖可丁,胖可丁,胖可丁
Zubat,ズバット,超音蝠,超音蝠,超音蝠,超音蝠,超音蝠,超音蝠
Golbat,ゴルバット,大嘴蝠,大嘴蝠,大嘴蝠,大嘴蝠,大嘴蝠,大嘴蝠
Oddish,ナゾノクサ,走路草,走路草,走路草,走路草,走路草,走路草
Gloom,クサイハナ,臭臭花,臭臭花,臭臭花,臭臭花,臭臭花,臭臭花
Vileplume,ラフレシア,霸王花,霸王花,霸王花,霸王花,霸王花,霸王花
Paras,パラス,派拉斯,派拉斯,派拉斯,派拉斯,派拉斯,派拉斯
Parasect,パラセクト,派拉斯特,派拉斯特,派拉斯特,派拉斯特,派拉斯特,派拉斯特
Venonat,コンパン,毛球,毛球,毛球,毛球,毛球,毛球
Venomoth,モルフォン,摩鲁蛾,摩魯蛾,末入蛾,末入蛾,摩鲁蛾,摩魯蛾
Diglett,ディグダ,地鼠,地鼠,地鼠,地鼠,地鼠,地鼠
Dugtrio,ダグトリオ,三地鼠,三地鼠,三地鼠,三地鼠,三地鼠,三地鼠
Meowth,ニャース,喵喵,喵喵,喵喵,喵喵,喵喵,喵喵
Persian,ペルシアン,猫老大,貓老大,猫老大,貓老大,猫老大,貓老大
Psyduck,コダック,可达鸭,可達鴨,可达鸭,可達鴨,可达鸭,可達鴨
Golduck,ゴルダック,哥达鸭,哥達鴨,哥达鸭,哥達鴨,哥达鸭,哥達鴨
Mankey,マンキー,猴怪,猴怪,猴怪,猴怪,猴怪,猴怪
Primeape,オコリザル,火暴猴,火爆猴,火暴猴,火爆猴,火暴猴,火爆猴
Growlithe,ガーディ,卡蒂狗,卡蒂狗,卡蒂狗,卡蒂狗,卡蒂狗,卡蒂狗
Arcanine,ウインディ,风速狗,風速狗,风速狗,風速狗,风速狗,風速狗
Poliwag,ニョロモ,蚊香蝌蚪,蚊香蝌蚪,蚊香蝌蚪,蚊香蝌蚪,蚊香蝌蚪,蚊香蝌蚪
Poliwhirl,ニョロゾ,蚊香君,蚊香君,蚊香蛙,蚊香蛙,蚊香君,蚊香君
Poliwrath,ニョロボン,蚊香泳士,蚊香泳士,快泳蛙,快泳蛙,蚊香泳士,蚊香泳士
Abra,ケーシィ,凯西,凱西,凯西,凱西,凯西,凱西
Kadabra,ユンゲラー,勇基拉,勇基拉,勇吉拉,勇吉拉,勇基拉,勇基拉
Alakazam,フーディン,胡地,胡地,胡地,胡地,胡地,胡地
Machop,ワンリキー,腕力,腕力,腕力,腕力,腕力,腕力
Machoke,ゴーリキー,豪力,豪力,豪力,豪力,豪力,豪力
Machamp,カイリキー,怪力,怪力,怪力,怪力,怪力,怪力
Bellsprout,マダツボミ,喇叭芽,喇叭芽,喇叭芽,喇叭芽,喇叭芽,喇叭芽
Weepinbell,ウツドン,口呆花,口呆花,口呆花,口呆花,口呆花,口呆花
Victreebel,ウツボット,大食花,大食花,大食花,大食花,大食花,大食花
Tentacool,メノクラゲ,玛瑙水母,瑪瑙水母,玛瑙水母,瑪瑙水母,玛瑙水母,瑪瑙水母
Tentacruel,ドククラゲ,毒刺水母,毒刺水母,毒刺水母,毒刺水母,毒刺水母,毒刺水母
Geodude,イシツブテ,小拳石,小拳石,小拳石,小拳石,小拳石,小拳石
Graveler,ゴローン,隆隆石,隆隆石,隆隆石,隆隆石,隆隆石,隆隆石
Golem,ゴローニャ,隆隆岩,隆隆岩,隆隆岩,隆隆岩,隆隆岩,隆隆岩
Ponyta,ポニータ,小火马,小火馬,小火马,小火馬,小火马,小火馬
Rapidash,ギャロップ,烈焰马,烈焰馬,烈焰马,烈焰馬,烈焰马,烈焰馬
Slowpoke,ヤドン,呆呆兽,呆呆獸,呆呆兽,呆呆獸,呆呆兽,呆呆獸
Slowbro,ヤドラン,呆壳兽,呆殼獸,呆河马,呆河馬,呆壳兽,呆殼獸
Magnemite,コイル,小磁怪,小磁怪,小磁怪,小磁怪,小磁怪,小磁怪
Magneton,レアコイル,三合一磁怪,三合一磁怪,三合一磁怪,三合一磁怪,三合一磁怪,三合一磁怪
Farfetch'd,カモネギ,大葱鸭,大蔥鴨,大葱鸭,大蔥鴨,大葱鸭,大蔥鴨
Doduo,ドードー,嘟嘟,嘟嘟,嘟嘟,嘟嘟,嘟嘟,嘟嘟
Dodrio,ドードリオ,嘟嘟利,嘟嘟利,嘟嘟利,嘟嘟利,嘟嘟利,嘟嘟利
Seel,パウワウ,小海狮,小海獅,小海狮,小海獅,小海狮,小海獅
Dewgong,ジュゴン,白海狮,白海獅,白海狮,白海獅,白海狮,白海獅
Grimer,ベトベター,臭泥,臭泥,臭泥,臭泥,臭泥,臭泥
Muk,ベトベトン,臭臭泥,臭臭泥,臭臭泥,臭臭泥,臭臭泥,臭臭泥
Shellder,シェルダー,大舌贝,大舌貝,大舌贝,大舌貝,大舌贝,大舌貝
Cloyster,パルシェン,刺甲贝,刺甲貝,铁甲贝,鐵甲貝,刺甲贝,刺甲貝
Gastly,ゴース,鬼斯,鬼斯,鬼斯,鬼斯,鬼斯,鬼斯
Haunter,ゴースト,鬼斯通,鬼斯通,鬼斯通,鬼斯通,鬼斯通,鬼斯通
Gengar,ゲンガー,耿鬼,耿鬼,耿鬼,耿鬼,耿鬼,耿鬼
Onix,イワーク,大岩蛇,大岩蛇,大岩蛇,大岩蛇,大岩蛇,大岩蛇
Drowzee,スリープ,催眠貘,催眠貘,素利普,素利普,催眠貘,催眠貘
Hypno,スリーパー,引梦貘人,引夢貘人,素利拍,素利拍,引梦貘人,引夢貘人
Krabby,クラブ,大钳蟹,大鉗蟹,大钳蟹,大鉗蟹,大钳蟹,大鉗蟹
Kingler,キングラー,巨钳蟹,巨鉗蟹,巨钳蟹,巨鉗蟹,巨钳蟹,巨鉗蟹
Voltorb,ビリリダマ,霹雳电球,霹靂電球,雷电球,雷電球,霹雳电球,霹靂電球
Electrode,マルマイン,顽皮雷弹,頑皮雷彈,顽皮弹,頑皮彈,顽皮雷弹,頑皮雷彈
Exeggcute,タマタマ,蛋蛋,蛋蛋,蛋蛋,蛋蛋,蛋蛋,蛋蛋
Exeggutor,ナッシー,椰蛋树,椰蛋樹,椰蛋树,椰蛋樹,椰蛋树,椰蛋樹
Cubone,カラカラ,卡拉卡拉,卡拉卡拉,可拉可拉,可拉可拉,卡拉卡拉,卡拉卡拉
Marowak,ガラガラ,嘎啦嘎啦,嘎啦嘎啦,嘎拉嘎拉,嘎拉嘎拉,嘎啦嘎啦,嘎啦嘎啦
Hitmonlee,サワムラー,飞腿郎,飛腿郎,沙瓦郎,沙瓦郎,飞腿郎,飛腿郎
Hitmonchan,エビワラー,快拳郎,快拳郎,艾比郎,艾比郎,快拳郎,快拳郎
Lickitung,ベロリンガ,大舌头,大舌頭,大舌头,大舌頭,大舌头,大舌頭
Koffing,ドガース,瓦斯弹,瓦斯彈,瓦斯弹,瓦斯彈,瓦斯弹,瓦斯彈
Weezing,マタドガス,双弹瓦斯,雙彈瓦斯,双弹瓦斯,雙彈瓦斯,双弹瓦斯,雙彈瓦斯
Rhyhorn,サイホーン,独角犀牛,獨角犀牛,铁甲犀牛,鐵甲犀牛,独角犀牛,獨角犀牛
Rhydon,サイドン,钻角犀兽,鑽角犀獸,铁甲暴龙,鐵甲暴龍,钻角犀兽,鑽角犀獸
Chansey,ラッキー,吉利蛋,吉利蛋,吉利蛋,吉利蛋,吉利蛋,吉利蛋
Tangela,モンジャラ,蔓藤怪,蔓藤怪,蔓藤怪,蔓藤怪,蔓藤怪,蔓藤怪
Kangaskhan,ガルーラ,袋兽,袋獸,袋龙,袋龍,袋兽,袋獸
Horsea,タッツー,墨海马,墨海馬,墨海马,墨海馬,墨海马,墨海馬
Seadra,シードラ,海刺龙,海刺龍,海刺龙,海刺龍,海刺龙,海刺龍
Goldeen,トサキント,角金鱼,角金魚,角金鱼,角金魚,角金鱼,角金魚
Seaking,アズマオウ,金鱼王,金魚王,金鱼王,金魚王,金鱼王,金魚王
Staryu,ヒトデマン,海星星,海星星,海星星,海星星,海星星,海星星
Starmie,スターミー,宝石海星,寶石海星,宝石海星,寶石海星,宝石海星,寶石海星
Mr. Mime,バリヤード,魔墙人偶,魔牆人偶,吸盘魔偶,吸盤魔偶,魔墙人偶,魔牆人偶
Scyther,ストライク,飞天螳螂,飛天螳螂,飞天螳螂,飛天螳螂,飞天螳螂,飛天螳螂
Jynx,ルージュラ,迷唇姐,迷唇姐,迷唇姐,迷唇姐,迷唇姐,迷唇姐
Electabuzz,エレブー,电击兽,電擊獸,电击兽,電擊獸,电击兽,電擊獸
Magmar,ブーバー,鸭嘴火兽,鴨嘴火獸,鸭嘴火龙,鴨嘴火龍,鸭嘴火兽,鴨嘴火獸
Pinsir,カイロス,凯罗斯,凱羅斯,大甲,大甲,凯罗斯,凱羅斯
Tauros,ケンタロス,肯泰罗,肯泰羅,肯泰罗,肯泰羅,肯泰罗,肯泰羅
Magikarp,コイキング,鲤鱼王,鯉魚王,鲤鱼王,鯉魚王,鲤鱼王,鯉魚王
Gyarados,ギャラドス,暴鲤龙,暴鯉龍,暴鲤龙,暴鯉龍,暴鲤龙,暴鯉龍
Lapras,ラプラス,拉普拉斯,拉普拉斯,乘龙,乘龍,拉普拉斯,拉普拉斯
Ditto,メタモン,百变怪,百變怪,百变怪,百變怪,百变怪,百變怪
Eevee,イーブイ,伊布,伊布,伊布,伊布,伊布,伊布
Vaporeon,シャワーズ,水伊布,水伊布,水精灵,水精靈,水伊布,水伊布
Jolteon,サンダース,雷伊布,雷伊布,雷精灵,雷精靈,雷伊布,雷伊布
Flareon,ブースター,火伊布,火伊布,火精灵,火精靈,火伊布,火伊布
Porygon,ポリゴン,多边兽,多邊獸,3D龙,3D龍,多边兽,多邊獸
Omanyte,オムナイト,菊石兽,菊石獸,菊石兽,菊石獸,菊石兽,菊石獸
Omastar,オムスター,多刺菊石兽,多刺菊石獸,多刺菊石兽,多刺菊石獸,多刺菊石兽,多刺菊石獸
Kabuto,カブト,化石盔,化石盔,化石盔,化石盔,化石盔,化石盔
Kabutops,カブトプス,镰刀盔,鐮刀盔,镰刀盔,鐮刀盔,镰刀盔,鐮刀盔
Aerodactyl,プテラ,化石翼龙,化石翼龍,化石翼龙,化石翼龍,化石翼龙,化石翼龍
Snorlax,カビゴン,卡比兽,卡比獸,卡比兽,卡比獸,卡比兽,卡比獸
Articuno,フリーザー,急冻鸟,急凍鳥,急冻鸟,急凍鳥,急冻鸟,急凍鳥
Zapdos,サンダー,闪电鸟,閃電鳥,闪电鸟,閃電鳥,闪电鸟,閃電鳥
Moltres,ファイヤー,火焰鸟,火焰鳥,火焰鸟,火焰鳥,火焰鸟,火焰鳥
Dratini,ミニリュウ,迷你龙,迷你龍,迷你龙,迷你龍,迷你龙,迷你龍
Dragonair,ハクリュー,哈克龙,哈克龍,哈克龙,哈克龍,哈克龙,哈克龍
Dragonite,カイリュー,快龙,快龍,快龙,快龍,快龙,快龍
Mewtwo,ミュウツー,超梦,超夢,超梦,超夢,超梦,超夢
Mew,ミュウ,梦幻,夢幻,梦幻,夢幻,梦幻,夢幻
Chikorita,チコリータ,菊草叶,菊草葉,菊草叶,菊草葉,菊草叶,菊草葉
Bayleef,ベイリーフ,月桂叶,月桂葉,月桂叶,月桂葉,月桂叶,月桂葉
Meganium,メガニウム,大竺葵,大竺葵,大菊花,大菊花,大竺葵,大竺葵
Cyndaquil,ヒノアラシ,火球鼠,火球鼠,火球鼠,火球鼠,火球鼠,火球鼠
Quilava,マグマラシ,火岩鼠,火岩鼠,火岩鼠,火岩鼠,火岩鼠,火岩鼠
Typhlosion,バクフーン,火暴兽,火爆獸,火暴兽,火暴獸,火暴兽,火爆獸
Totodile,ワニノコ,小锯鳄,小鋸鱷,小锯鳄,小鋸鱷,小锯鳄,小鋸鱷
Croconaw,アリゲイツ,蓝鳄,藍鱷,蓝鳄,藍鱷,蓝鳄,藍鱷
Feraligatr,オーダイル,大力鳄,大力鱷,大力鳄,大力鱷,大力鳄,大力鱷
Sentret,オタチ,尾立,尾立,尾立,尾立,尾立,尾立
Furret,オオタチ,大尾立,大尾立,大尾立,大尾立,大尾立,大尾立
Hoothoot,ホーホー,咕咕,咕咕,咕咕,咕咕,咕咕,咕咕
Noctowl,ヨルノズク,猫头夜鹰,貓頭夜鷹,猫头夜鹰,貓頭夜鷹,猫头夜鹰,貓頭夜鷹
Ledyba,レディバ,芭瓢虫,芭瓢蟲,芭瓢虫,芭瓢蟲,芭瓢虫,芭瓢蟲
Ledian,レディアン,安瓢虫,安瓢蟲,安瓢虫,安瓢蟲,安瓢虫,安瓢蟲
Spinarak,イトマル,圆丝蛛,圓絲蛛,线球,線球,圆丝蛛,圓絲蛛
Ariados,アリアドス,阿利多斯,阿利多斯,阿利多斯,阿利多斯,阿利多斯,阿利多斯
Crobat,クロバット,叉字蝠,叉字蝠,叉字蝠,叉字蝠,叉字蝠,叉字蝠
Chinchou,チョンチー,灯笼鱼,燈籠魚,灯笼鱼,燈籠魚,灯笼鱼,燈籠魚
Lanturn,ランターン,电灯怪,電燈怪,电灯怪,電燈怪,电灯怪,電燈怪
Pichu,ピチュー,皮丘,皮丘,皮丘,皮丘,皮丘,皮丘
Cleffa,ピィ,皮宝宝,皮寶寶,皮宝宝,皮寶寶,皮宝宝,皮寶寶
Igglybuff,ププリン,宝宝丁,寶寶丁,宝宝丁,寶寶丁,宝宝丁,寶寶丁
Togepi,トゲピー,波克比,波克比,波克比,波克比,波克比,波克比
Togetic,トゲチック,波克基古,波克基古,波克基古,波克基古,波克基古,波克基古
Natu,ネイティ,天然雀,天然雀,天然雀,天然雀,天然雀,天然雀
Xatu,ネイティオ,天然鸟,天然鳥,天然鸟,天然鳥,天然鸟,天然鳥
Mareep,メリープ,咩利羊,咩利羊,咩利羊,咩利羊,咩利羊,咩利羊
Flaaffy,モココ,茸茸羊,茸茸羊,绵绵,綿綿,绵绵,綿綿
Ampharos,デンリュウ,电龙,電龍,电龙,電龍,电龙,電龍
Bellossom,キレイハナ,美丽花,美麗花,美丽花,美麗花,美丽花,美麗花
Marill,マリル,玛力露,瑪力露,玛力露,瑪力露,玛力露,瑪力露
Azumarill,マリルリ,玛力露丽,瑪力露麗,玛力露丽,瑪力露麗,玛力露丽,瑪力露麗
Sudowoodo,ウソッキー,树才怪,樹才怪,胡说树,胡說樹,树才怪,樹才怪
Politoed,ニョロトノ,蚊香蛙皇,蚊香蛙皇,牛蛙君,牛蛙君,蚊香蛙皇,蚊香蛙皇
Hoppip,ハネッコ,毽子草,毽子草,毽子草,毽子草,毽子草,毽子草
Skiploom,ポポッコ,毽子花,毽子花,毽子花,毽子花,毽子花,毽子花
Jumpluff,ワタッコ,毽子棉,毽子棉,毽子绵,毽子綿,毽子棉,毽子棉
Aipom,エイパム,长尾怪手,長尾怪手,长尾怪手,長尾怪手,长尾怪手,長尾怪手
Sunkern,ヒマナッツ,向日种子,向日種子,向日种子,向日種子,向日种子,向日種子
Sunflora,キマワリ,向日花怪,向日花怪,向日花怪,向日花怪,向日花怪,向日花怪
Yanma,ヤンヤンマ,蜻蜻蜓,蜻蜻蜓,阳阳玛,陽陽瑪,蜻蜻蜓,蜻蜻蜓
Wooper,ウパー,乌波,烏波,乌波,烏波,乌波,烏波
Quagsire,ヌオー,沼王,沼王,沼王,沼王,沼王,沼王
Espeon,エーフィ,太阳伊布,太陽伊布,太阳精灵,太陽精靈,太阳伊布,太陽伊布
Umbreon,ブラッキー,月亮伊布,月亮伊布,月精灵,月精靈,月亮伊布,月亮伊布
Murkrow,ヤミカラス,黑暗鸦,黑暗鴉,黑暗鸦,黑暗鴉,黑暗鸦,黑暗鴉
Slowking,ヤドキング,呆呆王,呆呆王,河马王,河馬王,呆呆王,呆呆王
Misdreavus,ムウマ,梦妖,夢妖,梦妖,夢妖,梦妖,夢妖
Unown,アンノーン,未知图腾,未知圖騰,未知图腾,未知圖騰,未知图腾,未知圖騰
Wobbuffet,ソーナンス,果然翁,果然翁,果然翁,果然翁,果然翁,果然翁
Girafarig,キリンリキ,麒麟奇,麒麟奇,麒麟奇,麒麟奇,麒麟奇,麒麟奇
Pineco,クヌギダマ,榛果球,榛果球,榛果球,榛果球,榛果球,榛果球
Forretress,フォレトス,佛烈托斯,佛烈托斯,佛烈托斯,佛烈托斯,佛烈托斯,佛烈托斯
Dunsparce,ノコッチ,土龙弟弟,土龍弟弟,土龙弟弟,土龍弟弟,土龙弟弟,土龍弟弟
Gligar,グライガー,天蝎,天蠍,天蝎,天蠍,天蝎,天蠍
Steelix,ハガネール,大钢蛇,大鋼蛇,大钢蛇,大鋼蛇,大钢蛇,大鋼蛇
Snubbull,ブルー,布鲁,布魯,布卢,布盧,布鲁,布魯
Granbull,グランブル,布鲁皇,布魯皇,布卢皇,布盧皇,布鲁皇,布魯皇
Qwilfish,ハリーセン,千针鱼,千針魚,千针鱼,千針魚,千针鱼,千針魚
Scizor,ハッサム,巨钳螳螂,巨鉗螳螂,巨钳螳螂,巨鉗螳螂,巨钳螳螂,巨鉗螳螂
Shuckle,ツボツボ,壶壶,壺壺,壶壶,壺壺,壶壶,壺壺
Heracross,ヘラクロス,赫拉克罗斯,赫拉克羅斯,赫拉克罗斯,赫拉剋羅斯,赫拉克罗斯,赫拉克羅斯
Sneasel,ニューラ,狃拉,狃拉,狃拉,狃拉,狃拉,狃拉
Teddiursa,ヒメグマ,熊宝宝,熊寶寶,熊宝宝,熊寶寶,熊宝宝,熊寶寶
Ursaring,リングマ,圈圈熊,圈圈熊,圈圈熊,圈圈熊,圈圈熊,圈圈熊
Slugma,マグマッグ,熔岩虫,熔岩蟲,熔岩虫,熔岩蟲,熔岩虫,熔岩蟲
Magcargo,マグカルゴ,熔岩蜗牛,熔岩蝸牛,熔岩蜗牛,熔岩蝸牛,熔岩蜗牛,熔岩蝸牛
Swinub,ウリムー,小山猪,小山豬,小山猪,小山豬,小山猪,小山豬
Piloswine,イノムー,长毛猪,長毛豬,长毛猪,長毛豬,长毛猪,長毛豬
Corsola,サニーゴ,太阳珊瑚,太陽珊瑚,太阳珊瑚,太陽珊瑚,太阳珊瑚,太陽珊瑚
Remoraid,テッポウオ,铁炮鱼,鐵炮魚,铁炮鱼,鐵炮魚,铁炮鱼,鐵炮魚
Octillery,オクタン,章鱼桶,章魚桶,章鱼桶,章魚桶,章鱼桶,章魚桶
Delibird,デリバード,信使鸟,信使鳥,信使鸟,信使鳥,信使鸟,信使鳥
Mantine,マンタイン,巨翅飞鱼,巨翅飛魚,巨翅飞鱼,巨翅飛魚,巨翅飞鱼,巨翅飛魚
Skarmory,エアームド,盔甲鸟,盔甲鳥,盔甲鸟,盔甲鳥,盔甲鸟,盔甲鳥
Houndour,デルビル,戴鲁比,戴魯比,戴鲁比,戴魯比,戴鲁比,戴魯比
Houndoom,ヘルガー,黑鲁加,黑魯加,黑鲁加,黑魯加,黑鲁加,黑魯加
Kingdra,キングドラ,刺龙王,刺龍王,刺龙王,刺龍王,刺龙王,刺龍王
Phanpy,ゴマゾウ,小小象,小小象,小小象,小小象,小小象,小小象
Donphan,ドンファン,顿甲,頓甲,顿甲,頓甲,顿甲,頓甲
Porygon2,ポリゴン２,多边兽Ⅱ,多邊獸Ⅱ,3D龙II,3D龍II,多边兽Ⅱ,多邊獸Ⅱ
Stantler,オドシシ,惊角鹿,驚角鹿,惊角鹿,驚角鹿,惊角鹿,驚角鹿
Smeargle,ドーブル,图图犬,圖圖犬,图图犬,圖圖犬,图图犬,圖圖犬
Tyrogue,バルキー,无畏小子,無畏小子,巴尔郎,巴爾郎,无畏小子,無畏小子
Hitmontop,カポエラー,战舞郎,戰舞郎,柯波朗,柯波朗,战舞郎,戰舞郎
Smoochum,ムチュール,迷唇娃,迷唇娃,迷唇娃,迷唇娃,迷唇娃,迷唇娃
Elekid,エレキッド,电击怪,電擊怪,电击怪,電擊怪,电击怪,電擊怪
Magby,ブビィ,鸭嘴宝宝,鴨嘴寶寶,小鸭嘴龙,小鴨嘴龍,鸭嘴宝宝,鴨嘴寶寶
Miltank,ミルタンク,大奶罐,大奶罐,大奶罐,大奶罐,大奶罐,大奶罐
Blissey,ハピナス,幸福蛋,幸福蛋,幸福蛋,幸福蛋,幸福蛋,幸福蛋
Raikou,ライコウ,雷公,雷公,雷公,雷公,雷公,雷公
Entei,エンテイ,炎帝,炎帝,炎帝,炎帝,炎帝,炎帝
Suicune,スイクン,水君,水君,水君,水君,水君,水君
Larvitar,ヨーギラス,幼基拉斯,幼基拉斯,由基拉,由基拉,幼基拉斯,幼基拉斯
Pupitar,サナギラス,沙基拉斯,沙基拉斯,沙基拉,沙基拉,沙基拉斯,沙基拉斯
Tyranitar,バンギラス,班基拉斯,班基拉斯,班吉拉,班吉拉,班基拉斯,班基拉斯
Lugia,ルギア,洛奇亚,洛奇亞,洛奇亚,洛奇亞,洛奇亚,洛奇亞
Ho-Oh,ホウオウ,凤王,鳳王,凤王,鳳王,凤王,鳳王
Celebi,セレビィ,时拉比,時拉比,雪拉比,雪拉比,时拉比,時拉比
Treecko,キモリ,木守宫,木守宮,木守宫,木守宮,木守宫,木守宮
Grovyle,ジュプトル,森林蜥蜴,森林蜥蜴,森林蜥蜴,森林蜥蜴,森林蜥蜴,森林蜥蜴
Sceptile,ジュカイン,蜥蜴王,蜥蜴王,蜥蜴王,蜥蜴王,蜥蜴王,蜥蜴王
Torchic,アチャモ,火稚鸡,火稚雞,火稚鸡,火稚雞,火稚鸡,火稚雞
Combusken,ワカシャモ,力壮鸡,力壯雞,力壮鸡,力壯雞,力壮鸡,力壯雞
Blaziken,バシャーモ,火焰鸡,火焰雞,火焰鸡,火焰雞,火焰鸡,火焰雞
Mudkip,ミズゴロウ,水跃鱼,水躍魚,水跃鱼,水躍魚,水跃鱼,水躍魚
Marshtomp,ヌマクロー,沼跃鱼,沼躍魚,沼跃鱼,沼躍魚,沼跃鱼,沼躍魚
Swampert,ラグラージ,巨沼怪,巨沼怪,巨沼怪,巨沼怪,巨沼怪,巨沼怪
Poochyena,ポチエナ,土狼犬,土狼犬,土狼犬,土狼犬,土狼犬,土狼犬
Mightyena,グラエナ,大狼犬,大狼犬,大狼犬,大狼犬,大狼犬,大狼犬
Zigzagoon,ジグザグマ,蛇纹熊,蛇紋熊,蛇纹熊,蛇紋熊,蛇纹熊,蛇紋熊
Linoone,マッスグマ,直冲熊,直衝熊,直冲熊,直衝熊,直冲熊,直衝熊
Wurmple,ケムッソ,刺尾虫,刺尾蟲,刺尾虫,刺尾蟲,刺尾虫,刺尾蟲
Silcoon,カラサリス,甲壳茧,甲殼繭,甲壳蛹,甲殼蛹,甲壳茧,甲殼繭
Beautifly,アゲハント,狩猎凤蝶,狩獵鳳蝶,狩猎凤蝶,狩獵鳳蝶,狩猎凤蝶,狩獵鳳蝶
Cascoon,マユルド,盾甲茧,盾甲繭,盾甲茧,盾甲繭,盾甲茧,盾甲繭
Dustox,ドクケイル,毒粉蛾,毒粉蛾,毒粉蝶,毒粉蝶,毒粉蝶,毒粉蝶
Lotad,ハスボー,莲叶童子,蓮葉童子,莲叶童子,蓮葉童子,莲叶童子,蓮葉童子
Lombre,ハスブレロ,莲帽小童,蓮帽小童,莲帽小童,蓮帽小童,莲帽小童,蓮帽小童
Ludicolo,ルンパッパ,乐天河童,樂天河童,乐天河童,樂天河童,乐天河童,樂天河童
Seedot,タネボー,橡实果,橡實果,橡实果,橡實果,橡实果,橡實果
Nuzleaf,コノハナ,长鼻叶,長鼻葉,长鼻叶,長鼻葉,长鼻叶,長鼻葉
Shiftry,ダーテング,狡猾天狗,狡猾天狗,狡猾天狗,狡猾天狗,狡猾天狗,狡猾天狗
Taillow,スバメ,傲骨燕,傲骨燕,傲骨燕,傲骨燕,傲骨燕,傲骨燕
Swellow,オオスバメ,大王燕,大王燕,大王燕,大王燕,大王燕,大王燕
Wingull,キャモメ,长翅鸥,長翅鷗,长翅鸥,長翅鷗,长翅鸥,長翅鷗
Pelipper,ペリッパー,大嘴鸥,大嘴鷗,大嘴鸥,大嘴鷗,大嘴鸥,大嘴鷗
Ralts,ラルトス,拉鲁拉丝,拉魯拉絲,拉鲁拉丝,拉魯拉絲,拉鲁拉丝,拉魯拉絲
Kirlia,キルリア,奇鲁莉安,奇魯莉安,奇鲁莉安,奇魯莉安,奇鲁莉安,奇魯莉安
Gardevoir,サーナイト,沙奈朵,沙奈朵,沙奈朵,沙奈朵,沙奈朵,沙奈朵
Surskit,アメタマ,溜溜糖球,溜溜糖球,溜溜糖球,溜溜糖球,溜溜糖球,溜溜糖球
Masquerain,アメモース,雨翅蛾,雨翅蛾,雨翅蛾,雨翅蛾,雨翅蛾,雨翅蛾
Shroomish,キノココ,蘑蘑菇,蘑蘑菇,蘑蘑菇,蘑蘑菇,蘑蘑菇,蘑蘑菇
Breloom,キノガッサ,斗笠菇,斗笠菇,斗笠菇,斗笠菇,斗笠菇,斗笠菇
Slakoth,ナマケロ,懒人獭,懶人獺,懒人翁,懶人翁,懒人獭,懶人獺
Vigoroth,ヤルキモノ,过动猿,過動猿,过动猿,過動猿,过动猿,過動猿
Slaking,ケッキング,请假王,請假王,请假王,請假王,请假王,請假王
Nincada,ツチニン,土居忍士,土居忍士,土居忍士,土居忍士,土居忍士,土居忍士
Ninjask,テッカニン,铁面忍者,鐵面忍者,铁面忍者,鐵面忍者,铁面忍者,鐵面忍者
Shedinja,ヌケニン,脱壳忍者,脫殼忍者,脱壳忍者,脫殼忍者,脱壳忍者,脫殼忍者
Whismur,ゴニョニョ,咕妞妞,咕妞妞,咕妞妞,咕妞妞,咕妞妞,咕妞妞
Loudred,ドゴーム,吼爆弹,吼爆彈,吼爆弹,吼爆彈,吼爆弹,吼爆彈
Exploud,バクオング,爆音怪,爆音怪,爆音怪,爆音怪,爆音怪,爆音怪
Makuhita,マクノシタ,幕下力士,幕下力士,幕下力士,幕下力士,幕下力士,幕下力士
Hariyama,ハリテヤマ,铁掌力士,鐵掌力士,超力王,超力王,铁掌力士,鐵掌力士
Azurill,ルリリ,露力丽,露力麗,露力丽,露力麗,露力丽,露力麗
Nosepass,ノズパス,朝北鼻,朝北鼻,朝北鼻,朝北鼻,朝北鼻,朝北鼻
Skitty,エネコ,向尾喵,向尾喵,向尾喵,向尾喵,向尾喵,向尾喵
Delcatty,エネコロロ,优雅猫,優雅貓,优雅猫,優雅貓,优雅猫,優雅貓
Sableye,ヤミラミ,勾魂眼,勾魂眼,勾魂眼,勾魂眼,勾魂眼,勾魂眼
Mawile,クチート,大嘴娃,大嘴娃,大嘴娃,大嘴娃,大嘴娃,大嘴娃
Aron,ココドラ,可可多拉,可可多拉,可可多拉,可可多拉,可可多拉,可可多拉
Lairon,コドラ,可多拉,可多拉,可多拉,可多拉,可多拉,可多拉
Aggron,ボスゴドラ,波士可多拉,波士可多拉,波士可多拉,波士可多拉,波士可多拉,波士可多拉
Meditite,アサナン,玛沙那,瑪沙那,玛沙那,瑪沙那,玛沙那,瑪沙那
Medicham,チャーレム,恰雷姆,恰雷姆,恰雷姆,恰雷姆,恰雷姆,恰雷姆
Electrike,ラクライ,落雷兽,落雷獸,落雷兽,落雷獸,落雷兽,落雷獸
Manectric,ライボルト,雷电兽,雷電獸,雷电兽,雷電獸,雷电兽,雷電獸
Plusle,プラスル,正电拍拍,正電拍拍,正电拍拍,正電拍拍,正电拍拍,正電拍拍
Minun,マイナン,负电拍拍,負電拍拍,负电拍拍,負電拍拍,负电拍拍,負電拍拍
Volbeat,バルビート,电萤虫,電螢蟲,电萤虫,電螢蟲,电萤虫,電螢蟲
Illumise,イルミーゼ,甜甜萤,甜甜螢,甜甜萤,甜甜螢,甜甜萤,甜甜螢
Roselia,ロゼリア,毒蔷薇,毒薔薇,毒蔷薇,毒薔薇,毒蔷薇,毒薔薇
Gulpin,ゴクリン,溶食兽,溶食獸,溶食兽,溶食獸,溶食兽,溶食獸
Swalot,マルノーム,吞食兽,吞食獸,吞食兽,吞食獸,吞食兽,吞食獸
Carvanha,キバニア,利牙鱼,利牙魚,利牙鱼,利牙魚,利牙鱼,利牙魚
Sharpedo,サメハダー,巨牙鲨,巨牙鯊,巨牙鲨,巨牙鯊,巨牙鲨,巨牙鯊
Wailmer,ホエルコ,吼吼鲸,吼吼鯨,吼吼鲸,吼吼鯨,吼吼鲸,吼吼鯨
Wailord,ホエルオー,吼鲸王,吼鯨王,吼鲸王,吼鯨王,吼鲸王,吼鯨王
Numel,ドンメル,呆火驼,呆火駝,呆火驼,呆火駝,呆火驼,呆火駝
Camerupt,バクーダ,喷火驼,噴火駝,喷火驼,噴火駝,喷火驼,噴火駝
Torkoal,コータス,煤炭龟,煤炭龜,煤炭龟,煤炭龜,煤炭龟,煤炭龜
Spoink,バネブー,跳跳猪,跳跳豬,跳跳猪,跳跳豬,跳跳猪,跳跳豬
Grumpig,ブーピッグ,噗噗猪,噗噗豬,噗噗猪,噗噗豬,噗噗猪,噗噗豬
Spinda,パッチール,晃晃斑,晃晃斑,晃晃斑,晃晃斑,晃晃斑,晃晃斑
Trapinch,ナックラー,大颚蚁,大顎蟻,大颚蚁,大顎蟻,大颚蚁,大顎蟻
Vibrava,ビブラーバ,超音波幼虫,超音波幼蟲,超音波幼虫,超音波幼蟲,超音波幼虫,超音波幼蟲
Flygon,フライゴン,沙漠蜻蜓,沙漠蜻蜓,沙漠蜻蜓,沙漠蜻蜓,沙漠蜻蜓,沙漠蜻蜓
Cacnea,サボネア,刺球仙人掌,刺球仙人掌,沙漠奈亚,沙漠奈亞,刺球仙人掌,刺球仙人掌
Cacturne,ノクタス,梦歌仙人掌,夢歌仙人掌,梦歌奈亚,夢歌奈亞,梦歌仙人掌,夢歌仙人掌
Swablu,チルット,青绵鸟,青綿鳥,青绵鸟,青綿鳥,青绵鸟,青綿鳥
Altaria,チルタリス,七夕青鸟,七夕青鳥,七夕青鸟,七夕青鳥,七夕青鸟,七夕青鳥
Zangoose,ザングース,猫鼬斩,貓鼬斬,猫鼬斩,貓鼬斬,猫鼬斩,貓鼬斬
Seviper,ハブネーク,饭匙蛇,飯匙蛇,饭匙蛇,飯匙蛇,饭匙蛇,飯匙蛇
Lunatone,ルナトーン,月石,月石,月石,月石,月石,月石
Solrock,ソルロック,太阳岩,太陽岩,太阳岩,太陽岩,太阳岩,太陽岩
Barboach,ドジョッチ,泥泥鳅,泥泥鰍,泥泥鳅,泥泥鰍,泥泥鳅,泥泥鰍
Whiscash,ナマズン,鲶鱼王,鯰魚王,鲶鱼王,鯰魚王,鲶鱼王,鯰魚王
Corphish,ヘイガニ,龙虾小兵,龍蝦小兵,龙虾小兵,龍蝦小兵,龙虾小兵,龍蝦小兵
Crawdaunt,シザリガー,铁螯龙虾,鐵螯龍蝦,铁螯龙虾,鐵螯龍蝦,铁螯龙虾,鐵螯龍蝦
Baltoy,ヤジロン,天秤偶,天秤偶,天秤偶,天秤偶,天秤偶,天秤偶
Claydol,ネンドール,念力土偶,念力土偶,念力土偶,念力土偶,念力土偶,念力土偶
Lileep,リリーラ,触手百合,觸手百合,触手百合,觸手百合,触手百合,觸手百合
Cradily,ユレイドル,摇篮百合,搖籃百合,摇篮百合,搖籃百合,摇篮百合,搖籃百合
Anorith,アノプス,太古羽虫,太古羽蟲,太古羽虫,太古羽蟲,太古羽虫,太古羽蟲
Armaldo,アーマルド,太古盔甲,太古盔甲,太古盔甲,太古盔甲,太古盔甲,太古盔甲
Feebas,ヒンバス,丑丑鱼,醜醜魚,笨笨鱼,笨笨魚,丑丑鱼,醜醜魚
Milotic,ミロカロス,美纳斯,美納斯,美纳斯,美納斯,美纳斯,美納斯
Castform,ポワルン,飘浮泡泡,飄浮泡泡,漂浮泡泡,漂浮泡泡,漂浮泡泡,漂浮泡泡
Kecleon,カクレオン,变隐龙,變隱龍,变隐龙,變隱龍,变隐龙,變隱龍
Shuppet,カゲボウズ,怨影娃娃,怨影娃娃,怨影娃娃,怨影娃娃,怨影娃娃,怨影娃娃
Banette,ジュペッタ,诅咒娃娃,詛咒娃娃,诅咒娃娃,詛咒娃娃,诅咒娃娃,詛咒娃娃
Duskull,ヨマワル,夜巡灵,夜巡靈,夜骷颅,夜骷顱,夜巡灵,夜巡靈
Dusclops,サマヨール,彷徨夜灵,彷徨夜靈,夜巨人,夜巨人,彷徨夜灵,彷徨夜靈
Tropius,トロピウス,热带龙,熱帶龍,热带龙,熱帶龍,热带龙,熱帶龍
Chimecho,チリーン,风铃铃,風鈴鈴,风铃铃,風鈴鈴,风铃铃,風鈴鈴
Absol,アブソル,阿勃梭鲁,阿勃梭魯,阿勃梭鲁,阿勃梭魯,阿勃梭鲁,阿勃梭魯
Wynaut,ソーナノ,小果然,小果然,小果然,小果然,小果然,小果然
Snorunt,ユキワラシ,雪童子,雪童子,雪童子,雪童子,雪童子,雪童子
Glalie,オニゴーリ,冰鬼护,冰鬼護,冰鬼护,冰鬼護,冰鬼护,冰鬼護
Spheal,タマザラシ,海豹球,海豹球,海豹球,海豹球,海豹球,海豹球
Sealeo,トドグラー,海魔狮,海魔獅,海魔狮,海魔獅,海魔狮,海魔獅
Walrein,トドゼルガ,帝牙海狮,帝牙海獅,帝牙海狮,帝牙海獅,帝牙海狮,帝牙海獅
Clamperl,パールル,珍珠贝,珍珠貝,珍珠贝,珍珠貝,珍珠贝,珍珠貝
Huntail,ハンテール,猎斑鱼,獵斑魚,猎斑鱼,獵斑魚,猎斑鱼,獵斑魚
Gorebyss,サクラビス,樱花鱼,櫻花魚,樱花鱼,櫻花魚,樱花鱼,櫻花魚
Relicanth,ジーランス,古空棘鱼,古空棘魚,古空棘鱼,古空棘魚,古空棘鱼,古空棘魚
Luvdisc,ラブカス,爱心鱼,愛心魚,爱心鱼,愛心魚,爱心鱼,愛心魚
Bagon,タツベイ,宝贝龙,寶貝龍,宝贝龙,寶貝龍,宝贝龙,寶貝龍
Shelgon,コモルー,甲壳龙,甲殼龍,甲壳龙,甲殼龍,甲壳龙,甲殼龍
Salamence,ボーマンダ,暴飞龙,暴飛龍,暴蝾螈,暴蠑螈,暴飞龙,暴飛龍
Beldum,ダンバル,铁哑铃,鐵啞鈴,铁哑铃,鐵啞鈴,铁哑铃,鐵啞鈴
Metang,メタング,金属怪,金屬怪,金属怪,金屬怪,金属怪,金屬怪
Metagross,メタグロス,巨金怪,巨金怪,巨金怪,巨金怪,巨金怪,巨金怪
Regirock,レジロック,雷吉洛克,雷吉洛克,雷吉洛克,雷吉洛克,雷吉洛克,雷吉洛克
Regice,レジアイス,雷吉艾斯,雷吉艾斯,雷吉艾斯,雷吉艾斯,雷吉艾斯,雷吉艾斯
Registeel,レジスチル,雷吉斯奇鲁,雷吉斯奇魯,雷吉斯奇鲁,雷吉斯奇魯,雷吉斯奇鲁,雷吉斯奇魯
Latias,ラティアス,拉帝亚斯,拉帝亞斯,拉帝亚斯,拉帝亞斯,拉帝亚斯,拉帝亞斯
Latios,ラティオス,拉帝欧斯,拉帝歐斯,拉帝欧斯,拉帝歐斯,拉帝欧斯,拉帝歐斯
Kyogre,カイオーガ,盖欧卡,蓋歐卡,盖欧卡,蓋歐卡,盖欧卡,蓋歐卡
Groudon,グラードン,固拉多,固拉多,固拉多,固拉多,固拉多,固拉多
Rayquaza,レックウザ,烈空坐,烈空坐,烈空坐,烈空坐,烈空坐,烈空坐
Jirachi,ジラーチ,基拉祈,基拉祈,基拉祈,基拉祈,基拉祈,基拉祈
Deoxys,デオキシス,代欧奇希斯,代歐奇希斯,代欧奇希斯,代歐奇希斯,代欧奇希斯,代歐奇希斯
Turtwig,ナエトル,草苗龟,草苗龜,草苗龟,草苗龜,草苗龟,草苗龜
Grotle,ハヤシガメ,树林龟,樹林龜,树林龟,樹林龜,树林龟,樹林龜
Torterra,ドダイトス,土台龟,土台龜,土台龟,土台龜,土台龟,土台龜
Chimchar,ヒコザル,小火焰猴,小火焰猴,小火焰猴,小火焰猴,小火焰猴,小火焰猴
Monferno,モウカザル,猛火猴,猛火猴,猛火猴,猛火猴,猛火猴,猛火猴
Infernape,ゴウカザル,烈焰猴,烈焰猴,烈焰猴,烈焰猴,烈焰猴,烈焰猴
Piplup,ポッチャマ,波加曼,波加曼,波加曼,波加曼,波加曼,波加曼
Prinplup,ポッタイシ,波皇子,波皇子,波皇子,波皇子,波皇子,波皇子
Empoleon,エンペルト,帝王拿波,帝王拿波,帝王拿波,帝王拿波,帝王拿波,帝王拿波
Starly,ムックル,姆克儿,姆克兒,姆克儿,姆克兒,姆克儿,姆克兒
Staravia,ムクバード,姆克鸟,姆克鳥,姆克鸟,姆克鳥,姆克鸟,姆克鳥
Staraptor,ムクホーク,姆克鹰,姆克鷹,姆克鹰,姆克鷹,姆克鹰,姆克鷹
Bidoof,ビッパ,大牙狸,大牙狸,大牙狸,大牙狸,大牙狸,大牙狸
Bibarel,ビーダル,大尾狸,大尾狸,大尾狸,大尾狸,大尾狸,大尾狸
Kricketot,コロボーシ,圆法师,圓法師,圆法师,圓法師,圆法师,圓法師
Kricketune,コロトック,音箱蟀,音箱蟀,音箱蟀,音箱蟀,音箱蟀,音箱蟀
Shinx,コリンク,小猫怪,小貓怪,小猫怪,小貓怪,小猫怪,小貓怪
Luxio,ルクシオ,勒克猫,勒克貓,勒克猫,勒克貓,勒克猫,勒克貓
Luxray,レントラー,伦琴猫,倫琴貓,伦琴猫,倫琴貓,伦琴猫,倫琴貓
Budew,スボミー,含羞苞,含羞苞,含羞苞,含羞苞,含羞苞,含羞苞
Roserade,ロズレイド,罗丝雷朵,羅絲雷朵,罗丝雷朵,羅絲雷朵,罗丝雷朵,羅絲雷朵
Cranidos,ズガイドス,头盖龙,頭蓋龍,头盖龙,頭蓋龍,头盖龙,頭蓋龍
Rampardos,ラムパルド,战槌龙,戰槌龍,战槌龙,戰槌龍,战槌龙,戰槌龍
Shieldon,タテトプス,盾甲龙,盾甲龍,盾甲龙,盾甲龍,盾甲龙,盾甲龍
Bastiodon,トリデプス,护城龙,護城龍,护城龙,護城龍,护城龙,護城龍
Burmy,ミノムッチ,结草儿,結草兒,结草儿,結草兒,结草儿,結草兒
Wormadam,ミノマダム,结草贵妇,結草貴婦,结草贵妇,結草貴婦,结草贵妇,結草貴婦
Mothim,ガーメイル,绅士蛾,紳士蛾,绅士蛾,紳士蛾,绅士蛾,紳士蛾
Combee,ミツハニー,三蜜蜂,三蜜蜂,三蜜蜂,三蜜蜂,三蜜蜂,三蜜蜂
Vespiquen,ビークイン,蜂女王,蜂女王,蜂后,蜂后,蜂女王,蜂女王
Pachirisu,パチリス,帕奇利兹,帕奇利茲,帕奇利兹,帕奇利茲,帕奇利兹,帕奇利茲
Buizel,ブイゼル,泳圈鼬,泳圈鼬,泳气鼬,泳氣鼬,泳气鼬,泳氣鼬
Floatzel,フローゼル,浮潜鼬,浮潛鼬,浮潜鼬,浮潛鼬,浮潜鼬,浮潛鼬
Cherubi,チェリンボ,樱花宝,櫻花寶,樱花宝,櫻花寶,樱花宝,櫻花寶
Cherrim,チェリム,樱花儿,櫻花兒,樱花儿,櫻花兒,樱花儿,櫻花兒
Shellos,カラナクシ,无壳海兔,無殼海兔,无壳海牛,無殼海牛,无壳海牛,無殼海牛
Gastrodon,トリトドン,海兔兽,海兔獸,海牛兽,海牛獸,海牛兽,海牛獸
Ambipom,エテボース,双尾怪手,雙尾怪手,双尾怪手,雙尾怪手,双尾怪手,雙尾怪手
Drifloon,フワンテ,飘飘球,飄飄球,飘飘球,飄飄球,飘飘球,飄飄球
Drifblim,フワライド,随风球,隨風球,附和气球,附和氣球,附和气球,附和氣球
Buneary,ミミロル,卷卷耳,捲捲耳,卷卷耳,捲捲耳,卷卷耳,捲捲耳
Lopunny,ミミロップ,长耳兔,長耳兔,长耳兔,長耳兔,长耳兔,長耳兔
Mismagius,ムウマージ,梦妖魔,夢妖魔,梦妖魔,夢妖魔,梦妖魔,夢妖魔
Honchkrow,ドンカラス,乌鸦头头,烏鴉頭頭,乌鸦头头,烏鴉頭頭,乌鸦头头,烏鴉頭頭
Glameow,ニャルマー,魅力喵,魅力喵,魅力喵,魅力喵,魅力喵,魅力喵
Purugly,ブニャット,东施喵,東施喵,东施喵,東施喵,东施喵,東施喵
Chingling,リーシャン,铃铛响,鈴鐺響,铃铛响,鈴噹響,铃铛响,鈴鐺響
Stunky,スカンプー,臭鼬噗,臭鼬噗,臭鼬噗,臭鼬噗,臭鼬噗,臭鼬噗
Skuntank,スカタンク,坦克臭鼬,坦克臭鼬,坦克臭鼬,坦克臭鼬,坦克臭鼬,坦克臭鼬
Bronzor,ドーミラー,铜镜怪,銅鏡怪,铜镜怪,銅鏡怪,铜镜怪,銅鏡怪
Bronzong,ドータクン,青铜钟,青銅鐘,青铜钟,青銅鐘,青铜钟,青銅鐘
Bonsly,ウソハチ,盆才怪,盆才怪,爱哭树,愛哭樹,盆才怪,盆才怪
Mime Jr.,マネネ,魔尼尼,魔尼尼,魔尼尼,魔尼尼,魔尼尼,魔尼尼
Happiny,ピンプク,小福蛋,小福蛋,好运蛋,好運蛋,小福蛋,小福蛋
Chatot,ペラップ,聒噪鸟,聒噪鳥,聒噪鸟,聒噪鳥,聒噪鸟,聒噪鳥
Spiritomb,ミカルゲ,花岩怪,花岩怪,花岩怪,花岩怪,花岩怪,花岩怪
Gible,フカマル,圆陆鲨,圓陸鯊,圆陆鲨,圓陸鯊,圆陆鲨,圓陸鯊
Gabite,ガバイト,尖牙陆鲨,尖牙陸鯊,尖牙陆鲨,尖牙陸鯊,尖牙陆鲨,尖牙陸鯊
Garchomp,ガブリアス,烈咬陆鲨,烈咬陸鯊,烈咬陆鲨,烈咬陸鯊,烈咬陆鲨,烈咬陸鯊
Munchlax,ゴンベ,小卡比兽,小卡比獸,小卡比兽,小卡比獸,小卡比兽,小卡比獸
Riolu,リオル,利欧路,利歐路,利欧路,利歐路,利欧路,利歐路
Lucario,ルカリオ,路卡利欧,路卡利歐,路卡利欧,路卡利歐,路卡利欧,路卡利歐
Hippopotas,ヒポポタス,沙河马,沙河馬,怪河马,怪河馬,怪河马,怪河馬
Hippowdon,カバルドン,河马兽,河馬獸,河马兽,河馬獸,河马兽,河馬獸
Skorupi,スコルピ,钳尾蝎,鉗尾蠍,紫天蝎,紫天蠍,紫天蝎,紫天蠍
Drapion,ドラピオン,龙王蝎,龍王蠍,龙王蝎,龍王蠍,龙王蝎,龍王蠍
Croagunk,グレッグル,不良蛙,不良蛙,不良蛙,不良蛙,不良蛙,不良蛙
Toxicroak,ドクロッグ,毒骷蛙,毒骷蛙,毒骷蛙,毒骷蛙,毒骷蛙,毒骷蛙
Carnivine,マスキッパ,尖牙笼,尖牙籠,尖牙笼,尖牙籠,尖牙笼,尖牙籠
Finneon,ケイコウオ,荧光鱼,螢光魚,萤光鱼,螢光魚,荧光鱼,螢光魚
Lumineon,ネオラント,霓虹鱼,霓虹魚,霓虹鱼,霓虹魚,霓虹鱼,霓虹魚
Mantyke,タマンタ,小球飞鱼,小球飛魚,小球飞鱼,小球飛魚,小球飞鱼,小球飛魚
Snover,ユキカブリ,雪笠怪,雪笠怪,雪笠怪,雪笠怪,雪笠怪,雪笠怪
Abomasnow,ユキノオー,暴雪王,暴雪王,暴雪王,暴雪王,暴雪王,暴雪王
Weavile,マニューラ,玛狃拉,瑪狃拉,玛狃拉,瑪狃拉,玛狃拉,瑪狃拉
Magnezone,ジバコイル,自爆磁怪,自爆磁怪,自爆磁怪,自爆磁怪,自爆磁怪,自爆磁怪
Lickilicky,ベロベルト,大舌舔,大舌舔,大舌舔,大舌舔,大舌舔,大舌舔
Rhyperior,ドサイドン,超甲狂犀,超甲狂犀,超铁暴龙,超鐵暴龍,超铁暴龙,超鐵暴龍
Tangrowth,モジャンボ,巨蔓藤,巨蔓藤,巨蔓藤,巨蔓藤,巨蔓藤,巨蔓藤
Electivire,エレキブル,电击魔兽,電擊魔獸,电击魔兽,電擊魔獸,电击魔兽,電擊魔獸
Magmortar,ブーバーン,鸭嘴炎兽,鴨嘴炎獸,鸭嘴焰龙,鴨嘴焰龍,鸭嘴焰龙,鴨嘴焰龍
Togekiss,トゲキッス,波克基斯,波克基斯,波克基斯,波克基斯,波克基斯,波克基斯
Yanmega,メガヤンマ,远古巨蜓,遠古巨蜓,梅卡阳玛,梅卡陽瑪,梅卡阳玛,梅卡陽瑪
Leafeon,リーフィア,叶伊布,葉伊布,叶精灵,葉精靈,叶精灵,葉精靈
Glaceon,グレイシア,冰伊布,冰伊布,冰精灵,冰精靈,冰精灵,冰精靈
Gliscor,グライオン,天蝎王,天蠍王,天蝎王,天蠍王,天蝎王,天蠍王
Mamoswine,マンムー,象牙猪,象牙豬,象牙猪,象牙豬,象牙猪,象牙豬
Porygon-Z,ポリゴンＺ,多边兽Ｚ,多邊獸Ｚ,3D龙Z,3D龍Z,3D龙Z,3D龍Z
Gallade,エルレイド,艾路雷朵,艾路雷朵,艾路雷朵,艾路雷朵,艾路雷朵,艾路雷朵
Probopass,ダイノーズ,大朝北鼻,大朝北鼻,大朝北鼻,大朝北鼻,大朝北鼻,大朝北鼻
Dusknoir,ヨノワール,黑夜魔灵,黑夜魔靈,夜黑魔人,夜黑魔人,夜黑魔人,夜黑魔人
Froslass,ユキメノコ,雪妖女,雪妖女,雪妖女,雪妖女,雪妖女,雪妖女
Rotom,ロトム,洛托姆,洛托姆,洛托姆,洛托姆,洛托姆,洛托姆
Uxie,ユクシー,由克希,由克希,由克希,由克希,由克希,由克希
Mesprit,エムリット,艾姆利多,艾姆利多,艾姆利多,艾姆利多,艾姆利多,艾姆利多
Azelf,アグノム,亚克诺姆,亞克諾姆,亚克诺姆,亞克諾姆,亚克诺姆,亞克諾姆
Dialga,ディアルガ,帝牙卢卡,帝牙盧卡,帝牙卢卡,帝牙盧卡,帝牙卢卡,帝牙盧卡
Palkia,パルキア,帕路奇亚,帕路奇亞,帕路奇犽,帕路奇犽,帕路奇犽,帕路奇犽
Heatran,ヒードラン,席多蓝恩,席多藍恩,席多蓝恩,席多藍恩,席多蓝恩,席多藍恩
Regigigas,レジギガス,雷吉奇卡斯,雷吉奇卡斯,雷吉奇卡斯,雷吉奇卡斯,雷吉奇卡斯,雷吉奇卡斯
Giratina,ギラティナ,骑拉帝纳,騎拉帝納,骑拉帝纳,騎拉帝納,骑拉帝纳,騎拉帝納
Cresselia,クレセリア,克雷色利亚,克雷色利亞,克雷色利亚,克雷色利亞,克雷色利亚,克雷色利亞
Phione,フィオネ,霏欧纳,霏歐納,霏欧纳,霏歐納,霏欧纳,霏歐納
Manaphy,マナフィ,玛纳霏,瑪納霏,玛纳霏,瑪納霏,玛纳霏,瑪納霏
Darkrai,ダークライ,达克莱伊,達克萊伊,达克莱伊,達克萊伊,达克莱伊,達克萊伊
Shaymin,シェイミ,谢米,謝米,洁咪,潔咪,谢米,謝米
Arceus,アルセウス,阿尔宙斯,阿爾宙斯,阿尔宙斯,阿爾宙斯,阿尔宙斯,阿爾宙斯
Victini,ビクティニ,比克提尼,比克提尼,比克提尼,比克提尼,比克提尼,比克提尼
Snivy,ツタージャ,藤藤蛇,藤藤蛇,藤藤蛇,藤藤蛇,藤藤蛇,藤藤蛇
Servine,ジャノビー,青藤蛇,青藤蛇,青藤蛇,青藤蛇,青藤蛇,青藤蛇
Serperior,ジャローダ,君主蛇,君主蛇,君主蛇,君主蛇,君主蛇,君主蛇
Tepig,ポカブ,暖暖猪,暖暖豬,暖暖猪,暖暖豬,暖暖猪,暖暖豬
Pignite,チャオブー,炒炒猪,炒炒豬,炒炒猪,炒炒豬,炒炒猪,炒炒豬
Emboar,エンブオー,炎武王,炎武王,炎武王,炎武王,炎武王,炎武王
Oshawott,ミジュマル,水水獭,水水獺,水水獭,水水獺,水水獭,水水獺
Dewott,フタチマル,双刃丸,雙刃丸,双刃丸,雙刃丸,双刃丸,雙刃丸
Samurott,ダイケンキ,大剑鬼,大劍鬼,大剑鬼,大劍鬼,大剑鬼,大劍鬼
Patrat,ミネズミ,探探鼠,探探鼠,探探鼠,探探鼠,探探鼠,探探鼠
Watchog,ミルホッグ,步哨鼠,步哨鼠,步哨鼠,步哨鼠,步哨鼠,步哨鼠
Lillipup,ヨーテリー,小约克,小約克,小约克,小約克,小约克,小約克
Herdier,ハーデリア,哈约克,哈約克,哈约克,哈約克,哈约克,哈約克
Stoutland,ムーランド,长毛狗,長毛狗,长毛狗,長毛狗,长毛狗,長毛狗
Purrloin,チョロネコ,扒手猫,扒手貓,扒手猫,扒手貓,扒手猫,扒手貓
Liepard,レパルダス,酷豹,酷豹,酷豹,酷豹,酷豹,酷豹
Pansage,ヤナップ,花椰猴,花椰猴,花椰猴,花椰猴,花椰猴,花椰猴
Simisage,ヤナッキー,花椰猿,花椰猿,花椰猿,花椰猿,花椰猿,花椰猿
Pansear,バオップ,爆香猴,爆香猴,爆香猴,爆香猴,爆香猴,爆香猴
Simisear,バオッキー,爆香猿,爆香猿,爆香猿,爆香猿,爆香猿,爆香猿
Panpour,ヒヤップ,冷水猴,冷水猴,冷水猴,冷水猴,冷水猴,冷水猴
Simipour,ヒヤッキー,冷水猿,冷水猿,冷水猿,冷水猿,冷水猿,冷水猿
Munna,ムンナ,食梦梦,食夢夢,食梦梦,食夢夢,食梦梦,食夢夢
Musharna,ムシャーナ,梦梦蚀,夢夢蝕,梦梦蚀,夢夢蝕,梦梦蚀,夢夢蝕
Pidove,マメパト,豆豆鸽,豆豆鴿,豆豆鸽,豆豆鴿,豆豆鸽,豆豆鴿
Tranquill,ハトーボー,咕咕鸽,咕咕鴿,波波鸽,波波鴿,波波鸽,波波鴿
Unfezant,ケンホロウ,高傲雉鸡,高傲雉雞,轰隆雉鸡,轟隆雉雞,轰隆雉鸡,轟隆雉雞
Blitzle,シママ,斑斑马,斑斑馬,斑斑马,斑斑馬,斑斑马,斑斑馬
Zebstrika,ゼブライカ,雷电斑马,雷電斑馬,雷电斑马,雷電斑馬,雷电斑马,雷電斑馬
Roggenrola,ダンゴロ,石丸子,石丸子,石丸子,石丸子,石丸子,石丸子
Boldore,ガントル,地幔岩,地幔岩,地幔岩,地幔岩,地幔岩,地幔岩
Gigalith,ギガイアス,庞岩怪,龐岩怪,庞岩怪,龐岩怪,庞岩怪,龐岩怪
Woobat,コロモリ,滚滚蝙蝠,滾滾蝙蝠,滚滚蝙蝠,滾滾蝙蝠,滚滚蝙蝠,滾滾蝙蝠
Swoobat,ココロモリ,心蝙蝠,心蝙蝠,心蝙蝠,心蝙蝠,心蝙蝠,心蝙蝠
Drilbur,モグリュー,螺钉地鼠,螺釘地鼠,螺钉地鼠,螺釘地鼠,螺钉地鼠,螺釘地鼠
Excadrill,ドリュウズ,龙头地鼠,龍頭地鼠,龙头地鼠,龍頭地鼠,龙头地鼠,龍頭地鼠
Audino,タブンネ,差不多娃娃,差不多娃娃,差不多娃娃,差不多娃娃,差不多娃娃,差不多娃娃
Timburr,ドッコラー,搬运小匠,搬運小匠,搬运小匠,搬運小匠,搬运小匠,搬運小匠
Gurdurr,ドテッコツ,铁骨土人,鐵骨土人,铁骨土人,鐵骨土人,铁骨土人,鐵骨土人
Conkeldurr,ローブシン,修建老匠,修建老匠,修缮老头,修繕老頭,修缮老头,修繕老頭
Tympole,オタマロ,圆蝌蚪,圓蝌蚪,圆蝌蚪,圓蝌蚪,圆蝌蚪,圓蝌蚪
Palpitoad,ガマガル,蓝蟾蜍,藍蟾蜍,蓝蟾蜍,藍蟾蜍,蓝蟾蜍,藍蟾蜍
Seismitoad,ガマゲロゲ,蟾蜍王,蟾蜍王,蟾蜍王,蟾蜍王,蟾蜍王,蟾蜍王
Throh,ナゲキ,投摔鬼,投摔鬼,投射鬼,投射鬼,投射鬼,投射鬼
Sawk,ダゲキ,打击鬼,打擊鬼,打击鬼,打擊鬼,打击鬼,打擊鬼
Sewaddle,クルミル,虫宝包,蟲寶包,虫宝包,蟲寶包,虫宝包,蟲寶包
Swadloon,クルマユ,宝包茧,寶包繭,宝包茧,寶包繭,宝包茧,寶包繭
Leavanny,ハハコモリ,保姆虫,保母蟲,保母虫,保母蟲,保姆虫,保母蟲
Venipede,フシデ,百足蜈蚣,百足蜈蚣,百足蜈蚣,百足蜈蚣,百足蜈蚣,百足蜈蚣
Whirlipede,ホイーガ,车轮球,車輪毬,车轮球,車輪毬,车轮球,車輪毬
Scolipede,ペンドラー,蜈蚣王,蜈蚣王,蜈蚣王,蜈蚣王,蜈蚣王,蜈蚣王
Cottonee,モンメン,木棉球,木棉球,木棉球,木棉球,木棉球,木棉球
Whimsicott,エルフーン,风妖精,風妖精,风妖精,風妖精,风妖精,風妖精
Petilil,チュリネ,百合根娃娃,百合根娃娃,百合根娃娃,百合根娃娃,百合根娃娃,百合根娃娃
Lilligant,ドレディア,裙儿小姐,裙兒小姐,裙儿小姐,裙兒小姐,裙儿小姐,裙兒小姐
Basculin,バスラオ,野蛮鲈鱼,野蠻鱸魚,勇士鲈鱼,勇士鱸魚,勇士鲈鱼,勇士鱸魚
Sandile,メグロコ,黑眼鳄,黑眼鱷,黑眼鳄,黑眼鱷,黑眼鳄,黑眼鱷
Krokorok,ワルビル,混混鳄,混混鱷,混混鳄,混混鱷,混混鳄,混混鱷
Krookodile,ワルビアル,流氓鳄,流氓鱷,流氓鳄,流氓鱷,流氓鳄,流氓鱷
Darumaka,ダルマッカ,火红不倒翁,火紅不倒翁,火红不倒翁,火紅不倒翁,火红不倒翁,火紅不倒翁
Darmanitan,ヒヒダルマ,达摩狒狒,達摩狒狒,达摩狒狒,達摩狒狒,达摩狒狒,達摩狒狒
Maractus,マラカッチ,沙铃仙人掌,沙鈴仙人掌,街头沙铃,街頭沙鈴,街头沙铃,街頭沙鈴
Dwebble,イシズマイ,石居蟹,石居蟹,石居蟹,石居蟹,石居蟹,石居蟹
Crustle,イワパレス,岩殿居蟹,岩殿居蟹,岩殿居蟹,岩殿居蟹,岩殿居蟹,岩殿居蟹
Scraggy,ズルッグ,滑滑小子,滑滑小子,滑头小子,滑頭小子,滑头小子,滑頭小子
Scrafty,ズルズキン,头巾混混,頭巾混混,头巾混混,頭巾混混,头巾混混,頭巾混混
Sigilyph,シンボラー,象征鸟,象徵鳥,象征鸟,象徵鳥,象征鸟,象徵鳥
Yamask,デスマス,哭哭面具,哭哭面具,哭哭面具,哭哭面具,哭哭面具,哭哭面具
Cofagrigus,デスカーン,死神棺,死神棺,死神棺,死神棺,死神棺,死神棺
Tirtouga,プロトーガ,原盖海龟,原蓋海龜,原盖海龟,原蓋海龜,原盖海龟,原蓋海龜
Carracosta,アバゴーラ,肋骨海龟,肋骨海龜,肋骨海龟,肋骨海龜,肋骨海龟,肋骨海龜
Archen,アーケン,始祖小鸟,始祖小鳥,始祖小鸟,始祖小鳥,始祖小鸟,始祖小鳥
Archeops,アーケオス,始祖大鸟,始祖大鳥,始祖大鸟,始祖大鳥,始祖大鸟,始祖大鳥
Trubbish,ヤブクロン,破破袋,破破袋,破破袋,破破袋,破破袋,破破袋
Garbodor,ダストダス,灰尘山,灰塵山,灰尘山,灰塵山,灰尘山,灰塵山
Zorua,ゾロア,索罗亚,索羅亞,索罗亚,索羅亞,索罗亚,索羅亞
Zoroark,ゾロアーク,索罗亚克,索羅亞克,索罗亚克,索羅亞克,索罗亚克,索羅亞克
Minccino,チラーミィ,泡沫栗鼠,泡沫栗鼠,泡沫栗鼠,泡沫栗鼠,泡沫栗鼠,泡沫栗鼠
Cinccino,チラチーノ,奇诺栗鼠,奇諾栗鼠,奇诺栗鼠,奇諾栗鼠,奇诺栗鼠,奇諾栗鼠
Gothita,ゴチム,哥德宝宝,哥德寶寶,哥德宝宝,哥德寶寶,哥德宝宝,哥德寶寶
Gothorita,ゴチミル,哥德小童,哥德小童,哥德小童,哥德小童,哥德小童,哥德小童
Gothitelle,ゴチルゼル,哥德小姐,哥德小姐,哥德小姐,哥德小姐,哥德小姐,哥德小姐
Solosis,ユニラン,单卵细胞球,單卵細胞球,单卵细胞球,單卵細胞球,单卵细胞球,單卵細胞球
Duosion,ダブラン,双卵细胞球,雙卵細胞球,双卵细胞球,雙卵細胞球,双卵细胞球,雙卵細胞球
Reuniclus,ランクルス,人造细胞卵,人造細胞卵,人造细胞卵,人造細胞卵,人造细胞卵,人造細胞卵
Ducklett,コアルヒー,鸭宝宝,鴨寶寶,鸭宝宝,鴨寶寶,鸭宝宝,鴨寶寶
Swanna,スワンナ,舞天鹅,舞天鵝,首席天鹅,首席天鵝,首席天鹅,首席天鵝
Vanillite,バニプッチ,迷你冰,迷你冰,迷你冰,迷你冰,迷你冰,迷你冰
Vanillish,バニリッチ,多多冰,多多冰,多多冰,多多冰,多多冰,多多冰
Vanilluxe,バイバニラ,双倍多多冰,雙倍多多冰,双倍多多冰,雙倍多多冰,双倍多多冰,雙倍多多冰
Deerling,シキジカ,四季鹿,四季鹿,四季鹿,四季鹿,四季鹿,四季鹿
Sawsbuck,メブキジカ,萌芽鹿,萌芽鹿,芽吹鹿,芽吹鹿,芽吹鹿,芽吹鹿
Emolga,エモンガ,电飞鼠,電飛鼠,导电飞鼠,導電飛鼠,电飞鼠,電飛鼠
Karrablast,カブルモ,盖盖虫,蓋蓋蟲,盖盖虫,蓋蓋蟲,盖盖虫,蓋蓋蟲
Escavalier,シュバルゴ,骑士蜗牛,騎士蝸牛,骑士蜗牛,騎士蝸牛,骑士蜗牛,騎士蝸牛
Foongus,タマゲタケ,哎呀球菇,哎呀球菇,宝贝球菇,寶貝球菇,宝贝球菇,寶貝球菇
Amoonguss,モロバレル,败露球菇,敗露球菇,暴露菇,暴露菇,暴露菇,暴露菇
Frillish,プルリル,轻飘飘,輕飄飄,轻飘飘,輕飄飄,轻飘飘,輕飄飄
Jellicent,ブルンゲル,胖嘟嘟,胖嘟嘟,胖嘟嘟,胖嘟嘟,胖嘟嘟,胖嘟嘟
Alomomola,ママンボウ,保姆曼波,保母曼波,保母曼波,保母曼波,保姆曼波,保母曼波
Joltik,バチュル,电电虫,電電蟲,电电虫,電電蟲,电电虫,電電蟲
Galvantula,デンチュラ,电蜘蛛,電蜘蛛,电蜘蛛,電蜘蛛,电蜘蛛,電蜘蛛
Ferroseed,テッシード,种子铁球,種子鐵球,种子铁球,種子鐵球,种子铁球,種子鐵球
Ferrothorn,ナットレイ,坚果哑铃,堅果啞鈴,坚果哑铃,堅果啞鈴,坚果哑铃,堅果啞鈴
Klink,ギアル,齿轮儿,齒輪兒,齿轮儿,齒輪兒,齿轮儿,齒輪兒
Klang,ギギアル,齿轮组,齒輪組,齿轮组,齒輪組,齿轮组,齒輪組
Klinklang,ギギギアル,齿轮怪,齒輪怪,齿轮怪,齒輪怪,齿轮怪,齒輪怪
Tynamo,シビシラス,麻麻小鱼,麻麻小魚,麻麻小鱼,麻麻小魚,麻麻小鱼,麻麻小魚
Eelektrik,シビビール,麻麻鳗,麻麻鰻,麻麻鳗,麻麻鰻,麻麻鳗,麻麻鰻
Eelektross,シビルドン,麻麻鳗鱼王,麻麻鰻魚王,麻麻鳗鱼王,麻麻鰻魚王,麻麻鳗鱼王,麻麻鰻魚王
Elgyem,リグレー,小灰怪,小灰怪,小灰怪,小灰怪,小灰怪,小灰怪
Beheeyem,オーベム,大宇怪,大宇怪,大宇怪,大宇怪,大宇怪,大宇怪
Litwick,ヒトモシ,烛光灵,燭光靈,烛光灵,燭光靈,烛光灵,燭光靈
Lampent,ランプラー,灯火幽灵,燈火幽靈,灯火幽灵,燈火幽靈,灯火幽灵,燈火幽靈
Chandelure,シャンデラ,水晶灯火灵,水晶燈火靈,水晶灯火灵,水晶燈火靈,水晶灯火灵,水晶燈火靈
Axew,キバゴ,牙牙,牙牙,牙牙,牙牙,牙牙,牙牙
Fraxure,オノンド,斧牙龙,斧牙龍,斧牙龙,斧牙龍,斧牙龙,斧牙龍
Haxorus,オノノクス,双斧战龙,雙斧戰龍,双斧战龙,雙斧戰龍,双斧战龙,雙斧戰龍
Cubchoo,クマシュン,喷嚏熊,噴嚏熊,喷嚏熊,噴嚏熊,喷嚏熊,噴嚏熊
Beartic,ツンベアー,冻原熊,凍原熊,冻原熊,凍原熊,冻原熊,凍原熊
Cryogonal,フリージオ,几何雪花,幾何雪花,几何雪花,幾何雪花,几何雪花,幾何雪花
Shelmet,チョボマキ,小嘴蜗,小嘴蝸,小嘴蜗,小嘴蝸,小嘴蜗,小嘴蝸
Accelgor,アギルダー,敏捷虫,敏捷蟲,敏捷虫,敏捷蟲,敏捷虫,敏捷蟲
Stunfisk,マッギョ,泥巴鱼,泥巴魚,泥巴鱼,泥巴魚,泥巴鱼,泥巴魚
Mienfoo,コジョフー,功夫鼬,功夫鼬,功夫鼬,功夫鼬,功夫鼬,功夫鼬
Mienshao,コジョンド,师父鼬,師父鼬,师父鼬,師父鼬,师父鼬,師父鼬
Druddigon,クリムガン,赤面龙,赤面龍,赤面龙,赤面龍,赤面龙,赤面龍
Golett,ゴビット,泥偶小人,泥偶小人,泥偶小人,泥偶小人,泥偶小人,泥偶小人
Golurk,ゴルーグ,泥偶巨人,泥偶巨人,泥偶巨人,泥偶巨人,泥偶巨人,泥偶巨人
Pawniard,コマタナ,驹刀小兵,駒刀小兵,驹刀小兵,駒刀小兵,驹刀小兵,駒刀小兵
Bisharp,キリキザン,劈斩司令,劈斬司令,劈斩司令,劈斬司令,劈斩司令,劈斬司令
Bouffalant,バッフロン,爆炸头水牛,爆炸頭水牛,爆爆头水牛,爆爆頭水牛,爆爆头水牛,爆爆頭水牛
Rufflet,ワシボン,毛头小鹰,毛頭小鷹,毛头小鹰,毛頭小鷹,毛头小鹰,毛頭小鷹
Braviary,ウォーグル,勇士雄鹰,勇士雄鷹,勇士鹰,勇士鷹,勇士鹰,勇士鷹
Vullaby,バルチャイ,秃鹰丫头,禿鷹丫頭,秃鹰小子,禿鷹小子,秃鹰小子,禿鷹小子
Mandibuzz,バルジーナ,秃鹰娜,禿鷹娜,秃鹰娜,禿鷹娜,秃鹰娜,禿鷹娜
Heatmor,クイタラン,熔蚁兽,熔蟻獸,食蚁炉,食蟻爐,食蚁炉,食蟻爐
Durant,アイアント,铁蚁,鐵蟻,铁蚁,鐵蟻,铁蚁,鐵蟻
Deino,モノズ,单首龙,單首龍,单首龙,單首龍,单首龙,單首龍
Zweilous,ジヘッド,双首暴龙,雙首暴龍,双头龙,雙頭龍,双头龙,雙頭龍
Hydreigon,サザンドラ,三首恶龙,三首惡龍,三头龙,三頭龍,三头龙,三頭龍
Larvesta,メラルバ,燃烧虫,燃燒蟲,燃烧虫,燃燒蟲,燃烧虫,燃燒蟲
Volcarona,ウルガモス,火神蛾,火神蛾,火神虫,火神蟲,火神虫,火神蟲
Cobalion,コバルオン,勾帕路翁,勾帕路翁,勾帕路翁,勾帕路翁,勾帕路翁,勾帕路翁
Terrakion,テラキオン,代拉基翁,代拉基翁,代拉基翁,代拉基翁,代拉基翁,代拉基翁
Virizion,ビリジオン,毕力吉翁,畢力吉翁,毕力吉翁,畢力吉翁,毕力吉翁,畢力吉翁
Tornadus,トルネロス,龙卷云,龍捲雲,龙卷云,龍捲雲,龙卷云,龍捲雲
Thundurus,ボルトロス,雷电云,雷電雲,雷电云,雷電雲,雷电云,雷電雲
Reshiram,レシラム,莱希拉姆,萊希拉姆,雷希拉姆,雷希拉姆,雷希拉姆,雷希拉姆
Zekrom,ゼクロム,捷克罗姆,捷克羅姆,捷克罗姆,捷克羅姆,捷克罗姆,捷克羅姆
Landorus,ランドロス,土地云,土地雲,土地云,土地雲,土地云,土地雲
Kyurem,キュレム,酋雷姆,酋雷姆,酋雷姆,酋雷姆,酋雷姆,酋雷姆
Keldeo,ケルディオ,凯路迪欧,凱路迪歐,凯路迪欧,凱路迪歐,凯路迪欧,凱路迪歐
Meloetta,メロエッタ,美洛耶塔,美洛耶塔,美洛耶塔,美洛耶塔,美洛耶塔,美洛耶塔
Genesect,ゲノセクト,盖诺赛克特,蓋諾賽克特,盖诺赛克特,蓋諾賽克特,盖诺赛克特,蓋諾賽克特
Chespin,ハリマロン,哈力栗,哈力栗,哈力栗,哈力栗,哈力栗,哈力栗
Quilladin,ハリボーグ,胖胖哈力,胖胖哈力,胖胖哈力,胖胖哈力,胖胖哈力,胖胖哈力
Chesnaught,ブリガロン,布里卡隆,布里卡隆,布里卡隆,布里卡隆,布里卡隆,布里卡隆
Fennekin,フォッコ,火狐狸,火狐狸,火狐狸,火狐狸,火狐狸,火狐狸
Braixen,テールナー,长尾火狐,長尾火狐,长尾火狐,長尾火狐,长尾火狐,長尾火狐
Delphox,マフォクシー,妖火红狐,妖火紅狐,妖火红狐,妖火紅狐,妖火红狐,妖火紅狐
Froakie,ケロマツ,呱呱泡蛙,呱呱泡蛙,呱呱泡蛙,呱呱泡蛙,呱呱泡蛙,呱呱泡蛙
Frogadier,ゲコガシラ,呱头蛙,呱頭蛙,呱头蛙,呱頭蛙,呱头蛙,呱頭蛙
Greninja,ゲッコウガ,甲贺忍蛙,甲賀忍蛙,甲贺忍蛙,甲賀忍蛙,甲贺忍蛙,甲賀忍蛙
Bunnelby,ホルビー,掘掘兔,掘掘兔,掘掘兔,掘掘兔,掘掘兔,掘掘兔
Diggersby,ホルード,掘地兔,掘地兔,攉土兔,攉土兔,攉土兔,攉土兔
Fletchling,ヤヤコマ,小箭雀,小箭雀,小箭雀,小箭雀,小箭雀,小箭雀
Fletchinder,ヒノヤコマ,火箭雀,火箭雀,火箭雀,火箭雀,火箭雀,火箭雀
Talonflame,ファイアロー,烈箭鹰,烈箭鷹,烈箭鹟,烈箭鶲,烈箭鹰,烈箭鷹
Scatterbug,コフキムシ,粉蝶虫,粉蝶蟲,粉蛹,粉蛹,粉蛹,粉蛹
Spewpa,コフーライ,粉蝶蛹,粉蝶蛹,粉蝶蛹,粉蝶蛹,粉蝶蛹,粉蝶蛹
Vivillon,ビビヨン,彩粉蝶,彩粉蝶,碧粉蝶,碧粉蝶,碧粉蝶,碧粉蝶
Litleo,シシコ,小狮狮,小獅獅,小狮狮,小獅獅,小狮狮,小獅獅
Pyroar,カエンジシ,火炎狮,火炎獅,火炎狮,火炎獅,火炎狮,火炎獅
Flabébé,フラベベ,花蓓蓓,花蓓蓓,花蓓蓓,花蓓蓓,花蓓蓓,花蓓蓓
Floette,フラエッテ,花叶蒂,花葉蒂,花叶蒂,花葉蒂,花叶蒂,花葉蒂
Florges,フラージェス,花洁夫人,花潔夫人,花洁夫人,花潔夫人,花洁夫人,花潔夫人
Skiddo,メェークル,坐骑小羊,坐騎小羊,咩咩羊,咩咩羊,咩咩羊,咩咩羊
Gogoat,ゴーゴート,坐骑山羊,坐騎山羊,坐骑山羊,坐騎山羊,坐骑山羊,坐騎山羊
Pancham,ヤンチャム,顽皮熊猫,頑皮熊貓,顽皮熊猫,頑皮熊貓,顽皮熊猫,頑皮熊貓
Pangoro,ゴロンダ,流氓熊猫,流氓熊貓,流氓熊猫,流氓熊貓,流氓熊猫,流氓熊貓
Furfrou,トリミアン,多丽米亚,多麗米亞,多丽米亚,多麗米亞,多丽米亚,多麗米亞
Espurr,ニャスパー,妙喵,妙喵,妙喵,妙喵,妙喵,妙喵
Meowstic,ニャオニクス,超能妙喵,超能妙喵,超能妙喵,超能妙喵,超能妙喵,超能妙喵
Honedge,ヒトツキ,独剑鞘,獨劍鞘,独剑鞘,獨劍鞘,独剑鞘,獨劍鞘
Doublade,ニダンギル,双剑鞘,雙劍鞘,双剑鞘,雙劍鞘,双剑鞘,雙劍鞘
Aegislash,ギルガルド,坚盾剑怪,堅盾劍怪,坚盾剑怪,堅盾劍怪,坚盾剑怪,堅盾劍怪
Spritzee,シュシュプ,粉香香,粉香香,粉香香,粉香香,粉香香,粉香香
Aromatisse,フレフワン,芳香精,芳香精,芳香精,芳香精,芳香精,芳香精
Swirlix,ペロッパフ,绵绵泡芙,綿綿泡芙,绵绵泡芙,綿綿泡芙,绵绵泡芙,綿綿泡芙
Slurpuff,ペロリーム,胖甜妮,胖甜妮,胖甜妮,胖甜妮,胖甜妮,胖甜妮
Inkay,マーイーカ,好啦鱿,好啦魷,豪喇花枝,豪喇花枝,豪喇花枝,豪喇花枝
Malamar,カラマネロ,乌贼王,烏賊王,乌贼王,烏賊王,乌贼王,烏賊王
Binacle,カメテテ,龟脚脚,龜腳腳,龟脚脚,龜腳腳,龟脚脚,龜腳腳
Barbaracle,ガメノデス,龟足巨铠,龜足巨鎧,龟足巨铠,龜足巨鎧,龟足巨铠,龜足巨鎧
Skrelp,クズモー,垃垃藻,垃垃藻,垃垃藻,垃垃藻,垃垃藻,垃垃藻
Dragalge,ドラミドロ,毒藻龙,毒藻龍,毒拉蜜妮,毒拉蜜妮,毒拉蜜妮,毒拉蜜妮
Clauncher,ウデッポウ,铁臂枪虾,鐵臂槍蝦,铁臂枪虾,鐵臂槍蝦,铁臂枪虾,鐵臂槍蝦
Clawitzer,ブロスター,钢炮臂虾,鋼炮臂蝦,钢炮臂虾,鋼砲臂蝦,钢炮臂虾,鋼砲臂蝦
Helioptile,エリキテル,伞电蜥,傘電蜥,伞电蜥,傘電蜥,伞电蜥,傘電蜥
Heliolisk,エレザード,光电伞蜥,光電傘蜥,电伞查特,電傘查特,电伞查特,電傘查特
Tyrunt,チゴラス,宝宝暴龙,寶寶暴龍,宝宝暴龙,寶寶暴龍,宝宝暴龙,寶寶暴龍
Tyrantrum,ガチゴラス,怪颚龙,怪顎龍,怪颚龙,怪顎龍,怪颚龙,怪顎龍
Amaura,アマルス,冰雪龙,冰雪龍,冰雪龙,冰雪龍,冰雪龙,冰雪龍
Aurorus,アマルルガ,冰雪巨龙,冰雪巨龍,冰雪巨龙,冰雪巨龍,冰雪巨龙,冰雪巨龍
Sylveon,ニンフィア,仙子伊布,仙子伊布,仙子精灵,仙子精靈,仙子伊布,仙子伊布
Hawlucha,ルチャブル,摔角鹰人,摔角鷹人,战斗飞鸟,戰鬥飛鳥,战斗飞鸟,戰鬥飛鳥
Dedenne,デデンネ,咚咚鼠,咚咚鼠,咚咚鼠,咚咚鼠,咚咚鼠,咚咚鼠
Carbink,メレシー,小碎钻,小碎鑽,小碎钻,小碎鑽,小碎钻,小碎鑽
Goomy,ヌメラ,黏黏宝,黏黏寶,黏黏宝,黏黏寶,黏黏宝,黏黏寶
Sliggoo,ヌメイル,黏美儿,黏美兒,黏美伊儿,黏美伊兒,黏美伊儿,黏美伊兒
Goodra,ヌメルゴン,黏美龙,黏美龍,黏美露龙,黏美露龍,黏美龙,黏美龍
Klefki,クレッフィ,钥圈儿,鑰圈兒,钥圈儿,鑰圈兒,钥圈儿,鑰圈兒
Phantump,ボクレー,小木灵,小木靈,小木灵,小木靈,小木灵,小木靈
Trevenant,オーロット,朽木妖,朽木妖,朽木妖,朽木妖,朽木妖,朽木妖
Pumpkaboo,バケッチャ,南瓜精,南瓜精,南瓜精,南瓜精,南瓜精,南瓜精
Gourgeist,パンプジン,南瓜怪人,南瓜怪人,南瓜怪人,南瓜怪人,南瓜怪人,南瓜怪人
Bergmite,カチコール,冰宝,冰寶,冰宝,冰寶,冰宝,冰寶
Avalugg,クレベース,冰岩怪,冰岩怪,冰岩怪,冰岩怪,冰岩怪,冰岩怪
Noibat,オンバット,嗡蝠,嗡蝠,嗡蝠,嗡蝠,嗡蝠,嗡蝠
Noivern,オンバーン,音波龙,音波龍,音波龙,音波龍,音波龙,音波龍
Xerneas,ゼルネアス,哲尔尼亚斯,哲爾尼亞斯,哲尔尼亚斯,哲爾尼亞斯,哲尔尼亚斯,哲爾尼亞斯
Yveltal,イベルタル,伊裴尔塔尔,伊裴爾塔爾,伊裴尔塔尔,伊裴爾塔爾,伊裴尔塔尔,伊裴爾塔爾
Zygarde,ジガルデ,基格尔德,基格爾德,基格尔德,基格爾德,基格尔德,基格爾德
Diancie,ディアンシー,蒂安希,蒂安希,蒂安希,蒂安希,蒂安希,蒂安希
Hoopa,フーパ,胡帕,胡帕,胡帕,胡帕,胡帕,胡帕
Volcanion,ボルケニオン,波尔凯尼恩,波爾凱尼恩,波尔凯尼恩,波爾凱尼恩,波尔凯尼恩,波爾凱尼恩