妙蛙种子,妙蛙種子,种子,種子,種子,,,,,,
妙蛙草,妙蛙草,种子,種子,種子,,,,,,
妙蛙花,妙蛙花,种子,種子,種子,,,,,,
小火龙,小火龍,蜥蜴,蜥蜴,蜥蜴,,,,,,
火恐龙,火恐龍,火焰,火焰,火焰,,,,,,
喷火龙,噴火龍,火焰,火焰,火焰,,,,,,
杰尼龟,傑尼龜,小龟,小龜,小龜,,,,,,
卡咪龟,卡咪龜,龟,龜,龜,,,,,,
水箭龟,水箭龜,甲壳,甲殼,甲殼,,,,,,
绿毛虫,綠毛蟲,虫宝宝,蟲寶寶,蟲寶寶,被鸟宝可梦袭击时会从触角中释放出臭气抵抗，但也经常会成为鸟食。,被鳥寶可夢襲擊時，會從觸角釋放出臭氣抵抗，但還是經常淪為獵物。,被鳥寶可夢襲擊時會從觸角中釋放出臭氣抵抗，但也經常會成為鳥食。,易于捕捉，成长也快。是推荐给新手训练家作为同伴的宝可梦之一。,易於捕捉，成長速度亦快。是推薦給新手訓練家作為同伴的寶可夢之一。,易於捕捉，成長也快。是推薦給新手訓練家作為夥伴的寶可夢之一。
铁甲蛹,鐵甲蛹,蛹,蛹,蛹,壳中藏着软乎乎的身体。几乎不动是为了防止身体一不留神就露出来。,殼中塞滿了軟綿綿的身體。幾乎動也不動是為了防止身體在不留神時露出來。,殼中藏著軟乎乎的身體。幾乎不動是為了防止身體一不留神就露出來。,虽说坚硬，但还是虫的外壳。因为有时也会破裂，所以禁止用于激烈的战斗。,雖說堅硬，但還是蟲的外殼。有時還是會破裂的，所以禁止用於激烈的戰鬥。,雖說堅硬，但還是蟲的外殼。因為有時也會破裂，所以禁止用於激烈的戰鬥。
巴大蝶,巴大蝶,蝴蝶,蝴蝶,蝴蝶,仔细观察那对大眼睛的话，会发现其实是许许多多小眼睛聚集在一起形成的。,仔細觀察那雙大眼睛的話，會發現那其實是由無數小眼睛聚集在一起而形成的。,仔細觀察那對大眼睛的話，會發現其實是許許多多小眼睛聚集在一起形成的。,如果被其他宝可梦袭击，就会一边挥洒有毒的鳞粉，一边拍动翅膀抵抗。,如果被其他寶可夢襲擊，就會一邊散布有毒的鱗粉，一邊拍動翅膀抵抗。,如果被其他寶可夢襲擊，就會一邊揮灑有毒的鱗粉，一邊拍動翅膀抵抗。
独角虫,獨角蟲,毛毛虫,毛毛蟲,毛毛蟲,,,,,,
铁壳蛹,鐵殼蛹,蛹,蛹,蛹,,,,,,
大针蜂,大針蜂,毒蜂,毒蜂,毒蜂,,,,,,
波波,波波,小鸟,小鳥,小鳥,,,,,,
比比鸟,比比鳥,鸟,鳥,鳥,,,,,,
大比鸟,大比鳥,鸟,鳥,鳥,,,,,,
小拉达,小拉達,鼠,鼠,鼠,门牙会终生生长，所以必须要保养。不准备好锉刀的话，会把柱子都啃掉。,門牙會終生生長，所以要隨時保養。不幫牠準備好銼刀的話，牠就會去咬柱子來磨牙。,門牙會終生生長，所以必須要保養。不準備好銼刀的話，會把柱子都啃掉。,生命力很强，即使在肮脏的地方也能坦然生活。放任不管的话会不停繁殖。,生命力很強，即使在骯髒的地方也能安然生活。放任不管的話會不停繁殖。,生命力很強，即使在骯髒的地方也能坦然生活。放任不管的話會不停繁殖。
拉达,拉達,鼠,鼠,鼠,游泳很在行。后脚带有小小的蹼，会渡过河流，有时还会渡过大海。,擅長游泳。後腳帶有小小的足蹼，會游過河流，有時還會渡過大海。,游泳很在行。後腳帶有小小的蹼，會渡過河流，有時還會渡過大海。,性格比外表看起来凶残得多。如果把手伸到面前，或许会被一口咬断。,性格比外表看來殘暴得多。如果把手伸到牠面前，或許會被一口咬斷。,性格比外表看起來兇殘得多。如果把手伸到面前，或許會被一口咬斷。
烈雀,烈雀,小鸟,小鳥,小鳥,翅膀很短，飞行也不大在行。忙忙碌碌地来回走动，啄食草丛里的虫宝可梦。,翅膀很短，不太擅長飛行。總是忙碌地來回走動，啄食草叢裡的蟲寶可夢。,翅膀很短，飛行也不大在行。忙忙碌碌地來回走動，啄食草叢裡的蟲寶可夢。,食欲旺盛而吃得很多。因虫宝可梦而烦恼的农户对烈雀非常重视。,食欲旺盛所以很會吃。因蟲寶可夢而煩惱的農戶對烈雀非常重視。,食慾旺盛而吃得很多。因蟲寶可夢而煩惱的農戶對烈雀非常重視。
大嘴雀,大嘴雀,鸟嘴,鳥嘴,鳥嘴,因为很强壮而持久力优秀。即使载着很重的货物持续飞行一整天也平心静气。,強壯且擁有優秀的持久力。即使載著很重的貨物持續飛行一整天也沒問題。,因為很強壯而持久力優秀。即使載著很重的貨物持續飛行一整天也平心靜氣。,经查证，在遥远的太古时代壁画中描绘有形似大嘴雀的宝可梦。,經調查發現，在遙遠太古時代的壁畫描繪著形似大嘴雀的寶可夢。,經查證，在遙遠的太古時代壁畫中描繪有形似大嘴雀的寶可夢。
阿柏蛇,阿柏蛇,蛇,蛇,蛇,,,,,,
阿柏怪,阿柏怪,眼镜蛇,眼鏡蛇,眼鏡蛇,,,,,,
皮卡丘,皮卡丘,鼠,鼠,鼠,最近发表了聚集大量皮卡丘，建造发电厂的计划。,最近發表了聚集大量皮卡丘來建造發電廠的計畫。,最近發表了聚集大量皮卡丘，建造發電廠的計劃。,有积聚电力的特质。不时常尽情释放电力的话，就会倍感压力。,有積聚電力的特質。不時常盡情釋放電力的話，就會倍感壓力。,有積聚電力的特質。不時常盡情釋放電力的話，就會倍感壓力。
雷丘,雷丘,鼠,鼠,鼠,电击有时候会达到十万伏特，不小心碰到的话，连印度象也会昏厥。,電擊有時候會達到十萬伏特，不小心碰到的話，連印度象也會昏厥。,電擊有時候會達到十萬伏特，不小心碰到的話，連印度象也會昏厥。,电力积聚的话，脾气就会变坏。即便是训练家，一不留神也会被袭击。,電力積聚的話，脾氣就會變壞。即使是訓練家，一不留神也會被襲擊。,電力積聚的話，脾氣就會變壞。即便是訓練家，一不留神也會被襲擊。
穿山鼠,穿山鼠,鼠,鼠,鼠,可以蜷缩身体变成球的样子。骨碌碌滚动着在沙漠里高速移动。,可以蜷縮身體變成球的樣子。骨碌碌滾動著，在沙漠裡高速移動。,可以蜷縮身體變成球的樣子。骨碌碌滾動著在沙漠裡高速移動。,不下雨的干燥地区和沙漠是它的主要栖息地。会挖洞捕捉虫宝可梦。,不下雨的乾燥地區和沙漠是牠的主要棲息地。會挖洞捕捉蟲寶可夢。,不下雨的乾燥地區和沙漠是它的主要棲息地。會挖洞捕捉蟲寶可夢。
穿山王,穿山王,鼠,鼠,鼠,虽然锐利却有点儿脆弱的爪子和刺经常会折断。因为第二天就会长好，所以不必在意。,銳利卻有點脆弱的爪子和尖刺經常折斷。但因為第二天就會長回來，所以不必在意。,雖然銳利卻有點兒脆弱的爪子和刺經常會折斷。因為第二天就會長好，所以不必在意。,用爪子爬上树，当猎物出现时，身体就蜷缩成尖刺球从高处落下。,用爪子爬上樹，當獵物出現時，身體就蜷縮成尖刺球從高處落下。,用爪子爬上樹，當獵物出現時，身體就蜷縮成尖刺球從高處落下。
尼多兰,尼多蘭,毒针,毒針,毒針,,,,,,
尼多娜,尼多娜,毒针,毒針,毒針,,,,,,
尼多后,尼多后,钻锥,鑽錐,鑽錐,,,,,,
尼多朗,尼多朗,毒针,毒針,毒針,,,,,,
尼多力诺,尼多力諾,毒针,毒針,毒針,,,,,,
尼多王,尼多王,钻锥,鑽錐,鑽錐,,,,,,
皮皮,皮皮,妖精,妖精,妖精,因为可爱的举止和样子，不论男女老幼都很喜欢它。但数量稀少。,因為可愛的舉止和模樣，不論男女老幼都很喜歡牠。但數量很稀少。,因為可愛的舉止和樣子，不論男女老幼都很喜歡它。但數量稀少。,在月圆之夜聚集，和伙伴一起跳舞。那周围也会被异常的磁场包围。,在月圓之夜聚集，和夥伴一起跳舞。周圍被異常的磁場包圍著。,在月圓之夜聚集，和夥伴一起跳舞。那周圍也會被異常的磁場包圍。
皮可西,皮可西,妖精,妖精,妖精,不喜欢在人面前现身。喜欢群居在深山里静静地生活。,不喜歡在人面前現身。喜歡群居在深山裡靜靜地生活。,不喜歡在人面前現身。喜歡群居在深山裡靜靜地生活。,据说，如果看到一对皮可西蹦蹦跳跳的样子，就能获得幸福的婚姻。,據說，如果看到一對皮可西蹦蹦跳跳的樣子，就能獲得幸福的婚姻。,據說，如果看到一對皮可西蹦蹦跳跳的樣子，就能獲得幸福的婚姻。
六尾,六尾,狐狸,狐狸,狐狸,因为毛色和尾巴非常漂亮，所以很有人气。伴随着成长，尾巴会分开，长得越来越多。,因為毛色和尾巴非常漂亮，所以很受歡迎。伴隨著成長，尾巴會分開，長得越來越多。,因為毛色和尾巴非常漂亮，所以很有人氣。伴隨著成長，尾巴會分開，長得越來越多。,因为会从口中喷出好像人的灵魂一样的火焰，所以也有人把它错看成妖怪。,因為會從口中噴出好像人的靈魂一樣的火焰，所以也有人把牠錯看成鬼怪。,因為會從口中噴出好像人的靈魂一樣的火焰，所以也有人把它錯看成妖怪。
九尾,九尾,狐狸,狐狸,狐狸,至今还流传着９位圣者合体变成九尾的传说，是充满神秘色彩的宝可梦。,至今還流傳著９位聖者合體變成九尾的傳說，是充滿神秘色彩的寶可夢。,至今還流傳著９位聖者合體變成九尾的傳說，是充滿神秘色彩的寶可夢。,据说生存了１０００年。利用神通力自由地操纵火焰，将猎物烧焦。,據說生存了１０００年。利用神通力自由地操縱火焰，將獵物燒焦。,據說生存了１０００年。利用神通力自由地操縱火焰，將獵物燒焦。
胖丁,胖丁,气球,氣球,氣球,把肚子鼓得大大的，唱出神奇的旋律。听到后就会马上昏昏欲睡。,讓肚子脹得大大的，唱出神奇的旋律。聽到後就會馬上變得昏昏欲睡。,把肚子鼓得大大的，唱出神奇的旋律。聽到後就會馬上昏昏欲睡。,拥有超过１２个音阶的音域，至于歌唱得好不好就要靠胖丁们各自努力了。,擁有超過１２個八度音的音域，不過歌唱得好不好就要看每隻胖丁自己努力的程度了。,擁有超過１２個音階的音域，至於歌唱得好不好就要靠胖丁們各自努力了。
胖可丁,胖可丁,气球,氣球,氣球,蓬松的毛发会随着季节转换而掉落。收集这些毛发后纺织成的毛线是高级商品。,蓬鬆的毛髮會隨季節變遷而掉落。收集這些毛髮所紡織成的毛線是高級商品。,蓬鬆的毛髮會隨著季節轉換而掉落。收集這些毛髮後紡織成的毛線是高級商品。,连续不停吸气，不断地膨胀起来。胖可丁之间会互相比较谁胀得大哦。,連續不停吸氣，不斷地膨脹起來。胖可丁之間會互相比試誰脹得比較大哦。,連續不停吸氣，不斷地膨脹起來。胖可丁之間會互相比較誰脹得大哦。
超音蝠,超音蝠,蝙蝠,蝙蝠,蝙蝠,白天在洞穴里睡觉。因为没有眼睛，所以用超音波一边探测周围，一边飞行。,白天在洞穴裡睡覺。由於沒有眼睛，會利用超音波一邊確認周圍環境一邊飛行。,白天在洞穴裡睡覺。因為沒有眼睛，所以用超音波一邊探測周圍，一邊飛行。,如果被阳光照射到就会灼伤。所使用的超音波的振动会因群体不同而有细微差异。,如果被陽光照射到就會灼傷。所使用的超音波的振動會因群體不同而有細微差異。,如果被陽光照射到就會灼傷。所使用的超音波的振動會因群體不同而有細微差異。
大嘴蝠,大嘴蝠,蝙蝠,蝙蝠,蝙蝠,粗粗的牙齿像吸管一样，中间是空的，因而意想不到的脆弱。是为了吸血而特别进化的。,粗粗的牙齒像吸管一樣是中空的，所以意想不到地脆弱。這牙齒是專為吸血而演變而成的。,粗粗的牙齒像吸管一樣，中間是空的，因而意想不到的脆弱。是為了吸血而特別進化的。,因吸血过多无法飞行而落到地面成为其他宝可梦的食物，这样的事也有过。,也有發生過因吸血過多無法飛行而落到地面成為其他寶可夢的食物的事情。,因吸血過多無法飛行而落到地面成為其他寶可夢的食物，這樣的事也有過。
走路草,走路草,杂草,雜草,雜草,,,,,,
臭臭花,臭臭花,杂草,雜草,雜草,,,,,,
霸王花,霸王花,花,花,花,,,,,,
派拉斯,派拉斯,蘑菇,蘑菇,蘑菇,即使不停地吃，获取的营养也几乎都会被背上生长的蘑菇夺走。,即使不停地吃，不停地吃，大部分攝取的營養都會被生長在背上的蘑菇奪走。,即使不停地吃，獲取的營養也幾乎都會被背上生長的蘑菇奪走。,背上生长的被称为冬虫夏草的蘑菇是长寿之药。干燥后磨成粉末使用。,背上生長蘑菇被稱為冬蟲夏草，是一種能延年益壽的藥。乾燥後磨成粉末使用。,背上生長的被稱為冬蟲夏草的蘑菇是長壽之藥。乾燥後磨成粉末使用。
派拉斯特,派拉斯特,蘑菇,蘑菇,蘑菇,大大的蘑菇操纵着派拉斯特。经常和灯罩夜菇争夺领地。,大大的蘑菇操縱著派拉斯特。經常和燈罩夜菇爭奪地盤。,大大的蘑菇操縱著派拉斯特。經常和燈罩夜菇爭奪領地。,从蘑菇的菌伞处撒出有毒的孢子。收集孢子用水煎就能成为中药。,從蘑菇的菌傘處撒出有毒的孢子。收集孢子用水煎就能成為中藥。,從蘑菇的菌傘處撒出有毒的孢子。收集孢子用水煎就能成為中藥。
毛球,毛球,昆虫,昆蟲,昆蟲,,,,,,
摩鲁蛾,摩魯蛾,毒蛾,毒蛾,毒蛾,,,,,,
地鼠,地鼠,鼹鼠,鼴鼠,鼴鼠,在地下啃食树根。因有些品种的蔬菜会遭其啃食，是可能对农户造成灾害的宝可梦。,會在地下嚼食樹根。根據種植的蔬菜品種不同，有時會對農家造成災害的寶可夢。,在地下啃食樹根。因有些品種的蔬菜會遭其啃食，是可能對農戶造成災害的寶可夢。,地鼠会疏松栖息的土地，其粪便也会让土壤肥沃，所以很多农户会精心培育它们。,地鼠棲息的土地會被翻掘，並因糞便而變得肥沃，所以很多農戶把牠們當成寶貝培育著。,地鼠會疏鬆棲息的土地，其糞便也會讓土壤肥沃，所以很多農戶會精心培育它們。
三地鼠,三地鼠,鼹鼠,鼴鼠,鼴鼠,三胞胎合作行动。甚至连地下１００公里都能挖到，这种力量是团队合作的成果。,三胞胎合作行動。足以挖到地下１００公里深的力量是團隊合作的成果。,三胞胎合作行動。甚至連地下１００公里都能挖到，這種力量是團隊合作的成果。,和农户等大多数人都很亲近，不过还是没有人见过它在地面下的样子。,和農戶等大多數人都很親近，不過還是沒有人見過牠在地面下的樣子。,和農戶等大多數人都很親近，不過還是沒有人見過它在地面下的樣子。
喵喵,喵喵,妖怪猫,妖怪貓,妖怪貓,白天就一直睡啊睡地度过，太阳落山时才开始活动。在夜晚的街道上搜寻硬币。,總是懶懶地睡著度過白天，太陽下山時才開始活動。會在夜晚的街道上搜尋硬幣。,白天就一直睡啊睡地度過，太陽落山時才開始活動。在夜晚的街道上搜尋硬幣。,非常喜欢闪闪亮亮的东西。经常和黑暗鸦为了争夺猎物而打架。,非常喜歡亮晶晶的東西。經常和黑暗鴉為了爭奪獵物而打架。,非常喜歡閃閃亮亮的東西。經常和黑暗鴉為了爭奪獵物而打架。
猫老大,貓老大,暹罗猫,暹羅貓,暹羅貓,性情粗暴，只要视线对上就会猛扑过来。被锐利的爪子抓到的话，就会留下很深的伤口。,性情粗暴，單單是視線對上就會猛撲過來。被銳利的爪子抓到的話，就會留下很深的傷口。,性情粗暴，只要視線對上就會猛撲過來。被銳利的爪子抓到的話，就會留下很深的傷口。,还没有达到阿罗拉的猫老大的地位，但是性情傲慢自大。要和它变得亲密相当困难。,還沒有達到阿羅拉的貓老大的程度，但是性情傲慢自大。要和牠變得親密相當困難。,還沒有達到阿羅拉的貓老大的地位，但是性情傲慢自大。要和它變得親密相當困難。
可达鸭,可達鴨,鸭,鴨,鴨,不受自己控制，时不时地会产生念力，导致头痛流泪。,身體無意識地不時產生念力，讓牠因為頭痛而哭泣。,不受自己控制，時不時地會產生念力，導致頭痛流淚。,一直因头痛而烦恼着。痛得越厉害，放出的念力越强。,一直因頭痛而煩惱著。痛得越厲害，放出的念力越強。,一直因頭痛而煩惱著。痛得越厲害，放出的念力越強。
哥达鸭,哥達鴨,鸭,鴨,鴨,据说戴着额头红色的部分就会被赋予神通力，过去也曾因此被人类过度捕捉。,據說只有持有牠前額的紅色部分就會被授予神通力。這讓牠曾有過被濫捕的過去。,據說戴著額頭紅色的部分就會被賦予神通力，過去也曾因此被人類過度捕捉。,在湖边游来游去，在岸边静静地啃食捕捉到的鱼宝可梦。,在湖邊游來游去，在岸邊靜靜地吃著捕捉到的魚寶可夢。,在湖邊游來游去，在岸邊靜靜地啃食捕捉到的魚寶可夢。
猴怪,猴怪,猪猴,豬猴,豬猴,会没有任何征兆突然发怒。如果大肆胡闹后谁都不在了的话，又会因无法忍受孤独而再次发怒。,會沒有任何徵兆突然發怒。大肆胡鬧把周圍的一切都趕走之後，又會因受不了孤獨而再次發怒。,會沒有任何徵兆突然發怒。如果大肆胡鬧後誰都不在了的話，又會因無法忍受孤獨而再次發怒。,发泄完怒气后累得睡着了，却在梦里发怒而醒来，于是又因为醒来而再次发怒了。,發洩完怒氣後累得睡著了，但卻在夢裡生氣而醒來，然後又因為醒來而再次發怒了。,發泄完怒氣後累得睡著了，卻在夢裡發怒而醒來，於是又因為醒來而再次發怒了。
火暴猴,火爆猴,猪猴,豬猴,豬猴,因为太过生气以致于就这么死去，这种事也是有的。但死的时候表情很安详。,因為太過生氣而就這樣死去，這樣的事也是有的。但死的時候表情很安詳。,因為太過生氣以致於就這麼死去，這種事也是有的。但死的時候表情很安詳。,根据某位研究者的论文，即使在精灵球里，火暴猴好像也在发怒。,某位研究者的學說中提到，即使在精靈球裡，火爆猴好像也在發怒。,根據某位研究者的論文，即使在精靈球裡，火爆猴好像也在發怒。
卡蒂狗,卡蒂狗,小狗,小狗,小狗,机灵而忠诚。但是对于不认识的或是侵犯领地的，会狂吠不停并作出威吓。,聰明而忠誠。但是遇到不認識或是侵犯領地的對手，會不停狂吠來威嚇。,機靈而忠誠。但是對於不認識的或是侵犯領地的，會狂吠不停並作出威嚇。,虽说很可爱，但如果靠近不认识的训练家的卡蒂狗，是会被狂吠撕咬的。,雖說很可愛，但如果靠近不認識的訓練家的卡蒂狗，是會被狂吠撕咬的。,雖說很可愛，但如果靠近不認識的訓練家的卡蒂狗，是會被狂吠撕咬的。
风速狗,風速狗,传说,傳說,傳說,在东方的古代传说中也会出现。充满威严，强壮而又美丽的宝可梦。,在東方的古代傳說中也曾出現。充滿威嚴，強壯而又美麗的寶可夢。,在東方的古代傳說中也會出現。充滿威嚴，強壯而又美麗的寶可夢。,把体内熊熊燃烧的火焰作为能量在大地奔驰。留下了大量的传说。,把體內熊熊燃燒的火焰作為能量在大地奔馳。留下了大量的傳說。,把體內熊熊燃燒的火焰作為能量在大地奔馳。留下了大量的傳說。
蚊香蝌蚪,蚊香蝌蚪,蝌蚪,蝌蚪,蝌蚪,漩涡是透明可见的内脏。当颜色带有白色时，说明是生什么病了。,漩渦是透明可見的內臟。當顏色帶有白色時，代表是有什麼地方生病了。,漩渦是透明可見的內臟。當顏色帶有白色時，說明是生什麼病了。,走路还是很不利索。成为它的训练家后，要每天都给它做走路训练。,走路還是很不純熟。成為牠的訓練家後，要每天給牠做走路訓練哦。,走路還是很不利索。成為它的訓練家後，要每天都給它做走路訓練。
蚊香君,蚊香君,蝌蚪,蝌蚪,蝌蚪,即使在陆地上也能正常生活，但因为天敌的宝可梦较少，所以更喜欢在水中生活。,即使在陸地上也能正常生活，但因為天敵較少，所以更喜歡在水中生活。,即使在陸地上也能正常生活，但因為天敵的寶可夢較少，所以更喜歡在水中生活。,在陆地上四处游走，搜寻猎物——虫宝可梦。回到安全的水中食用。,在陸地上到處走著，搜尋愛吃的蟲寶可夢，然後回到安全的水中享用。,在陸地上四處遊走，搜尋獵物——蟲寶可夢。回到安全的水中食用。
蚊香泳士,蚊香泳士,蝌蚪,蝌蚪,蝌蚪,阿罗拉的蚊香泳士擅长蛙泳。模仿蚊香泳士学习游泳的孩子也很多。,阿羅拉的蚊香泳士擅長蛙泳。模仿蚊香泳士學習游泳的孩子也有很多。,阿羅拉的蚊香泳士擅長蛙泳。模仿蚊香泳士學習游泳的孩子也很多。,体脂率基本是０％。因全身都是肌肉且很重，所以游泳能力很发达。,體脂肪率基本是０％。因全身都是肌肉而且很重，所以游泳能力很發達。,體脂率基本是０％。因全身都是肌肉且很重，所以游泳能力很發達。
凯西,凱西,念力,念力,念力,１天中有１８个小时在睡觉。即使睡着，也能用瞬间移动在树上移动，采树果吃。,１天中有１８個小時都在睡覺。即使在睡夢中也能用瞬間移動跑到樹上去採樹果吃。,１天中有１８個小時在睡覺。即使睡著，也能用瞬間移動在樹上移動，采樹果吃。,即使是睡着的时候也会用瞬间移动保护身体，但醒来时会因不知自己在何处而慌张。,即使在睡著的時候也會用瞬間移動保護自己的安全，但醒來時會因不知自己在何處而慌張。,即使是睡著的時候也會用瞬間移動保護身體，但醒來時會因不知自己在何處而慌張。
勇基拉,勇基拉,念力,念力,念力,也有说是超能力少年无法抑制自己体内的精神力量，变身而成。,也有說法是說，牠是超能力少年因無法抑制自己體內的精神力量而變身成的。,也有說是超能力少年無法抑制自己體內的精神力量，變身而成。,勇基拉在的时候，电视机等机械的显示器中会有召唤不幸的可怕影像闪现。,勇基拉在的時候，電視機等機械的螢幕中會有喚來不幸的可怕影像閃現。,勇基拉在的時候，電視機等機械的顯示器中會有召喚不幸的可怕影像閃現。
胡地,胡地,念力,念力,念力,智商大约有５０００。强大的念力满溢出来，光是呆在旁边就会头痛不已。,智商大約有５０００。滿溢著強大的念力，光是在牠身旁就會頭痛不已。,智商大約有５０００。強大的念力滿溢出來，光是呆在旁邊就會頭痛不已。,脑细胞会终生不断增长。越是年老的胡地越是会有巨大的脑袋。,腦細胞到死前都會不斷地增加。越年老的胡地頭部就越巨大。,腦細胞會終生不斷增長。越是年老的胡地越是會有巨大的腦袋。
腕力,腕力,怪力,怪力,怪力,非常喜欢锻炼。盯着自己每天不断增大的肌肉，愈加勤奋地锻炼。,最喜歡鍛煉。盯著每天不斷增大的肌肉，就會越來越勤奮地鍛煉自己。,非常喜歡鍛鍊。盯著自己每天不斷增大的肌肉，愈加勤奮地鍛鍊。,那种能扔飞１００个成年人的可怕力量是通过每天上举隆隆石来练成的。,那種能扔飛１００個成年人的可怕力量是透過每天舉隆隆石來練成的。,那種能扔飛１００個成年人的可怕力量是通過每天上舉隆隆石來練成的。
豪力,豪力,怪力,怪力,怪力,不断锻炼的结果就是拥有了非常惊人的力量。灵活运用这力量帮助人类工作。,不斷鍛煉的成果就是獲得了非常驚人的力量。會靈活運用這股力量幫助人工作。,不斷鍛鍊的結果就是擁有了非常驚人的力量。靈活運用這力量幫助人類工作。,积极地帮忙做重体力劳动，因为知道这会成为对自己有用的肌肉锻炼。,會積極地幫忙做重體力勞動，因為牠知道這對自己來說是很好的肌肉鍛鍊方法。,積極地幫忙做重體力勞動，因為知道這會成為對自己有用的肌肉鍛鍊。
怪力,怪力,怪力,怪力,怪力,使出百万吨级的拳击，将阻挡的敌人击飞到地平线的另一端。,能使出百萬噸級的拳擊，將擋路的敵人擊飛到地平線的另一端。,使出百萬噸級的拳擊，將阻擋的敵人擊飛到地平線的另一端。,即使是翻斗车也能轻松举起。但是手指很笨拙，所以细微的工作完全不行。,即使是大卡車也能輕鬆舉起。但是手指很笨拙，所以細微的工作完全不行。,即使是翻斗車也能輕鬆舉起。但是手指很笨拙，所以細微的工作完全不行。
喇叭芽,喇叭芽,花,花,花,,,,,,
口呆花,口呆花,捕蝇,捕蠅,捕蠅,,,,,,
大食花,大食花,捕蝇,捕蠅,捕蠅,,,,,,
玛瑙水母,瑪瑙水母,水母,水母,水母,在沙滩等地方晒干后，依然能存活的情况也有很多。泡在水里的话就会湿润复活。,就算在沙灘等地方曬得乾乾的，在很多情況下依然可以存活。泡在水裡就會回復濕潤而復活了。,在沙灘等地方曬乾後，依然能存活的情況也有很多。泡在水裡的話就會濕潤復活。,漂浮在沙滩等浅滩地区。一旦被有毒的触手刺到或是被咬到，就要立刻去医院。,漂浮在沙灘等淺灘地區。要是被牠有毒的觸手刺到或是被咬到，就趕快去醫院吧。,漂浮在沙灘等淺灘地區。一旦被有毒的觸手刺到或是被咬到，就要立刻去醫院。
毒刺水母,毒刺水母,水母,水母,水母,有毒的触手通常是８０根。活得越久，触手的数量就越会减少。,有毒的觸手通常有８０根。活得越久，觸手的數量就越少。,有毒的觸手通常是８０根。活得越久，觸手的數量就越會減少。,很罕见地大量出现时，周围海域的鱼宝可梦会变得一只都不剩。,罕見地大量出現時，周圍海域的魚寶可夢會一隻不剩地全部消失。,很罕見地大量出現時，周圍海域的魚寶可夢會變得一隻都不剩。
小拳石,小拳石,岩石,岩石,岩石,圆圆的很容易拿，但要互相扔的话，又硬又重。像打雪仗那样扔着玩会很危险。,圓圓的很容易拿在手裡，但要拿來互相投擲的話就太硬太重了。像打雪仗般互相投擲的話是很危險的。,圓圓的很容易拿，但要互相扔的話，又硬又重。像打雪仗那樣扔著玩會很危險。,那儿的路边要多少有多少。有空的学者试着数了数，１条路上有１００只。,在路邊隨處可見。有空的學者試著數了一下，光是１條路上就有１００隻。,那兒的路邊要多少有多少。有空的學者試著數了數，１條路上有１００只。
隆隆石,隆隆石,岩石,岩石,岩石,非常喜欢吃长有苔藓的岩石。发着嘎吱嘎吱的声音，１天吃１吨以上。,最喜歡的食物是長有青苔的岩石。吃的時候會發出咯吱咯吱的聲音，每天會吃１噸以上。,非常喜歡吃長有苔蘚的岩石。發著嘎吱嘎吱的聲音，１天吃１噸以上。,因腿脚笨拙而把身体蜷成一团翻滚着移动。蓄势而发的话，时速能超过１００千米。,因腿腳笨拙而把身體蜷成一團翻滾著移動。滾出勢頭來的話，時速能超過１００公里。,因腿腳笨拙而把身體蜷成一團翻滾著移動。蓄勢而發的話，時速能超過１００千米。
隆隆岩,隆隆岩,重量级,重量級,重量級,即使用炸药爆破身体也毫发无伤，但非常讨厌湿气和雨。,堅硬的身體就算被炸藥爆破也能毫無損傷，但最討厭濕氣和雨水。,即使用炸藥爆破身體也毫髮無傷，但非常討厭濕氣和雨。,１年蜕１次皮。蜕下的壳掉到土里会让土壤肥沃，因此农户会收集起来。,每年脫皮１次。脫下的皮掉到土裡可讓土壤肥沃，因此農戶便會將它收集起來。,１年蛻１次皮。蛻下的殼掉到土裡會讓土壤肥沃，因此農戶會收集起來。
小火马,小火馬,火马,火馬,火馬,,,,,,
烈焰马,烈焰馬,火马,火馬,火馬,,,,,,
呆呆兽,呆呆獸,憨憨,憨憨,憨憨,长长的尾巴经常被揪断。因为也不会觉得特别痛，马上会长出来，所以并不在意。,長長的尾巴經常斷掉。因為不會感到什麼疼痛，而且馬上又會長出來，所以並不在意。,長長的尾巴經常被揪斷。因為也不會覺得特別痛，馬上會長出來，所以並不在意。,把呆呆兽的尾巴晒干后再用盐水煮成的小菜，是阿罗拉的家常美味。,把呆呆獸的尾巴曬乾再用鹽水煮成的小菜，是阿羅拉的家常美味。,把呆呆獸的尾巴曬乾後再用鹽水煮成的小菜，是阿羅拉的家常美味。
呆壳兽,呆殼獸,寄居蟹,寄居蟹,寄居蟹,呆呆地望着大海。因大舌贝的毒在身体中循环而变得越来越傻乎乎。,呆呆地遠望著大海。大舌貝的毒因為在身體中循環，變得越來越呆呆笨笨的。,呆呆地望著大海。因大舌貝的毒在身體中循環而變得越來越傻乎乎。,每次大舌贝狠狠咬下去的瞬间会有什么在脑海中闪过，但转瞬之间就全部忘光了。,每次大舌貝狠狠咬下去的瞬間會有什麼在腦海中閃過，但轉瞬之間就全部忘光了。,每次大舌貝狠狠咬下去的瞬間會有什麼在腦海中閃過，但轉瞬之間就全部忘光了。
小磁怪,小磁怪,磁铁,磁鐵,磁鐵,聚集在有电的地方。也会密密麻麻地贴在输送电力的铁塔等地方。,會群集在有電力的地方。有時還會成群緊貼在輸送電力的鐵塔等地方。,聚集在有電的地方。也會密密麻麻地貼在輸送電力的鐵塔等地方。,释放出电磁波，在空中飘浮。如果在吞食电力的时候触碰它，就会全身被电得噼里啪啦的。,釋放出電磁波，在空中飄浮。如果在牠吞食電力的時候碰牠，全身就會被電得劈哩啪啦的。,釋放出電磁波，在空中飄浮。如果在吞食電力的時候觸碰它，就會全身被電得噼裡啪啦的。
三合一磁怪,三合一磁怪,磁铁,磁鐵,磁鐵,连接的时候，３只小磁怪的脑袋也会连成一体。但并不会变得３倍聪明。,結合的時候，３隻小磁怪的腦袋也會連成一個。但並不會變得３倍聰明。,連接的時候，３只小磁怪的腦袋也會連成一體。但並不會變得３倍聰明。,大约有小磁怪３倍的电力。不知为何会在太阳黑子多的时候大量出现。,大約有小磁怪３倍的電力。太陽黑子多的時候，不知為何會大量出現。,大約有小磁怪３倍的電力。不知為何會在太陽黑子多的時候大量出現。
大葱鸭,大蔥鴨,黄嘴鸭,黃嘴鴨,黃嘴鴨,,,,,,
嘟嘟,嘟嘟,两头鸟,兩頭鳥,兩頭鳥,,,,,,
嘟嘟利,嘟嘟利,三头鸟,三頭鳥,三頭鳥,,,,,,
小海狮,小海獅,海狮,海獅,海獅,,,,,,
白海狮,白海獅,海狮,海獅,海獅,,,,,,
臭泥,臭泥,污泥,污泥,污泥,工厂排放的污泥废液是其主要的饵料。最近数量减少了。,主要的食物是工廠排放的污泥廢液。最近數量減少了。,工廠排放的污泥廢液是其主要的餌料。最近數量減少了。,污泥沐浴了来自月亮的Ｘ射线后，发生变化而诞生的。身体的细菌如果减少就会死亡。,照射了來自月亮的Ｘ射線後，污泥發生變化而誕生。身體的細菌如果減少就會死亡。,污泥沐浴了來自月亮的Ｘ射線後，發生變化而誕生的。身體的細菌如果減少就會死亡。
臭臭泥,臭臭泥,污泥,污泥,污泥,总之就是臭得鼻子都不敢呼吸。但是也存在着部分觉得这味道很不错的臭臭泥爱好者。,總之就是臭得讓人不敢用鼻子呼吸。但是也存在著少數覺得這味道很不錯的臭臭泥愛好者。,總之就是臭得鼻子都不敢呼吸。但是也存在著部分覺得這味道很不錯的臭臭泥愛好者。,在环境治理后的现在，明显已经看不到它们的身影了。据说早晚会灭绝。,經過環境整治後，最近已經很難看到牠的身影了。據說早晚會滅絕。,在環境治理後的現在，明顯已經看不到它們的身影了。據說早晚會滅絕。
大舌贝,大舌貝,双壳贝,雙殼貝,雙殼貝,壳的硬度超过钻石。过去，人们会收集壳来做成盾牌。,殼的硬度超越鑽石。古時的人會收集殼來做成盾牌。,殼的硬度超過鑽石。過去，人們會收集殼來做成盾牌。,灵活地运用一直伸着的舌头挖掘海底的沙子，寻找食物。,靈活運用總是伸出的舌頭挖掘海底的沙子，尋找食物。,靈活地運用一直伸著的舌頭挖掘海底的沙子，尋找食物。
刺甲贝,刺甲貝,双壳贝,雙殼貝,雙殼貝,坚硬的外壳连燃烧弹也无法击碎。壳中的正身至今不明。,堅硬的外殼連凝固汽油彈也無法擊碎。殼裡的真面目至今仍然不得而知。,堅硬的外殼連燃燒彈也無法擊碎。殼中的正身至今不明。,从狩猎民族的古墓中大量出土了使用壳上拔下的尖刺制造而成的长矛。,從狩獵民族的古墓中大量出土了使用殼上拔下的尖刺製造而成的長矛。,從狩獵民族的古墓中大量出土了使用殼上拔下的尖刺製造而成的長矛。
鬼斯,鬼斯,气体状,氣體狀,氣體狀,如果在已成废墟的建筑物里亮着怪异的光，说明那里潜藏着鬼斯。,如果在已成廢墟的建築物裡亮著怪異的光，代表那裡潛藏著鬼斯。,如果在已成廢墟的建築物裡亮著怪異的光，說明那裡潛藏著鬼斯。,它的样子几乎看不到，但鬼斯一旦出现，附近就会发出淡淡的甜香味。,幾乎沒人能看到鬼斯的模樣，但牠在近處出現時，會聞到淡淡的甜香味。,它的樣子幾乎看不到，但鬼斯一旦出現，附近就會發出淡淡的甜香味。
鬼斯通,鬼斯通,气体状,氣體狀,氣體狀,从阴暗处袭击人类。如果被其冰冷的舌头舔到，就会一天天虚弱至死。,會從陰暗處襲擊人類。如果被其冰冷的舌頭舔到，就會一天天虛弱至死。,從陰暗處襲擊人類。如果被其冰冷的舌頭舔到，就會一天天虛弱至死。,害怕光亮，喜欢黑夜。据说在即便深夜都灯火如昼的大都市有灭绝的危险。,害怕光亮，喜歡黑夜。據說在深夜也燈火如晝的大都市中有滅絕的危險。,害怕光亮，喜歡黑夜。據說在即便深夜都燈火如晝的大都市有滅絕的危險。
耿鬼,耿鬼,影子,影子,影子,如果突然被寒气侵袭，那就是被耿鬼袭击的证据。没有可逃之法，所以死心吧。,如果突然被寒氣侵襲，那就是被耿鬼盯上的證據。沒有逃脫之法，所以死心吧。,如果突然被寒氣侵襲，那就是被耿鬼襲擊的證據。沒有可逃之法，所以死心吧。,耿鬼之所以要夺取人类的性命，好像因为它是人类最终的下场，所以要找个同伴。,據說耿鬼之所以要人類的命，是因為牠就是人類的末路，想要增加旅伴的緣故。,耿鬼之所以要奪取人類的性命，好像因為它是人類最終的下場，所以要找個夥伴。
大岩蛇,大岩蛇,岩蛇,岩蛇,岩蛇,,,,,,
催眠貘,催眠貘,催眠,催眠,催眠,吞食梦来生存的宝可梦。被认为与食梦梦和梦梦蚀有着共同的祖先。,吞食夢來生存的寶可夢。被認為與食夢夢和夢夢蝕有著共同的祖先。,吞食夢來生存的寶可夢。被認為與食夢夢和夢夢蝕有著共同的祖先。,听说愉快的梦特别美味。变得亲密后，有时也会呈现最美味的梦哦。,聽說愉快的夢特別美味。變得親密後，有時也會讓人作最美味的夢哦。,聽說愉快的夢特別美味。變得親密後，有時也會呈現最美味的夢哦。
引梦貘人,引夢貘人,催眠,催眠,催眠,是非常危险的宝可梦，但祈求良好睡眠的人们称其为救世主。,非常危險的寶可夢，卻被祈求一夜好眠的人們稱為救世主。,是非常危險的寶可夢，但祈求良好睡眠的人們稱其為救世主。,不管不顾地让遇到的都睡着，品尝对方的梦。如果遇到了好梦，就会这么强行带走。,不論遇到誰都先讓對方睡著，品嘗對方的夢。如果遇到了好夢，就會強行帶走。,不管不顧地讓遇到的都睡著，品嘗對方的夢。如果遇到了好夢，就會這麼強行帶走。
大钳蟹,大鉗蟹,清水蟹,清水蟹,清水蟹,,,,,,
巨钳蟹,巨鉗蟹,钳子,鉗子,鉗子,,,,,,
霹雳电球,霹靂電球,球,球,球,,,,,,
顽皮雷弹,頑皮雷彈,球,球,球,,,,,,
蛋蛋,蛋蛋,蛋,蛋,蛋,用心灵感应与伙伴交流。据说兼有植物与某种别的遗传基因。,用心靈感應與夥伴交流。聽說同時具備植物與某種屬性的基因。,用心靈感應與夥伴交流。據說兼有植物與某種別的遺傳基因。,６只成为１只完整的宝可梦。经常被好胜蟹袭击，但是会使用念力击退对方。,６隻為１個單位的寶可夢。經常被好勝蟹襲擊，但是會使用念力擊退對方。,６只成為１只完整的寶可夢。經常被好勝蟹襲擊，但是會使用念力擊退對方。
椰蛋树,椰蛋樹,椰子,椰子,椰子,各个脑袋里有各自的思想，通过心灵感应来交谈，决定大家要做什么。,每個腦袋各有各的思想，會通過心靈感應來交談，決定大家要做什麼。,各個腦袋裡有各自的思想，通過心靈感應來交談，決定大家要做什麼。,某个时期到来的时候，３个头的某一个会掉落。之后不久就会成长为蛋蛋。,某個時期到來的時候，３個頭的某一個便會掉落，不久就會成長為蛋蛋。,某個時期到來的時候，３個頭的某一個會掉落。之後不久就會成長為蛋蛋。
卡拉卡拉,卡拉卡拉,孤独,孤獨,孤獨,想起与自己天人永隔的母亲而大声哭泣。被听到声音的秃鹰娜从空中袭击。,想起與自己死別的母親而大聲哭泣，被聽到聲音的禿鷹娜從空中襲擊。,想起與自己天人永隔的母親而大聲哭泣。被聽到聲音的禿鷹娜從空中襲擊。,头上戴着的是死去母亲的头盖骨。据说，当它摆脱母亲死亡的悲痛时就会进化。,頭上戴著的是死去母親的頭蓋骨。據說，當牠擺脫母親死亡的悲痛時就會進化。,頭上戴著的是死去母親的頭蓋骨。據說，當它擺脫母親死亡的悲痛時就會進化。
嘎啦嘎啦,嘎啦嘎啦,爱骨,愛骨,愛骨,原本因体弱而很胆小。进化后变成了挥舞着骨头的粗暴性格。,原本因體弱而很膽小。進化後變成了揮舞著骨頭的粗暴性格。,原本因體弱而很膽小。進化後變成了揮舞著骨頭的粗暴性格。,将骨头像回力镖一样扔出去，击落天敌秃鹰娜来复仇。,將骨頭像回力鏢一樣扔出去，擊落天敵禿鷹娜來復仇。,將骨頭像回力鏢一樣扔出去，擊落天敵禿鷹娜來復仇。
飞腿郎,飛腿郎,踢腿,踢腿,踢腿,,,,,,
快拳郎,快拳郎,拳击,拳擊,拳擊,,,,,,
大舌头,大舌頭,舔舔,舔舔,舔舔,,,,,,
瓦斯弹,瓦斯彈,毒气,毒氣,毒氣,,,,,,
双弹瓦斯,雙彈瓦斯,毒气,毒氣,毒氣,,,,,,
独角犀牛,獨角犀牛,尖尖,尖尖,尖尖,,,,,,
钻角犀兽,鑽角犀獸,钻锥,鑽錐,鑽錐,,,,,,
吉利蛋,吉利蛋,蛋,蛋,蛋,吉利蛋生下的蛋饱含丰富的营养。是许多宝可梦非常爱吃的东西。,吉利蛋生下的蛋飽含豐富的營養。是許多寶可夢非常愛吃的東西。,吉利蛋生下的蛋飽含豐富的營養。是許多寶可夢非常愛吃的東西。,因为是数量稀少而且逃跑很快的宝可梦，所以能找到它的人运气相当不错。,因為是數量稀少而且逃跑很快的寶可夢，所以能找到牠的人運氣相當不錯。,因為是數量稀少而且逃跑很快的寶可夢，所以能找到它的人運氣相當不錯。
蔓藤怪,蔓藤怪,藤蔓状,藤蔓狀,藤蔓狀,,,,,,
袋兽,袋獸,亲子,親子,親子,袋兽的母爱很深。如果是为了守护自己的孩子，据说连死都毫不畏惧。,袋獸的母愛很深。如果是為了守護自己的孩子，據說連死都毫不畏懼。,袋獸的母愛很深。如果是為了守護自己的孩子，據說連死都毫不畏懼。,育儿袋中的孩子大约３年后才会离开母亲。只有在那个时候母亲才会大声地鸣叫。,育兒袋裡的孩子大約３年左右會離開母親自立。只有在那個時候母親才會大聲鳴叫。,育兒袋中的孩子大約３年後才會離開母親。只有在那個時候母親才會大聲地鳴叫。
墨海马,墨海馬,龙,龍,龍,,,,,,
海刺龙,海刺龍,龙,龍,龍,,,,,,
角金鱼,角金魚,金鱼,金魚,金魚,天气变得暖和之后，就会成群结队溯流而上。那画面正如告知春天的风景诗。,天氣變得暖和之後，就會成群結隊溯流而上。那畫面正如宣告春天來臨的風景詩。,天氣變得暖和之後，就會成群結隊溯流而上。那畫面正如告知春天的風景詩。,被角的长度和鱼鳍的美丽而迷住，只培育角金鱼的风雅训练家也是很多的。,被角的長度和魚鰭的美麗所迷住，因而只培育角金魚的風雅訓練家也是很多的。,被角的長度和魚鰭的美麗而迷住，只培育角金魚的風雅訓練家也是很多的。
金鱼王,金魚王,金鱼,金魚,金魚,凉飕飕的时候，全身就会晕染成鲜红色。那样子正如令人感觉到秋意的风景诗。,天氣變涼的時候，全身就會暈染成鮮紅色。那樣子正如令人感覺到秋意的風景詩。,涼颼颼的時候，全身就會暈染成鮮紅色。那樣子正如令人感覺到秋意的風景詩。,狂热爱好金鱼王的训练家分为角的爱好者和鱼鳍的爱好者。相互之间的关系很差。,狂熱愛好金魚王的訓練家分為角的愛好者和魚鰭的愛好者。兩者之間的關係很差。,狂熱愛好金魚王的訓練家分為角的愛好者和魚鰭的愛好者。相互之間的關係很差。
海星星,海星星,星形,星形,星形,大多在海边栖息。夜幕降临时，身体的正中会闪耀出怪异的红色。,大多在海邊棲息。夜幕降臨時，身體的正中會閃耀出怪異的紅色光芒。,大多在海邊棲息。夜幕降臨時，身體的正中會閃耀出怪異的紅色。,即使被霓虹鱼等咬到，只要红色内核部分还在就会立刻再生，所以对此并不在意。,即使被霓虹魚之類的咬到，只要紅色的核心部分還在就會立刻再生，所以一點都不在意。,即使被霓虹魚等咬到，只要紅色內核部分還在就會立刻再生，所以對此並不在意。
宝石海星,寶石海星,谜,謎,謎,据说会从闪着光的内核收发神秘的电波。靠近的话可能会头痛。,據說會從發光的核心收發神秘的電波。靠近的話可能會感到頭痛。,據說會從閃著光的內核收發神秘的電波。靠近的話可能會頭痛。,因为身体外形很抽象的缘故，被当地的人谣传为来自宇宙的侵略者。,因為身體的造型很抽象，被本地的人謠傳為來自宇宙的侵略者。,因為身體外形很抽象的緣故，被當地的人謠傳為來自宇宙的侵略者。
魔墙人偶,魔牆人偶,屏障,屏障,屏障,,,,,,
飞天螳螂,飛天螳螂,螳螂,螳螂,螳螂,以忍者般敏捷的动作令猎物感到迷惑。然后趁对方麻痹大意的一瞬间用镰刀将其切碎。,以忍者般敏捷的動作迷惑獵物，然後趁對方露出破綻的一瞬間用鐮刀將獵物切碎。,以忍者般敏捷的動作令獵物感到迷惑。然後趁對方麻痺大意的一瞬間用鐮刀將其切碎。,年轻的时候，在深山里群居生活，修炼用镰刀进行战斗以及高速移动。,年輕的時候在深山裡群居生活，修鍊用鐮刀戰鬥以及高速移動的技術。,年輕的時候，在深山裡群居生活，修煉用鐮刀進行戰鬥以及高速移動。
迷唇姐,迷唇姐,人形,人形,人形,,,,,,
电击兽,電擊獸,电击,電擊,電擊,突发的停电，有一半是因为电击兽聚集在发电厂胡乱吞食电力造成的。,突發的停電，有一半是因為電擊獸聚集在發電廠胡亂吞食電力造成的。,突發的停電，有一半是因為電擊獸聚集在發電廠胡亂吞食電力造成的。,比起吃食物获得的电量，从身体泄露的电量要多得多。,比起透過進食獲得的電量，從身體洩露的電量壓倒性地多。,比起吃食物獲得的電量，從身體泄露的電量要多得多。
鸭嘴火兽,鴨嘴火獸,吐火,吐火,吐火,感到疲劳时就跳入火山口，浸泡在熔岩中让身体解乏。全身以１２００度燃烧着。,感到疲勞時會跳入火山口，浸泡在熔岩中讓身體舒緩疲勞。全身以１２００度燃燒著。,感到疲勞時就跳入火山口，浸泡在熔岩中讓身體解乏。全身以１２００度燃燒著。,生气的时候会从全身喷出灼热的火焰，不把对手烧成灰烬就无法平息怒火。,生氣的時候會從全身噴出灼熱的火焰，不把對手燒成灰燼就無法平息怒火。,生氣的時候會從全身噴出灼熱的火焰，不把對手燒成灰燼就無法平息怒火。
凯罗斯,凱羅斯,锹形虫,鍬形蟲,鍬形蟲,用长长的角把对手夹住，就这么把对方夹成两半。非常强大，但很害怕寒冷。,會用長長的角把對手夾住，就這樣把對方夾成兩半。力量非常強大，但很害怕寒冷。,用長長的角把對手夾住，就這麼把對方夾成兩半。非常強大，但很害怕寒冷。,用角一击连大树都能折断。在阿罗拉，锹农炮虫是它最大的竞争者。,角的一擊連大樹都能折斷。在阿羅拉，鍬農炮蟲是牠最大的競爭者。,用角一擊連大樹都能折斷。在阿羅拉，鍬農炮蟲是它最大的競爭者。
肯泰罗,肯泰羅,暴牛,暴牛,暴牛,在世界各地都有骑着肯泰罗生活的历史，但这一切的开端据说是在阿罗拉。,在世界各地都有騎著肯泰羅生活的歷史，但這一切的開端據說是在阿羅拉。,在世界各地都有騎著肯泰羅生活的歷史，但這一切的開端據說是在阿羅拉。,是性格暴躁的宝可梦，但是听说阿罗拉地区的肯泰罗会比较稳重。,性格暴躁的寶可夢，但是聽說阿羅拉地區的肯泰羅會比較穩重。,是性格暴躁的寶可夢，但是聽說阿羅拉地區的肯泰羅會比較穩重。
鲤鱼王,鯉魚王,鱼,魚,魚,力量很弱，派不上用场，但就只有繁殖力惊人。多得简直要看腻了。,力量很弱，派不上用場，只有繁殖力異常驚人。多得簡直要看膩了。,力量很弱，派不上用場，但就只有繁殖力驚人。多得簡直要看膩了。,因为胡乱跃起，马上就被袭击了，但据说多亏了鲤鱼王，大多数宝可梦都能活得更久。,因為胡亂躍起，總是馬上就被襲擊。但據說多虧了鯉魚王，大多數寶可夢都能活得更久。,因為胡亂躍起，馬上就被襲擊了，但據說多虧了鯉魚王，大多數寶可夢都能活得更久。
暴鲤龙,暴鯉龍,凶恶,凶惡,兇惡,据说，让暴鲤龙怒火中烧的某个街镇在一晚上就被燃烧殆尽，然后便消失无踪了。,據說，某個激怒了暴鯉龍的城鎮在一夜之間就被燃燒殆盡，連一點痕跡都沒有留下。,據說，讓暴鯉龍怒火中燒的某個街鎮在一晚上就被燃燒殆盡，然後便消失無蹤了。,暴鲤龙出现的地方肯定会遭到破坏，相信这个说法的人也是有的。,暴鯉龍出現的地方肯定會遭到破壞，有些人相信這種說法。,暴鯉龍出現的地方肯定會遭到破壞，相信這個說法的人也是有的。
拉普拉斯,拉普拉斯,乘载,乘載,乘載,拥有很高的智商，理解人类的语言。心情好的时候会用美妙的声音唱歌。,擁有很高的智商，理解人類的語言。心情好的時候會用美妙的聲音唱歌。,擁有很高的智商，理解人類的語言。心情好的時候會用美妙的聲音唱歌。,曾因非法捕捞濒临灭绝。但听说重点保护却反而导致它有点泛滥成灾。,因違法捕撈而導致瀕臨絕種。但據說在受到重點保護之後，數量反而開始過度增加了。,曾因非法捕撈瀕臨滅絕。但聽說重點保護卻反而導致它有點泛濫成災。
百变怪,百變怪,变身,變身,變身,通过重组细胞让自己样子变得和眼前的对手一模一样。相似度依个体而有所不同。,利用細胞重組將自己的模樣變成和眼前的對手一模一樣。相似度會因個體而異。,通過重組細胞讓自己樣子變得和眼前的對手一模一樣。相似度依個體而有所不同。,因其惊人的变身能力，无论与谁都能成为伙伴。但是百变怪同类间关系恶劣。,因其驚人的變身能力，無論與誰都能成為夥伴。但是百變怪同類之間的關係惡劣。,因其驚人的變身能力，無論與誰都能成為夥伴。但是百變怪同類間關係惡劣。
伊布,伊布,进化,進化,進化,拥有不平衡性外加不稳定的遗传基因，因而蕴含着各种各样的进化可能性。,擁有不平衡且不穩定的基因，因而蘊含著十分各種各樣的進化可能性。,擁有不平衡性外加不穩定的遺傳基因，因而蘊含著各種各樣的進化可能性。,根据目前的调查，拥有进化为多达８种宝可梦的可能性。,根據目前的調查，擁有進化為多達８種寶可夢的可能性。,根據目前的調查，擁有進化為多達８種寶可夢的可能性。
水伊布,水伊布,吐泡,吐泡,吐泡,细胞构造与水分子非常相似。在水边栖息，所以有时候会被错认为是人鱼。,細胞構造與水分子非常相似。由於在水邊棲息，有時候會被誤認為是人魚。,細胞構造與水分子非常相似。在水邊棲息，所以有時候會被錯認為是人魚。,与水融为一体，隐藏自己的气息，一动不动地埋伏着等待猎物——鱼宝可梦的到来。,與水融為一體，隱藏自己的氣息，一動不動地埋伏著等待獵物──魚寶可夢的到來。,與水融為一體，隱藏自己的氣息，一動不動地埋伏著等待獵物——魚寶可夢的到來。
雷伊布,雷伊布,雷,雷,雷,喷出大约１００００伏特的电力。因为相当神经质，所以要与它变得亲密是非常困难的。,能噴出大約１００００伏特的電力。因為相當神經質，所以要與牠變得親密是非常困難的。,噴出大約１００００伏特的電力。因為相當神經質，所以要與它變得親密是非常困難的。,体毛竖起来的话，是要喷出电的信号。因为旁边也可能会有雷落下，所以要注意。,體毛豎立就是要噴出電流的信號。旁邊可能會有落雷，所以要多加注意。,體毛豎起來的話，是要噴出電的信號。因為旁邊也可能會有雷落下，所以要注意。
火伊布,火伊布,火,火,火,如果寻获树果或是捉到猎物，就会喷出火焰将其烤至完全熟透，之后大口大口吃掉。,如果尋獲樹果或捕捉到獵物，就會噴出火焰將其烤至熟透，然後大口吃掉。,如果尋獲樹果或是捉到獵物，就會噴出火焰將其烤至完全熟透，之後大口大口吃掉。,平均体温７００～８００度。在体内的火袋里熊熊燃烧着１７００度的火焰。,平均體溫７００～８００度。在體內的火袋裡熊熊燃燒著１７００度的火焰。,平均體溫７００～８００度。在體內的火袋裡熊熊燃燒著１７００度的火焰。
多边兽,多邊獸,虚拟,虛擬,虛擬,大约２０年前，集当时的科学力量于一身，创造出来的人工宝可梦。,大約２０年前，集結了當時的科學力量創造出來的人工寶可夢。,大約２０年前，集當時的科學力量於一身，創造出來的人工寶可夢。,因为能将身体化为数字数据，所以可以进入电脑空间。,可將身體化為數位資料，所以可進入電腦空間。,因為能將身體化為數字資料，所以可以進入電腦空間。
菊石兽,菊石獸,漩涡,漩渦,漩渦,,,,,,
多刺菊石兽,多刺菊石獸,漩涡,漩渦,漩渦,,,,,,
化石盔,化石盔,甲壳,甲殼,甲殼,,,,,,
镰刀盔,鐮刀盔,甲壳,甲殼,甲殼,,,,,,
化石翼龙,化石翼龍,化石,化石,化石,恐龙时代的宝可梦。用锯子一样的牙齿将猎物撕碎后吞食。,恐龍時代的寶可夢。會用鋸子般的牙齒將獵物撕碎後吞食。,恐龍時代的寶可夢。用鋸子一樣的牙齒將獵物撕碎後吞食。,古代广袤天空的王者。因巨大陨石的坠落而灭绝的学说在人们心中根深蒂固。,在古代是廣闊天空的王者。因巨大隕石的墜落而滅絕的學說在人們心中根深蒂固。,古代廣袤天空的王者。因巨大隕石的墜落而滅絕的學說在人們心中根深蒂固。
卡比兽,卡比獸,瞌睡,瞌睡,瞌睡,据说拥有最强的胃袋。就连臭臭泥的毒对卡比兽的舌头来说也只是调味料而已。,據說擁有最強的胃袋。就連臭臭泥的毒對卡比獸的舌頭來說也只是調味料而已。,據說擁有最強的胃袋。就連臭臭泥的毒對卡比獸的舌頭來說也只是調味料而已。,每天要吃下４００公斤的食物。开吃之后，就会开始打瞌睡，即使是睡着的状态也会继续吃。,每天要吃下４００公斤的食物。一開始吃就會打瞌睡，即使是睡著的狀態也會繼續吃。,每天要吃下４００公斤的食物。開吃之後，就會開始打瞌睡，即使是睡著的狀態也會繼續吃。
急冻鸟,急凍鳥,冰冻,冰凍,冰凍,,,,,,
闪电鸟,閃電鳥,电击,電擊,電擊,,,,,,
火焰鸟,火焰鳥,火焰,火焰,火焰,,,,,,
迷你龙,迷你龍,龙,龍,龍,通过反复蜕皮一点点长大。将蜕下的皮鞣制后做成的靴子是超高级商品。,藉由反覆脫皮一點點地長大。將脫下的皮加工後制成的靴子是超高級商品。,通過反覆蛻皮一點點長大。將蛻下的皮鞣製後做成的靴子是超高級商品。,某个钓鱼人经过１０个小时的奋战才最终将其钓获，它的存在也终于被确认。,某個釣手經過１０個小時的奮戰，最後才成功將牠釣上來，而牠的存在也終於被證實。,某個釣魚人經過１０個小時的奮戰才最終將其釣獲，它的存在也終於被確認。
哈克龙,哈克龍,龙,龍,龍,据说，在水晶般的珠子里蕴含着操纵天气的力量。,據說，在水晶般的珠子裡蘊含著操縱天氣的力量。,據說，在水晶般的珠子裡蘊含著操縱天氣的力量。,自太古时代起就被从事农业的人们当做掌管天气者而崇拜着。,自太古時代就被從事農業的人們當做掌管天氣者而崇拜著。,自太古時代起就被從事農業的人們當做掌管天氣者而崇拜著。
快龙,快龍,龙,龍,龍,遇难得救的男人被带去的那个孤岛，是曾属于快龙的乐园。,遇難的男人獲救後被帶去的孤島是只屬於快龍的樂園。,遇難得救的男人被帶去的那個孤島，是曾屬於快龍的樂園。,平常都是非常稳重的，但如果触碰到了它的逆鳞，就会不毁灭一切不罢休。,一般都是非常穩重的，但如果觸碰到了牠的逆鱗，牠將毀滅一切才肯罷休。,平常都是非常穩重的，但如果觸碰到了它的逆鱗，就會不毀滅一切不罷休。
超梦,超夢,基因,基因,基因,,,,,,
梦幻,夢幻,新种,新種,新種,,,,,,
菊草叶,菊草葉,叶子,葉子,葉子,,,,,,
月桂叶,月桂葉,叶子,葉子,葉子,,,,,,
大竺葵,大竺葵,芳草,芳草,芳草,,,,,,
火球鼠,火球鼠,火鼠,火鼠,火鼠,,,,,,
火岩鼠,火岩鼠,火山,火山,火山,,,,,,
火暴兽,火爆獸,火山,火山,火山,,,,,,
小锯鳄,小鋸鱷,大颚,大顎,大顎,,,,,,
蓝鳄,藍鱷,大颚,大顎,大顎,,,,,,
大力鳄,大力鱷,大颚,大顎,大顎,,,,,,
尾立,尾立,放哨,放哨,放哨,,,,,,
大尾立,大尾立,长躯干,長軀幹,長軀幹,,,,,,
咕咕,咕咕,猫头鹰,貓頭鷹,貓頭鷹,,,,,,
猫头夜鹰,貓頭夜鷹,猫头鹰,貓頭鷹,貓頭鷹,,,,,,
芭瓢虫,芭瓢蟲,五星,五星,五星,因为胆小，不总是聚在一起就会感到不安。背后的花纹每只都会有细微的不同。,天性膽小，總是成群結隊，不然就會感到不安。背上的花紋每隻都有細微的不同。,因為膽小，不總是聚在一起就會感到不安。背後的花紋每隻都會有細微的不同。,用带气味的体液与伙伴交流。发怒的时候，气味会酸酸的。,用帶氣味的體液與夥伴交流。發怒的時候，氣味會酸酸的。,用帶氣味的體液與夥伴交流。發怒的時候，氣味會酸酸的。
安瓢虫,安瓢蟲,五星,五星,五星,据说星光是它的能量，但平时也非常喜爱吃树果。白天就用草包裹着睡觉。,據說星光是牠的能量，但一般來說樹果也是牠喜愛的食物。白天會把身體包在草堆裡睡覺。,據說星光是它的能量，但平時也非常喜愛吃樹果。白天就用草包裹著睡覺。,用４条手臂挥拳战斗。一拳的威力并不怎么样，但依靠出拳数取胜。,用４隻手臂揮拳戰鬥。一拳的威力並不怎麼樣，但依靠出拳數取勝。,用４條手臂揮拳戰鬥。一拳的威力並不怎麼樣，但依靠出拳數取勝。
圆丝蛛,圓絲蛛,吐丝,吐絲,吐絲,一心一意地等着，直到爱吃的萌虻落入巢中。实在是有耐心的宝可梦。,總是一心一意地等待，直到愛吃的萌虻落入巢中。實在是很有耐心的寶可夢。,一心一意地等著，直到愛吃的萌虻落入巢中。實在是有耐心的寶可夢。,有些渔夫会用其坚韧的丝，编织制作成可以捕捉鱼宝可梦的网。,也有漁夫會將堅韌的絲編織起來，製作成可以捕捉魚寶可夢的網。,有些漁夫會用其堅韌的絲，編織製作成可以捕捉魚寶可夢的網。
阿利多斯,阿利多斯,长腿,長腿,長腿,也有地区会使用阿利多斯的丝来织布。因布料结实而广受好评。,也有地方會使用阿利多斯的絲來織布。結實的布料廣受好評。,也有地區會使用阿利多斯的絲來織布。因布料結實而廣受好評。,屁股和嘴里都会吐出丝。用丝绑住猎物，慢慢地吸食它的体液。,屁股和嘴裡都會吐出絲。用絲綁住獵物，慢慢地吸食獵物的體液。,屁股和嘴裡都會吐出絲。用絲綁住獵物，慢慢地吸食它的體液。
叉字蝠,叉字蝠,蝙蝠,蝙蝠,蝙蝠,连双脚也变成翅膀的结果就是不擅长在地上行动。只能爬着到处活动。,因為連雙腳也變成翅膀，所以不擅長在地上行動，只能到處爬行。,連雙腳也變成翅膀的結果就是不擅長在地上行動。只能爬著到處活動。,用４根翅膀又快又静地飞行。在被发现之前一口咬住猎物。一瞬间就把血都吸掉。,用４隻翅膀快速而安靜地飛行。在被發現之前一口咬住獵物，一瞬間把血吸得乾乾淨淨。,用４根翅膀又快又靜地飛行。在被發現之前一口咬住獵物。一瞬間就把血都吸掉。
灯笼鱼,燈籠魚,琵琶鱼,琵琶魚,琵琶魚,２根触手原本是鳍。释放电力让猎物麻痹后进行袭击。,２根觸手原本是鰭。會釋放電力讓獵物麻痺後進行襲擊。,２根觸手原本是鰭。釋放電力讓獵物麻痺後進行襲擊。,在光线都无法到达的海底生活。让触手发光来与伙伴们交流。,在光線無法觸及的海底生活。讓觸手發光來與夥伴們交流。,在光線都無法到達的海底生活。讓觸手發光來與夥伴們交流。
电灯怪,電燈怪,灯,燈,燈,探头望向夜晚的海面，如果看到犹如闪烁的星星一样的光，那是电灯怪哦。,探頭望向夜晚的海面，如果能看到有如星星閃爍一樣的光，那就是電燈怪哦。,探頭望向夜晚的海面，如果看到猶如閃爍的星星一樣的光，那是電燈怪哦。,发出强光蒙住猎物的眼睛。抓住那一瞬间的空档，使其遭受电的攻击。,發出強光讓獵物暫時失明。趁獵物露出破綻時，用電擊招呼對手。,發出強光蒙住獵物的眼睛。抓住那一瞬間的空檔，使其遭受電的攻擊。
皮丘,皮丘,小鼠,小鼠,小鼠,运用电的水平还不够。稍不留神就被自己的电麻到也时有发生。,還未能熟練地操縱電力。有時候稍不留神就會被自己的電麻痺到。,運用電的水平還不夠。稍不留神就被自己的電麻到也時有發生。,虽然很可爱，但如果一起生活的话，就必须有被电击电得麻麻的觉悟。,雖然很可愛，但如果一起生活的話，就必須有隨時被電擊電得麻麻的覺悟。,雖然很可愛，但如果一起生活的話，就必須有被電擊電得麻麻的覺悟。
皮宝宝,皮寶寶,星形,星形,星形,在流星闪耀的深夜里凝望着天空的样子，似乎是在怀念故乡。,在流星閃耀的深夜裡凝望著天空的樣子，似乎是在緬懷故鄉。,在流星閃耀的深夜裡凝望著天空的樣子，似乎是在懷念故鄉。,从它的轮廓判断，被认为是星星的转世。不知为何很喜欢小陨星。,因為外表輪廓的關係，被認為是星星的轉世。不知為何很喜歡小隕星。,從它的輪廓判斷，被認為是星星的轉世。不知為何很喜歡小隕星。
宝宝丁,寶寶丁,气球,氣球,氣球,喜欢唱歌，但还不怎么在行。如果能给予恰当的表扬，就会渐渐有所提高哦。,很喜歡唱歌，但唱得不怎麼樣。如果好好地稱讚牠，就會越唱越好哦。,喜歡唱歌，但還不怎麼在行。如果能給予恰當的表揚，就會漸漸有所提高哦。,嘭嘭嘭地弹跳着移动。动得多了出汗的话，会发出微甜的体味。,蹦蹦蹦地彈跳著移動。因大量運動而流汗時，會發出微甜的體味。,嘭嘭嘭地彈跳著移動。動得多了出汗的話，會發出微甜的體味。
波克比,波克比,针球,針球,針球,,,,,,
波克基古,波克基古,幸福,幸福,幸福,,,,,,
天然雀,天然雀,小鸟,小鳥,小鳥,,,,,,
天然鸟,天然鳥,神秘,神秘,神秘,,,,,,
咩利羊,咩利羊,绵毛,綿毛,綿毛,,,,,,
茸茸羊,茸茸羊,绵毛,綿毛,綿毛,,,,,,
电龙,電龍,灯,燈,燈,,,,,,
美丽花,美麗花,花,花,花,,,,,,
玛力露,瑪力露,水鼠,水鼠,水鼠,,,,,,
玛力露丽,瑪力露麗,水兔,水兔,水兔,,,,,,
树才怪,樹才怪,模仿,模仿,模仿,为了不被袭击而模仿成树木的样子，但如果被讨厌的水泼到，就会慌慌张张地逃走。,為了不被襲擊而模仿成樹木的樣子，但如果被討厭的水潑到，就會慌慌張張地逃走。,為了不被襲擊而模仿成樹木的樣子，但如果被討厭的水潑到，就會慌慌張張地逃走。,在老年人当中很受欢迎。听说绿色的部分越大，爱好者们的评价就越高。,很受以老年人為中心的人們歡迎。聽說綠色的部分越大，愛好者們的評價就越高。,在老年人當中很受歡迎。聽說綠色的部分越大，愛好者們的評價就越高。
蚊香蛙皇,蚊香蛙皇,蛙,蛙,蛙,在有月亮的夜晚聚集起来大合唱。那鸣叫声如怒吼般，并不美妙，但却别有韵味。,在月圓之夜聚集起來大合唱。那歌聲像是怒吼一般，雖然並不美妙，但卻別有韻味。,在有月亮的夜晚聚集起來大合唱。那鳴叫聲如怒吼般，並不美妙，但卻別有韻味。,蚊香蝌蚪和蚊香君的头领。蚊香蛙皇一声吼，大家都吓得伏在地上一动不动。,蚊香蝌蚪和蚊香君的領袖。蚊香蛙皇一聲吼，大家都嚇得伏在地上一動不動。,蚊香蝌蚪和蚊香君的頭領。蚊香蛙皇一聲吼，大家都嚇得伏在地上一動不動。
毽子草,毽子草,棉草,棉草,棉草,,,,,,
毽子花,毽子花,棉草,棉草,棉草,,,,,,
毽子棉,毽子棉,棉草,棉草,棉草,,,,,,
长尾怪手,長尾怪手,长尾,長尾,長尾,,,,,,
向日种子,向日種子,种子,種子,種子,,,,,,
向日花怪,向日花怪,太阳,太陽,太陽,,,,,,
蜻蜻蜓,蜻蜻蜓,薄翼,薄翼,薄翼,,,,,,
乌波,烏波,水鱼,水魚,水魚,,,,,,
沼王,沼王,水鱼,水魚,水魚,,,,,,
太阳伊布,太陽伊布,太阳,太陽,太陽,利用又细又短的体毛，从空气的流动中，连对手的行动也能一瞬间就察觉。,利用又細又短的體毛感受空氣的流動，連對手的行動也能一瞬間洞悉。,利用又細又短的體毛，從空氣的流動中，連對手的行動也能一瞬間就察覺。,从额头的珠子放射出精神力量进行战斗。当力量用尽时，珠子的颜色也会褪去。,從額頭的珠子放射出精神力量進行戰鬥。當力量用盡時，珠子的顏色也會褪去。,從額頭的珠子放射出精神力量進行戰鬥。當力量用盡時，珠子的顏色也會褪去。
月亮伊布,月亮伊布,月光,月光,月光,发怒的时候会从全身的毛孔里喷出混合了毒素的汗液，袭击对手的眼睛。,發怒的時候會從全身的毛孔裡噴出混合了毒素的汗液，瞄準對手的眼睛發動攻擊。,發怒的時候會從全身的毛孔裡噴出混合了毒素的汗液，襲擊對手的眼睛。,黑色体毛与黑暗融为一体。一动不动地等着猎物出现疏漏，然后一口咬住它的喉咙。,黑色的體毛與黑暗融為一體。一動不動地等待著獵物鬆懈，對準咽喉一口咬住。,黑色體毛與黑暗融為一體。一動不動地等著獵物出現疏漏，然後一口咬住它的喉嚨。
黑暗鸦,黑暗鴉,黑暗,黑暗,黑暗,日落时醒来，夜晚飞行。也有俗话说，黑暗鸦出窝，赶紧要回家。,日落時醒來，於低垂的夜幕中飛行。也有所謂　「黑暗鴉出巢，快點回家吧」　的俗語。,日落時醒來，夜晚飛行。也有俗話說，黑暗鴉出窩，趕緊要回家。,作为不吉的象征而被人嫌弃，但是会把亮晶晶发着光的东西送给关系好的训练家。,被人嫌棄為不吉的象徵，但是會把亮晶晶發著光的東西送給關係好的訓練家。,作為不吉的象徵而被人嫌棄，但是會把亮晶晶發著光的東西送給關係好的訓練家。
呆呆王,呆呆王,王者,王者,王者,受被咬到的毒素影响，拥有天才的头脑。能自由自在地操纵精神力量。,受被咬到時的毒素影響，擁有天才的頭腦。能自由自在地操縱精神力量。,受被咬到的毒素影響，擁有天才的頭腦。能自由自在地操縱精神力量。,迷路就问呆呆王，也有地区流传着这样的俗语，可见它因聪明而广为人知。,迷路就問呆呆王，也有地區流傳著這樣的俗語，可見牠因聰明而廣為人知。,迷路就問呆呆王，也有地區流傳著這樣的俗語，可見它因聰明而廣為人知。
梦妖,夢妖,夜啼,夜啼,夜啼,千方百计地吓唬人类，吸取生命的能量。吓人的练习一天也不落。,千方百計地驚嚇人類，吸取生命的能量。嚇人的練習從來不曾間斷。,千方百計地嚇唬人類，吸取生命的能量。嚇人的練習一天也不落。,如果从四下无人的房间里传来抽泣般的声音，那准是梦妖的恶作剧。,如果從四下無人的房間裡傳來抽泣般的聲音，那一定是夢妖的惡作劇。,如果從四下無人的房間裡傳來抽泣般的聲音，那準是夢妖的惡作劇。
未知图腾,未知圖騰,象征,象徵,象徵,,,,,,
果然翁,果然翁,忍耐,忍耐,忍耐,,,,,,
麒麟奇,麒麟奇,长颈,長頸,長頸,,,,,,
榛果球,榛果球,蓑衣虫,蓑衣蟲,蓑衣蟲,,,,,,
佛烈托斯,佛烈托斯,蓑衣虫,蓑衣蟲,蓑衣蟲,,,,,,
土龙弟弟,土龍弟弟,地蛇,地蛇,地蛇,,,,,,
天蝎,天蠍,飞蝎,飛蠍,飛蠍,,,,,,
大钢蛇,大鋼蛇,铁蛇,鐵蛇,鐵蛇,,,,,,
布鲁,布魯,妖精,妖精,妖精,脸很严厉，但其实相当胆小。拼命威吓的表情在女性中很有人气。,臉看起來很嚴厲，但其實相當膽小。那拼命作出威嚇的表情很受女性歡迎。,臉很嚴厲，但其實相當膽小。拚命威嚇的表情在女性中很有人氣。,呜呜声让对手不安。平时是很悠闲的家伙，１天中有一半时间都在睡觉哦。,發出的嗚咽聲讓對手不安。平時是很悠閒的傢伙，１天中有一半時間都在睡覺哦。,嗚嗚聲讓對手不安。平時是很悠閒的傢伙，１天中有一半時間都在睡覺哦。
布鲁皇,布魯皇,妖精,妖精,妖精,发达的下颚和沉重的牙齿是它的武器。只要不惹怒它，很少会被咬到哦。,發達的下顎和沉重的牙齒是牠的武器。只要不惹牠生氣，就不太會咬人哦。,發達的下顎和沉重的牙齒是它的武器。只要不惹怒它，很少會被咬到哦。,比布鲁更加胆小。与外表之间的反差萌很受欢迎，在年轻女性中人气很高。,比布魯更加膽小。與外表之間的反差萌很受歡迎，在年輕女性中人氣很高。,比布魯更加膽小。與外表之間的反差萌很受歡迎，在年輕女性中人氣很高。
千针鱼,千針魚,气球,氣球,氣球,,,,,,
巨钳螳螂,巨鉗螳螂,钳子,鉗子,鉗子,为了防止战斗时变得过热，而令金属的身体熔化，会使用翅膀调节体温。,為了防止戰鬥時變得過熱，而令金屬的身體熔化，會使用翅膀調節體溫。,為了防止戰鬥時變得過熱，而令金屬的身體熔化，會使用翅膀調節體溫。,一旦认出敌人，就会用具有钢铁硬度的钳子毫不留情地将对方击溃。,一旦認定對方是敵人，就會用具有鋼鐵硬度的鉗子毫不留情地將對方擊倒。,一旦認出敵人，就會用具有鋼鐵硬度的鉗子毫不留情地將對方擊潰。
壶壶,壺壺,发酵,發酵,發酵,,,,,,
赫拉克罗斯,赫拉克羅斯,独角,獨角,獨角,,,,,,
狃拉,狃拉,钩爪,鉤爪,鈎爪,狡黠凶恶的性格。趁着双亲不在就侵入巢穴，将蛋盗出。,性格狡猾且兇猛。會趁著雙親不在時侵入巢穴把蛋盜走。,狡黠兇惡的性格。趁著雙親不在就侵入巢穴，將蛋盜出。,用爪子在蛋上开个孔，吸食里面的美味。也会被培育家憎恶而遭到驱逐。,用爪子在蛋上開個孔，吸食中間的美味。有時會被培育家憎惡而遭到驅逐。,用爪子在蛋上開個孔，吸食裡面的美味。也會被培育家憎惡而遭到驅逐。
熊宝宝,熊寶寶,小熊,小熊,小熊,,,,,,
圈圈熊,圈圈熊,冬眠,冬眠,冬眠,,,,,,
熔岩虫,熔岩蟲,熔岩,熔岩,熔岩,,,,,,
熔岩蜗牛,熔岩蝸牛,熔岩,熔岩,熔岩,,,,,,
小山猪,小山豬,小猪,小豬,小豬,,,,,,
长毛猪,長毛豬,野猪,野豬,野豬,,,,,,
太阳珊瑚,太陽珊瑚,珊瑚,珊瑚,珊瑚,头顶上长着珊瑚枝。虽然相当容易折断，但大约３天就能恢复哦。,頭頂上長有珊瑚枝。雖然相當容易被折斷，但大約３天就能恢復原狀哦。,頭頂上長著珊瑚枝。雖然相當容易折斷，但大約３天就能恢復哦。,好坏星追过来袭击它头顶枝条的时候，会果断地自己折断枝条逃生哦。,襲擊頭頂枝條的好壞星追過來的時候，會果斷地自己折斷枝條逃生哦。,好壞星追過來襲擊它頭頂枝條的時候，會果斷地自己折斷枝條逃生哦。
铁炮鱼,鐵炮魚,喷射,噴射,噴射,,,,,,
章鱼桶,章魚桶,喷射,噴射,噴射,,,,,,
信使鸟,信使鳥,搬运,搬運,搬運,原本很喜欢寒冷的地方，但是阿罗拉的信使鸟好像即便是有点儿炎热也能忍耐。,原本很喜歡寒冷的地方，但是阿羅拉的信使鳥好像也能忍耐一定程度的炎熱。,原本很喜歡寒冷的地方，但是阿羅拉的信使鳥好像即便是有點兒炎熱也能忍耐。,因为有跟人类及宝可梦分享自己食物的习性，所以一直都在到处寻找食物。,因為有跟人類及寶可夢分享自己食物的習性，所以一直都在到處尋找食物。,因為有跟人類及寶可夢分享自己食物的習性，所以一直都在到處尋找食物。
巨翅飞鱼,巨翅飛魚,风筝,風箏,風箏,,,,,,
盔甲鸟,盔甲鳥,钢甲鸟,鋼甲鳥,鋼甲鳥,每次成长都会脱落的羽毛又薄又锐利。过去的战士将之当做刀来使用。,每次成長都會脫落的羽毛又薄又銳利。古時的戰士將之當作刀來使用。,每次成長都會脫落的羽毛又薄又銳利。過去的戰士將之當做刀來使用。,铁的身体十分结实，但很容易生锈，所以下雨天会一直呆在巢穴哦。,鐵的身體十分結實，但很容易生銹，所以下雨天會一直留在巢穴哦。,鐵的身體十分結實，但很容易生鏽，所以下雨天會一直呆在巢穴哦。
戴鲁比,戴魯比,阴暗,陰暗,陰暗,,,,,,
黑鲁加,黑魯加,阴暗,陰暗,陰暗,,,,,,
刺龙王,刺龍王,龙,龍,龍,,,,,,
小小象,小小象,长鼻,長鼻,長鼻,,,,,,
顿甲,頓甲,铠甲,鎧甲,鎧甲,,,,,,
多边兽Ⅱ,多邊獸Ⅱ,虚拟,虛擬,虛擬,将行星的开发纳入视野，以当时的最新技术升级了多边兽。,將行星的開發納入視野，以當時的最新技術升級了多邊獸。,將行星的開發納入視野，以當時的最新技術升級了多邊獸。,以行星的开发为目标将多边兽升级而成，但离实现梦想还有很长距离。,以行星的開發為目標升級了多邊獸，但距離夢想實現還有很長的距離。,以行星的開發為目標將多邊獸升級而成，但離實現夢想還有很長距離。
惊角鹿,驚角鹿,大角,大角,大角,,,,,,
图图犬,圖圖犬,画画,畫畫,畫畫,用从尾巴尖尖慢慢渗出的体液绘出独有的标记，宣告自己的领地。,用從尾巴尖端慢慢滲出的體液繪出獨有的標記，用以宣告自己的地盤。,用從尾巴尖尖慢慢滲出的體液繪出獨有的標記，宣告自己的領地。,到处描绘昭示自己领地的标记，所以在图图犬多的街边墙壁上全都是这些乱涂乱画的。,會到處畫下展示自己地盤的標記，所以在圖圖犬比較多的城市，路邊牆上到處都是這些塗鴉。,到處描繪昭示自己領地的標記，所以在圖圖犬多的街邊牆壁上全都是這些亂塗亂畫的。
无畏小子,無畏小子,打斗,打鬥,打鬥,,,,,,
战舞郎,戰舞郎,倒立,倒立,倒立,,,,,,
迷唇娃,迷唇娃,亲吻,親吻,親吻,,,,,,
电击怪,電擊怪,电气,電氣,電氣,在家的时候，插座就相当于奶瓶。可以从中滋滋地吸取电力哦。,在家的時候，插座就相當於奶瓶。會啜啜地吸取電力哦。,在家的時候，插座就相當於奶瓶。可以從中滋滋地吸取電力哦。,与过来抢夺电的托戈德玛尔经常发生斗殴。胜负大体上可以说是不相上下。,常常跟來搶奪電力的托戈德瑪爾打架。結果通常是不分上下。,與過來搶奪電的托戈德瑪爾經常發生鬥毆。勝負大體上可以說是不相上下。
鸭嘴宝宝,鴨嘴寶寶,火种,火種,火種,在火山地带经常能见到。如果冒失地给了它食物的话会很高兴，激动地喷出６００度的火。,經常能在火山地帶發現牠的蹤影。如果隨意餵牠東西吃的話，牠會很高興並激動得噴出６００度的火焰。,在火山地帶經常能見到。如果冒失地給了它食物的話會很高興，激動地噴出６００度的火。,有和鸭嘴宝宝一起生活的著名的陶艺家。听说会用柔和的火创作出很棒的作品。,有位著名的陶藝家和鴨嘴寶寶一起生活。用牠柔和的火似乎能創作出很棒的作品。,有和鴨嘴寶寶一起生活的著名的陶藝家。聽說會用柔和的火創作出很棒的作品。
大奶罐,大奶罐,奶牛,乳牛,奶牛,这款牛奶营养丰富且热量很高。所以饮用过量的话就会变成大奶罐那样的体型。,牠的牛奶營養豐富且熱量很高。如果飲用過量的話就會變成大奶罐般的體型。,這款牛奶營養豐富且熱量很高。所以飲用過量的話就會變成大奶罐那樣的體型。,人们几乎都是为了采集牛奶而培育它，但因为相当强壮和结实，也会用来战斗。,人們幾乎都是為了生產鮮奶而培育牠，但因為相當強壯和結實，也很適合參加戰鬥。,人們幾乎都是為了採集牛奶而培育它，但因為相當強壯和結實，也會用來戰鬥。
幸福蛋,幸福蛋,幸福,幸福,幸福,如果吃了据说饱含着幸福的幸福蛋的蛋，无论怎么残暴的宝可梦都会变得温和。,只要吃了據說飽含著幸福的幸福蛋的蛋，無論多麼殘暴的寶可夢都會變得溫馴。,如果吃了據說飽含著幸福的幸福蛋的蛋，無論怎麼殘暴的寶可夢都會變得溫和。,蓬松的体毛是感应器。可以捕捉到宝可梦和人类的心情。,蓬鬆的體毛有感應的作用。能夠察覺寶可夢和人類的心情。,蓬鬆的體毛是感應器。可以捕捉到寶可夢和人類的心情。
雷公,雷公,天雷,天雷,天雷,,,,,,
炎帝,炎帝,火山,火山,火山,,,,,,
水君,水君,极光,極光,極光,,,,,,
幼基拉斯,幼基拉斯,岩石肤,岩石膚,岩石膚,,,,,,
沙基拉斯,沙基拉斯,子弹,子彈,子彈,,,,,,
班基拉斯,班基拉斯,铠甲,鎧甲,鎧甲,,,,,,
洛奇亚,洛奇亞,潜水,潛水,潛水,,,,,,
凤王,鳳王,虹色,虹色,虹色,,,,,,
时拉比,時拉比,时空穿越,時空穿越,時空穿越,,,,,,
木守宫,木守宮,林蜥,林蜥,林蜥,,,,,,
森林蜥蜴,森林蜥蜴,林蜥,林蜥,林蜥,,,,,,
蜥蜴王,蜥蜴王,密林,密林,密林,,,,,,
火稚鸡,火稚雞,雏鸡,雛雞,雛雞,,,,,,
力壮鸡,力壯雞,幼鸡,幼雞,幼雞,,,,,,
火焰鸡,火焰雞,猛火,猛火,猛火,,,,,,
水跃鱼,水躍魚,沼鱼,沼魚,沼魚,,,,,,
沼跃鱼,沼躍魚,沼鱼,沼魚,沼魚,,,,,,
巨沼怪,巨沼怪,沼鱼,沼魚,沼魚,,,,,,
土狼犬,土狼犬,紧咬,緊咬,緊咬,,,,,,
大狼犬,大狼犬,紧咬,緊咬,緊咬,,,,,,
蛇纹熊,蛇紋熊,豆狸,豆貍,豆狸,,,,,,
直冲熊,直衝熊,猛冲,猛衝,猛衝,,,,,,
刺尾虫,刺尾蟲,虫宝宝,蟲寶寶,蟲寶寶,,,,,,
甲壳茧,甲殼繭,蛹,蛹,蛹,,,,,,
狩猎凤蝶,狩獵鳳蝶,蝴蝶,蝴蝶,蝴蝶,,,,,,
盾甲茧,盾甲繭,蛹,蛹,蛹,,,,,,
毒粉蛾,毒粉蛾,毒蛾,毒蛾,毒蛾,,,,,,
莲叶童子,蓮葉童子,浮萍,浮萍,浮萍,,,,,,
莲帽小童,蓮帽小童,爽朗,爽朗,爽朗,,,,,,
乐天河童,樂天河童,乐天,樂天,樂天,,,,,,
橡实果,橡實果,橡实,橡實,橡實,,,,,,
长鼻叶,長鼻葉,捉弄,捉弄,捉弄,,,,,,
狡猾天狗,狡猾天狗,邪恶,邪惡,邪惡,,,,,,
傲骨燕,傲骨燕,幼燕,幼燕,幼燕,,,,,,
大王燕,大王燕,燕子,燕子,燕子,,,,,,
长翅鸥,長翅鷗,海鸥,海鷗,海鷗,为了轻盈，骨骼空空的。用大大的翅膀迎风，向着浩瀚天空飞翔。,空心的骨頭是為了保持輕盈。用大大的翅膀迎著風，飛向浩瀚的天空。,為了輕盈，骨骼空空的。用大大的翅膀迎風，向著浩瀚天空飛翔。,在长翅鸥飞来飞去的海下面聚集着成群的鱼宝可梦，所以渔夫会先寻找长翅鸥。,在長翅鷗飛來飛去的海底下聚集著成群的魚寶可夢，所以漁夫會先尋找長翅鷗。,在長翅鷗飛來飛去的海下面聚集著成群的魚寶可夢，所以漁夫會先尋找長翅鷗。
大嘴鸥,大嘴鷗,水鸟,水鳥,水鳥,鸟嘴鼓得大大的，幼儿园小朋友这么大的孩子正好能完全进入。,鼓脹得大大的鳥嘴是連幼稚園生那麼大的孩子都能裝進去的大小。,鳥嘴鼓得大大的，幼稚園小朋友這麼大的孩子正好能完全進入。,收集食物是年轻♂的活儿。在大大的鸟嘴里储藏食物，运送到伙伴等待的巢穴中。,收集食物是年輕♂的工作。會在大大的鳥嘴裡儲藏食物，運送到夥伴等待的巢穴中。,收集食物是年輕♂的活兒。在大大的鳥嘴裡儲藏食物，運送到夥伴等待的巢穴中。
拉鲁拉丝,拉魯拉絲,心情,心情,心情,,,,,,
奇鲁莉安,奇魯莉安,感情,感情,感情,,,,,,
沙奈朵,沙奈朵,包容,包容,包容,,,,,,
溜溜糖球,溜溜糖球,水黾,水黽,水黽,在水面像滑行一样移动。为了寻找食物，几次三番和滴蛛打架。,在水面像滑行一樣移動。偶爾會為了爭奪食物而和滴蛛打架。,在水面像滑行一樣移動。為了尋找食物，幾次三番和滴蛛打架。,危险来临时，会从头的顶端渗出有甜味的液体。鸟宝可梦讨厌它的味道。,危險來臨時，會從頭的頂端滲出有甜味的液體。是鳥寶可夢討厭的味道。,危險來臨時，會從頭的頂端滲出有甜味的液體。鳥寶可夢討厭它的味道。
雨翅蛾,雨翅蛾,眼珠,眼珠,眼珠,用触角上的眼珠花纹威吓敌人。用４根翅膀前后左右灵活飞行。,用觸角上的眼珠花紋威嚇敵人。用４根翅膀前後左右靈活飛行。,用觸角上的眼珠花紋威嚇敵人。用４根翅膀前後左右靈活飛行。,翅膀和触角很怕湿气。雨后会朝着太阳的方向晒干身体。,翅膀和觸角很怕濕氣。雨後會朝著太陽的方向曬乾身體。,翅膀和觸角很怕濕氣。雨後會朝著太陽的方向曬乾身體。
蘑蘑菇,蘑蘑菇,蘑菇,蘑菇,蘑菇,,,,,,
斗笠菇,斗笠菇,蘑菇,蘑菇,蘑菇,,,,,,
懒人獭,懶人獺,懒人,懶人,懶人,,,,,,
过动猿,過動猿,暴猿,暴猿,暴猿,,,,,,
请假王,請假王,怕麻烦,怕麻煩,怕麻煩,,,,,,
土居忍士,土居忍士,入门,入門,入門,,,,,,
铁面忍者,鐵面忍者,忍者,忍者,忍者,,,,,,
脱壳忍者,脫殼忍者,空壳,空殼,空殼,,,,,,
咕妞妞,咕妞妞,细语,細語,細語,,,,,,
吼爆弹,吼爆彈,大声,大聲,大聲,,,,,,
爆音怪,爆音怪,噪音,噪音,噪音,,,,,,
幕下力士,幕下力士,毅力,毅力,毅力,最早是从其他地区被带到这儿来的，但现在阿罗拉的幕下力士比较有名。,最早是從其他地區被帶到這裡來的，但現在阿羅拉的幕下力士比較有名。,最早是從其他地區被帶到這兒來的，但現在阿羅拉的幕下力士比較有名。,每天早上醒来后大家一起训练，到了中午就吃东西午睡，醒来后又继续训练。,每天早上醒來後大家一起訓練。到了中午吃完東西後就睡午覺。睡醒後又繼續訓練。,每天早上醒來後大家一起訓練，到了中午就吃東西午睡，醒來後又繼續訓練。
铁掌力士,鐵掌力士,猛推,猛推,猛推,因怪力而为人所知，但上了年纪后就会停止战斗，转而负责训练幕下力士。,因怪力而為人所知，但上了年紀後就會放棄戰鬥，轉而負責訓練幕下力士。,因怪力而為人所知，但上了年紀後就會停止戰鬥，轉而負責訓練幕下力士。,有着一巴掌能把卡车打飞那种程度的怪力，非常喜欢比力气。,擁有一巴掌就能把貨車打飛的怪力，最喜歡和對手比力氣。,有著一巴掌能把卡車打飛那種程度的怪力，非常喜歡比力氣。
露力丽,露力麗,水珠,水珠,水珠,,,,,,
朝北鼻,朝北鼻,罗盘,羅盤,羅盤,朝北鼻鼻子上的磁铁绝对不会失灵，所以是训练家旅行时的良伴。,朝北鼻鼻子上的磁鐵絕對不會失靈，所以是訓練家旅行時的良伴。,朝北鼻鼻子上的磁鐵絕對不會失靈，所以是訓練家旅行時的良伴。,用强劲的磁力把猎物吸过来。也会吸引并收集铁来保护身躯。,用強勁的磁力把獵物吸過來。也會吸引並收集鐵來保護身軀。,用強勁的磁力把獵物吸過來。也會吸引並收集鐵來保護身軀。
向尾喵,向尾喵,小猫,小貓,小貓,,,,,,
优雅猫,優雅貓,清高,清高,清高,,,,,,
勾魂眼,勾魂眼,黑暗,黑暗,黑暗,非常喜欢宝石，因此到处追着小碎钻。但却被尖牙陆鲨半路夺走。,非常喜歡寶石，因此到處追著小碎鑽跑，但卻被尖牙陸鯊半路奪走。,非常喜歡寶石，因此到處追著小碎鑽。但卻被尖牙陸鯊半路奪走。,宝石的眼睛发出诡异光芒时，就会摄取人的魂魄。是令人恐惧的宝可梦。,寶石的眼睛發出詭異光芒時，就會攝取人的魂魄。是令人恐懼的寶可夢。,寶石的眼睛發出詭異光芒時，就會攝取人的魂魄。是令人恐懼的寶可夢。
大嘴娃,大嘴娃,欺骗,欺騙,欺騙,,,,,,
可可多拉,可可多拉,铁铠,鐵鎧,鐵鎧,,,,,,
可多拉,可多拉,铁铠,鐵鎧,鐵鎧,,,,,,
波士可多拉,波士可多拉,铁铠,鐵鎧,鐵鎧,,,,,,
玛沙那,瑪沙那,冥想,冥想,冥想,,,,,,
恰雷姆,恰雷姆,冥想,冥想,冥想,,,,,,
落雷兽,落雷獸,闪电,閃電,閃電,,,,,,
雷电兽,雷電獸,放电,放電,放電,,,,,,
正电拍拍,正電拍拍,加油,加油,加油,,,,,,
负电拍拍,負電拍拍,加油,加油,加油,,,,,,
电萤虫,電螢蟲,萤火虫,螢火蟲,螢火蟲,,,,,,
甜甜萤,甜甜螢,萤火虫,螢火蟲,螢火蟲,,,,,,
毒蔷薇,毒薔薇,荆棘,荊棘,荊棘,,,,,,
溶食兽,溶食獸,胃袋,胃袋,胃袋,,,,,,
吞食兽,吞食獸,毒袋,毒袋,毒袋,,,,,,
利牙鱼,利牙魚,凶猛,凶猛,兇猛,每个群体都拥有自己的领地。对于入侵者，会毫不留情地露出牙齿发动袭击。,每個群體都擁有自己的地盤。對於入侵者，會毫不留情地露出牙齒發動攻擊。,每個群體都擁有自己的領地。對於入侵者，會毫不留情地露出牙齒髮動襲擊。,即使一丝丝血的味道也能闻到，并以集群形式袭击猎物。但只有１只的话，就相当胆小。,能聞出些微的鮮血氣味，集體攻擊獵物。只有１隻的時候相當膽小。,即使一絲絲血的味道也能聞到，並以集群形式襲擊獵物。但只有１只的話，就相當膽小。
巨牙鲨,巨牙鯊,凶暴,凶暴,凶暴,以１２０公里的时速追击猎物，用连铁都能咬碎的牙齿捕杀。通常称之为大海恶霸。,以１２０公里的時速追逐獵物，再用連鐵都能咬碎的牙齒捕殺。人稱牠為大海惡霸。,以１２０公里的時速追擊獵物，用連鐵都能咬碎的牙齒捕殺。通常稱之為大海惡霸。,过去，它的背鳍被当做贵重的食材，因此有着被滥捕的悲惨历史。,在過去，牠的背鰭被當作貴重的食材，因此有著被濫捕的悲慘歷史。,過去，它的背鰭被當做貴重的食材，因此有著被濫捕的悲慘歷史。
吼吼鲸,吼吼鯨,球鲸,球鯨,球鯨,喜欢吓人。喝入海水鼓成球一样，弹跳着玩。,很喜歡嚇人。會喝海水把肚子撐得跟球一樣來玩彈跳遊戲。,喜歡嚇人。喝入海水鼓成球一樣，彈跳著玩。,把喝入的海水从眼睛上方的鼻孔中喷出来吸引他人。每天要吃１吨弱丁鱼。,把喝入的海水從眼睛上方的鼻孔中噴出來吸引他人。每天要吃１噸弱丁魚。,把喝入的海水從眼睛上方的鼻孔中噴出來吸引他人。每天要吃１噸弱丁魚。
吼鲸王,吼鯨王,浮鲸,浮鯨,浮鯨,有成群结队追逐猎物的习性。用大大的嘴巴将弱丁鱼群一口气尽数吞下。,有成群結隊追逐獵物的習性。會用大大的嘴巴將整群的弱丁魚一口氣吞下。,有成群結隊追逐獵物的習性。用大大的嘴巴將弱丁魚群一口氣盡數吞下。,总之，因为超级巨大而受欢迎。观看吼鲸王在各地都是非常受欢迎的游览项目。,因為無比巨大而受歡迎。觀看吼鯨王的生態在各地都是非常受歡迎的遊覽項目。,總之，因為超級巨大而受歡迎。觀看吼鯨王在各地都是非常受歡迎的遊覽項目。
呆火驼,呆火駝,迟钝,遲鈍,遲鈍,,,,,,
喷火驼,噴火駝,喷火,噴火,噴火,,,,,,
煤炭龟,煤炭龜,煤炭,煤炭,煤炭,煤炭是其能量的来源。在煤炭龟栖息着的山里，沉睡着大量的煤炭。,煤炭是牠的能量來源。在煤炭龜棲息著的山裡，沉睡著大量的煤炭。,煤炭是其能量的來源。在煤炭龜棲息著的山裡，沉睡著大量的煤炭。,如果甲壳中的火焰消失就会死亡。要在家里培育的话，必须常备燃料。,如果甲殼中的火焰熄滅就會死亡。要在家裡培育的話，必須常備燃料。,如果甲殼中的火焰消失就會死亡。要在家裡培育的話，必須常備燃料。
跳跳猪,跳跳豬,弹跳,彈跳,彈跳,,,,,,
噗噗猪,噗噗豬,操纵,操縱,操縱,,,,,,
晃晃斑,晃晃斑,斑点熊猫,斑點熊貓,斑點熊貓,晃晃悠悠，步伐不稳健，但晃晃斑自己是打算要笔直走路的哦。,雖然走路總是搖搖晃晃歪七扭八的，但晃晃斑自己是打算要筆直走路的哦。,晃晃悠悠，步伐不穩健，但晃晃斑自己是打算要筆直走路的哦。,每一只身上的斑点花纹都不同。听说也有爱好者以这细微的斑点位置的不同为乐。,每一隻身上的斑點花紋都不同。聽說也有愛好者以這細微的斑點位置的不同為樂。,每一隻身上的斑點花紋都不同。聽說也有愛好者以這細微的斑點位置的不同為樂。
大颚蚁,大顎蟻,蚁狮,蟻獅,蟻獅,一整个星期什么都不吃也能生存。一动不动地呆在巢穴底部等待猎物的到来。,１整個星期什麼都不吃也能生存。總是動也不動地呆在巢穴底部等待獵物的到來。,一整個星期什麼都不吃也能生存。一動不動地呆在巢穴底部等待獵物的到來。,一边用大大的颚把挡道的岩石咬碎，一边挖沙子。巢穴的形状是捣蒜钵那样的。,一邊用大大的顎把礙事的岩石咬碎，一邊挖沙子。巢穴的形狀就像研磨缽一樣。,一邊用大大的顎把擋道的岩石咬碎，一邊挖沙子。巢穴的形狀是搗蒜缽那樣的。
超音波幼虫,超音波幼蟲,震动,震動,震動,还不发达的翅膀，比起飞行，反而更多地用于通过摩擦产生超音波攻击敌人。,還未發達的翅膀比起用於飛行，更常用來摩擦產生超音波，從而攻擊敵人。,還不發達的翅膀，比起飛行，反而更多地用於通過摩擦產生超音波攻擊敵人。,为了让翅膀成长，每天要吸食大量用消化液溶化的猎物。,為了讓翅膀成長，每天要用消化液溶化並吸食大量的獵物。,為了讓翅膀成長，每天要吸食大量用消化液溶化的獵物。
沙漠蜻蜓,沙漠蜻蜓,神秘,神秘,神秘,挥动翅膀的声音简直就是歌声。凡是被这声音迷惑的，最终会被卷入沙暴成为沙漠蜻蜓的食物。,揮動翅膀的振翅聲簡直有如歌聲。凡是被這聲音迷惑的，最終會被捲入沙暴成為沙漠蜻蜓的食物。,揮動翅膀的聲音簡直就是歌聲。凡是被這聲音迷惑的，最終會被捲入沙暴成為沙漠蜻蜓的食物。,因为位于自己卷起的沙暴中心，所以是很少现身于人前的宝可梦。,因為總是位於自己引發的沙暴中心，所以是極少現身於人前的寶可夢。,因為位於自己卷起的沙暴中心，所以是很少現身於人前的寶可夢。
刺球仙人掌,刺球仙人掌,仙人掌,仙人掌,仙人掌,,,,,,
梦歌仙人掌,夢歌仙人掌,稻草人,稻草人,稻草人,,,,,,
青绵鸟,青綿鳥,绵鸟,綿鳥,綿鳥,,,,,,
七夕青鸟,七夕青鳥,哼唱,哼唱,哼唱,,,,,,
猫鼬斩,貓鼬斬,猫鼬,貓鼬,貓鼬,,,,,,
饭匙蛇,飯匙蛇,牙蛇,牙蛇,牙蛇,,,,,,
月石,月石,陨石,隕石,隕石,,,,,,
太阳岩,太陽岩,陨石,隕石,隕石,,,,,,
泥泥鳅,泥泥鰍,须鱼,鬚魚,須魚,２根胡子是灵敏的雷达。即使在泥泞浑浊的水中，也能侦查到猎物的位置。,２根鬍子是靈敏的雷達。即使在因為泥濘而渾濁的水中，也能偵查到獵物的位置。,２根鬍子是靈敏的雷達。即使在泥濘渾濁的水中，也能偵查到獵物的位置。,滑溜溜的身体很难抓牢。甚至因此诞生了比试徒手捕捉量的节日。,滑溜溜的身體很難抓住。有的祭典甚至會舉辦看能徒手捉住多少隻的比賽。,滑溜溜的身體很難抓牢。甚至因此誕生了比試徒手捕捉量的節日。
鲶鱼王,鯰魚王,须鱼,鬚魚,須魚,只要是动的东西，无论什么都会咬住不放大吃特吃。平常就一直埋伏在沼泽底部一动不动地等待着猎物。,只要是會動的東西，無論什麼都會咬住不放大吃特吃。平常會靜靜埋伏在沼澤底部動也不動地等待著獵物。,只要是動的東西，無論什麼都會咬住不放大吃特吃。平常就一直埋伏在沼澤底部一動不動地等待著獵物。,成群的鲶鱼王在水面上跳跃的景象被认为是地震的前兆。,成群的鯰魚王在水面上跳躍的景象被認為是地震的先兆。,成群的鯰魚王在水面上跳躍的景象被認為是地震的前兆。
龙虾小兵,龍蝦小兵,无赖,無賴,無賴,,,,,,
铁螯龙虾,鐵螯龍蝦,流氓,流氓,流氓,,,,,,
天秤偶,天秤偶,泥偶,泥偶,泥偶,,,,,,
念力土偶,念力土偶,泥偶,泥偶,泥偶,,,,,,
触手百合,觸手百合,海百合,海百合,海百合,,,,,,
摇篮百合,搖籃百合,藤壶,藤壺,藤壺,,,,,,
太古羽虫,太古羽蟲,古虾,古蝦,古蝦,,,,,,
太古盔甲,太古盔甲,甲胄,甲胄,甲冑,,,,,,
丑丑鱼,醜醜魚,鱼,魚,魚,即使在脏水里也完全不介意的强壮的宝可梦。但破破烂烂一副寒酸的样子，所以不受欢迎。,即使在髒水裡也毫不介意的堅強寶可夢。但那一副破破爛爛的寒酸樣子並不受到歡迎。,即使在髒水裡也完全不介意的強壯的寶可夢。但破破爛爛一副寒酸的樣子，所以不受歡迎。,外表丑陋，所以不受欢迎。拥有惊人的生命力，因而成为了研究对象。,外表醜陋，所以不受歡迎。擁有驚人的生命力，因而成為了研究對象。,外表醜陋，所以不受歡迎。擁有驚人的生命力，因而成為了研究對象。
美纳斯,美納斯,慈爱,慈愛,慈愛,也被称为最美的宝可梦，一直给予许多艺术家灵感。,也被稱為最美的寶可夢，一直以來帶給了藝術家無數靈感。,也被稱為最美的寶可夢，一直給予許多藝術家靈感。,栖息在清澈的湖底。在发生战争时出现，治愈人们的心。,棲息在清澈的湖底。在發生戰爭時出現，治癒人們的心。,棲息在清澈的湖底。在發生戰爭時出現，治癒人們的心。
飘浮泡泡,飄浮泡泡,天气,天氣,天氣,根据天气而改变样子。听说气温和湿度的变化对细胞有影响。,會隨著天氣而改變樣子。氣溫和濕度的變化似乎會對牠的細胞產生影響。,根據天氣而改變樣子。聽說氣溫和濕度的變化對細胞有影響。,细胞对气温和湿度的反应很敏感，导致样子会随意地变化。,細胞會靈敏地反應氣溫和濕度，導致樣子不由自主地變化。,細胞對氣溫和濕度的反應很敏感，導致樣子會隨意地變化。
变隐龙,變隱龍,变色,變色,變色,,,,,,
怨影娃娃,怨影娃娃,人偶,人偶,人偶,,,,,,
诅咒娃娃,詛咒娃娃,布偶,布偶,布偶,,,,,,
夜巡灵,夜巡靈,渡魂,渡魂,渡魂,,,,,,
彷徨夜灵,彷徨夜靈,招手,招手,招手,,,,,,
热带龙,熱帶龍,水果,水果,水果,,,,,,
风铃铃,風鈴鈴,风铃,風鈴,風鈴,,,,,,
阿勃梭鲁,阿勃梭魯,灾祸,災禍,災禍,在迷信盛行的过去，因被认为会招来灾祸而遭到厌恶，并被赶到深山中去。,在迷信橫行的過去，因被認為會招來災禍而遭到厭惡，並被趕到了深山中去。,在迷信盛行的過去，因被認為會招來災禍而遭到厭惡，並被趕到深山中去。,被认为会带来灾祸，而实际上性格很温和。会向人传递灾害危机的信息。,被認為會帶來災禍，但實際上性格很溫和。會將災害危機的警訊傳達給人們。,被認為會帶來災禍，而實際上性格很溫和。會向人傳遞災害危機的資訊。
小果然,小果然,开朗,開朗,開朗,,,,,,
雪童子,雪童子,雪笠,雪笠,雪笠,等发觉时，已在阿罗拉增多起来。据说，雪童子栖息过的家庭会子孙满堂家族繁荣。,不知不覺間已在阿羅拉增多起來。據說，有雪童子棲息的家庭會子孫滿堂家族繁榮。,等發覺時，已在阿羅拉增多起來。據說，雪童子棲息過的家庭會子孫滿堂家族繁榮。,只能在寒冷的土地上生存。即使在零下１００度的环境下也能充满活力地到处蹦蹦跳跳哦。,只能在寒冷的土地上生存。即使在零下１００度的環境下也能充滿活力地到處蹦蹦跳跳哦。,只能在寒冷的土地上生存。即使在零下１００度的環境下也能充滿活力地到處蹦蹦跳跳哦。
冰鬼护,冰鬼護,脸面,臉面,臉麵,据说是即将登顶雪山，却罹难的登山家的遗憾，附在岩石上诞生而成。,據說是在即將登頂時在雪山上罹難的登山家心中的遺憾附在岩石上而形成的。,據說是即將登頂雪山，卻罹難的登山家的遺憾，附在岩石上誕生而成。,从大大的嘴巴里喷出冷气，把猎物瞬间冻得硬邦邦的。就这么嘎嘣嘎嘣地享用食物。,從大大的嘴巴裡噴出寒氣，把獵物瞬間凍得硬梆梆的，然後大口咬碎享用。,從大大的嘴巴裡噴出冷氣，把獵物瞬間凍得硬邦邦的。就這麼嘎嘣嘎嘣地享用食物。
海豹球,海豹球,拍手,拍手,拍手,,,,,,
海魔狮,海魔獅,滚球,滾球,滾球,,,,,,
帝牙海狮,帝牙海獅,破冰,破冰,破冰,,,,,,
珍珠贝,珍珠貝,双壳贝,雙殼貝,雙殼貝,,,,,,
猎斑鱼,獵斑魚,深海,深海,深海,,,,,,
樱花鱼,櫻花魚,南海,南海,南海,,,,,,
古空棘鱼,古空棘魚,长寿,長壽,長壽,从１亿年前起就是相同的样子。因为体内富含脂肪，所以可以承受深海的水压。,從１億年前就長這個樣子。因為體內積存著厚厚的脂肪，所以能承受深海的水壓。,從１億年前起就是相同的樣子。因為體內富含脂肪，所以可以承受深海的水壓。,在深海调查中被偶然发现。牙齿退化，靠吸食来摄取微生物。,在深海調查中偶然被發現。牙齒退化，只能用吸食的方式攝取微生物。,在深海調查中被偶然發現。牙齒退化，靠吸食來攝取微生物。
爱心鱼,愛心魚,相随,相隨,相隨,变成只有独自１只的爱心鱼无精打采地，尽是空虚。就在那时被大嘴鸥叼走了。,變成只有獨自１隻的愛心魚會變得無精打采而破綻處處。於是就被大嘴鷗趁機叼走了。,變成只有獨自１只的愛心魚無精打采地，儘是空虛。就在那時被大嘴鷗叼走了。,在情侣中人气很高，因此被放养在蜜月客人住宿的酒店泳池里。,很受情侶歡迎，因此被放養在蜜月客人住宿的旅館泳池裡。,在情侶中人氣很高，因此被放養在蜜月客人住宿的酒店泳池裡。
宝贝龙,寶貝龍,坚硬脑袋,堅硬腦袋,堅硬腦袋,它相信自己早晚能飞，听说是因为受到遗传基因中信息的影响。,牠之所以深信自己總有一天能飛，據說是因為受到基因中的資訊影響。,它相信自己早晚能飛，聽說是因為受到遺傳基因中資訊的影響。,用钢铁般坚硬的脑袋胡乱地头锤攻击。这是无法飞到空中的精神压力造成的。,用鋼鐵般堅硬的腦袋胡亂地作出頭錘攻擊。這是無法飛到空中的精神壓力造成的。,用鋼鐵般堅硬的腦袋胡亂地頭錘攻擊。這是無法飛到空中的精神壓力造成的。
甲壳龙,甲殼龍,耐力,耐力,耐力,细胞在壳中以爆发般的速度变化，为进化做准备。,細胞在殼中以爆發般的速度變化，正在為進化做準備。,細胞在殼中以爆發般的速度變化，為進化做準備。,一动不动地潜伏在洞穴深处，不吃也不喝。不知为何不会死掉。,一動不動地潛伏在洞穴深處，不吃也不喝。不知為何不會死掉。,一動不動地潛伏在洞穴深處，不吃也不喝。不知為何不會死掉。
暴飞龙,暴飛龍,龙,龍,龍,一生气就会忘记自我，把周围都破坏掉。破坏会持续不断，直到暴飞龙精疲力尽。,一生氣就會忘記自我，把周圍都破壞掉。破壞會持續不斷，直到暴飛龍精疲力盡。,一生氣就會忘記自我，把周圍都破壞掉。破壞會持續不斷，直到暴飛龍精疲力盡。,用最后终于长出来的翅膀在浩瀚的天空翱翔。兴奋地喷出火焰，将大地变成一片燃烧的原野。,用終於長出來的翅膀在浩瀚的天空翱翔。高興地噴出火焰，將大地變成一片火海。,用最後終於長出來的翅膀在浩瀚的天空翱翔。興奮地噴出火焰，將大地變成一片燃燒的原野。
铁哑铃,鐵啞鈴,铁球,鐵球,鐵球,细胞全部是磁铁。使用磁力和伙伴之间进行交流。,細胞全部是磁鐵。會使用磁力和夥伴之間進行交流。,細胞全部是磁鐵。使用磁力和夥伴之間進行交流。,放出磁力将对手吸到身边的时候，用臀部的爪子将对方劈开。,放出磁力將對手吸到身邊，然後用臀部的爪子將對方割開。,放出磁力將對手吸到身邊的時候，用臀部的爪子將對方劈開。
金属怪,金屬怪,铁爪,鐵爪,鐵爪,２只铁哑铃组合起来，精神力量也变为２倍。但是智商并没有发生改变。,２隻鐵啞鈴結合起來，精神力量也變為２倍。但是智商並沒有發生改變。,２只鐵啞鈴組合起來，精神力量也變為２倍。但是智商並沒有發生改變。,非常喜欢能放出磁力的矿物。会以１００公里的时速穷追朝北鼻。,非常喜歡能放出磁力的礦物。會以１００公里的時速窮追朝北鼻。,非常喜歡能放出磁力的礦物。會以１００公里的時速窮追朝北鼻。
巨金怪,巨金怪,铁足,鐵足,鐵足,用４只爪子和庞大的身体牢牢地按住猎物后，用腹部的牙齿嘎嘣嘎嘣地啃咬。,用４隻爪子和龐大的身體牢牢地按住獵物後，用腹部的牙齒嚼食。,用４只爪子和龐大的身體牢牢地按住獵物後，用腹部的牙齒嘎嘣嘎嘣地啃咬。,２只金属怪组合起来。通过４个大脑的并行处理，什么样的计算都只要一瞬间。,２隻金屬怪連結起來。透過４個腦袋的同步處理，只要一瞬間就可完成任何的計算。,２只金屬怪組合起來。通過４個大腦的並行處理，什麼樣的計算都只要一瞬間。
雷吉洛克,雷吉洛克,岩山,岩山,岩山,,,,,,
雷吉艾斯,雷吉艾斯,冰山,冰山,冰山,,,,,,
雷吉斯奇鲁,雷吉斯奇魯,黑金,黑金,黑金,,,,,,
拉帝亚斯,拉帝亞斯,无限,無限,無限,,,,,,
拉帝欧斯,拉帝歐斯,无限,無限,無限,,,,,,
盖欧卡,蓋歐卡,海底,海底,海底,,,,,,
固拉多,固拉多,大陆,大陸,大陸,,,,,,
烈空坐,烈空坐,天空,天空,天空,,,,,,
基拉祈,基拉祈,祈愿,祈願,祈願,,,,,,
代欧奇希斯,代歐奇希斯,ＤＮＡ,ＤＮＡ,ＤＮＡ,,,,,,
草苗龟,草苗龜,嫩叶,嫩葉,嫩葉,,,,,,
树林龟,樹林龜,树丛,樹叢,樹叢,,,,,,
土台龟,土台龜,大陆,大陸,大陸,,,,,,
小火焰猴,小火焰猴,小猴,小猴,小猴,,,,,,
猛火猴,猛火猴,顽皮,頑皮,頑皮,,,,,,
烈焰猴,烈焰猴,火焰,火焰,火焰,,,,,,
波加曼,波加曼,企鹅,企鵝,企鵝,,,,,,
波皇子,波皇子,企鹅,企鵝,企鵝,,,,,,
帝王拿波,帝王拿波,皇帝,皇帝,皇帝,,,,,,
姆克儿,姆克兒,椋鸟,椋鳥,椋鳥,,,,,,
姆克鸟,姆克鳥,椋鸟,椋鳥,椋鳥,,,,,,
姆克鹰,姆克鷹,猛禽,猛禽,猛禽,,,,,,
大牙狸,大牙狸,圆鼠,圓鼠,圓鼠,,,,,,
大尾狸,大尾狸,河狸,河狸,河狸,,,,,,
圆法师,圓法師,蟋蟀,蟋蟀,蟋蟀,,,,,,
音箱蟀,音箱蟀,蟋蟀,蟋蟀,蟋蟀,,,,,,
小猫怪,小貓怪,闪光,閃光,閃光,,,,,,
勒克猫,勒克貓,电光,電光,電光,,,,,,
伦琴猫,倫琴貓,目光,目光,目光,,,,,,
含羞苞,含羞苞,花苞,花苞,花苞,,,,,,
罗丝雷朵,羅絲雷朵,花束,花束,花束,,,,,,
头盖龙,頭蓋龍,头锤,頭錘,頭錘,生活在大约１亿年前的密林中。用最拿手的头锤对抗化石翼龙。,曾經生活在大約１億年前的密林中。用最拿手的頭錘對抗化石翼龍。,生活在大約１億年前的密林中。用最拿手的頭錘對抗化石翼龍。,在发现头盖龙化石的地层里也一并出土了被锤断了的树木的化石。,在發現頭蓋龍化石的地層裡也能發現折斷了的樹木的化石。,在發現頭蓋龍化石的地層裡也一併出土了被錘斷了的樹木的化石。
战槌龙,戰槌龍,头锤,頭錘,頭錘,反复使出头锤的头盖骨变得又硬又厚。但脑子比起头盖龙有所缩减。,反復使出頭錘的頭蓋骨變得又硬又厚。但腦容量比起頭蓋龍有所縮減。,反覆使出頭錘的頭蓋骨變得又硬又厚。但腦子比起頭蓋龍有所縮減。,曾经有过复原进化后的战槌龙逃之夭夭，用头锤破坏高层建筑的记录。,曾經有過復原進化後的戰槌龍逃之夭夭，用頭錘破壞高層建築的記錄。,曾經有過復原進化後的戰槌龍逃之夭夭，用頭錘破壞高層建築的記錄。
盾甲龙,盾甲龍,护盾,護盾,護盾,大量的化石被发现，但是几乎没有脸的部分有损伤或缺失的情况。,大量的化石被發現，但幾乎所有化石臉的部位都沒有任何損傷或缺失。,大量的化石被發現，但是幾乎沒有臉的部分有損傷或缺失的情況。,看来多亏了那张结实的脸，敌人也少了。栖息在太古时代的丛林里。,多虧那張結實的臉，牠的敵人應該不多。棲息在太古時代的叢林裡。,看來多虧了那張結實的臉，敵人也少了。棲息在太古時代的叢林裡。
护城龙,護城龍,护盾,護盾,護盾,如果是从正面的话，可以防住所有的攻击，但从后方被袭的话就束手无策了。,如果是從正面的話，可以防住所有的攻擊，但從後方遇襲的話就束手無策了。,如果是從正面的話，可以防住所有的攻擊，但從後方被襲的話就束手無策了。,与战槌龙生活在相似的地方。也曾发现过２只互相争斗一起倒下后变成的化石。,與戰槌龍生活在相似的地方。也曾發現過２隻互相爭鬥後同歸於盡而變成的化石。,與戰槌龍生活在相似的地方。也曾發現過２只互相爭鬥一起倒下後變成的化石。
结草儿,結草兒,蓑衣虫,蓑衣蟲,蓑衣蟲,,,,,,
结草贵妇,結草貴婦,蓑衣虫,蓑衣蟲,蓑衣蟲,,,,,,
绅士蛾,紳士蛾,蓑衣蛾,蓑衣蛾,蓑衣蛾,,,,,,
三蜜蜂,三蜜蜂,幼蜂,幼蜂,幼蜂,,,,,,
蜂女王,蜂女王,蜂巢,蜂巢,蜂巢,,,,,,
帕奇利兹,帕奇利茲,电松鼠,電松鼠,電松鼠,,,,,,
泳圈鼬,泳圈鼬,海鼬,海鼬,海鼬,,,,,,
浮潜鼬,浮潛鼬,海鼬,海鼬,海鼬,,,,,,
樱花宝,櫻花寶,樱桃,櫻桃,櫻桃,,,,,,
樱花儿,櫻花兒,樱花,櫻花,櫻花,,,,,,
无壳海兔,無殼海兔,海兔,海兔,海兔,岩岸是它主要的居所。根据栖息地的环境和食物的质地，颜色和样子会有所不同。,岩岸是牠主要的居所。根據棲息地的環境和所吃食物的質地，顏色和樣子會有所不同。,岩岸是它主要的居所。根據棲息地的環境和食物的質地，顏色和樣子會有所不同。,一旦接触，紫色的粘液就会粘到手上。即使反复洗也不怎么能洗掉，所以要注意。,如果用手摸牠，紫色的黏液就會沾到手上。不管怎麼洗都很難洗掉，所以要注意。,一旦接觸，紫色的黏液就會黏到手上。即使反覆洗也不怎麼能洗掉，所以要注意。
海兔兽,海兔獸,海兔,海兔,海兔,再生能力很高。即使被鱼宝可梦咬断，也会在几小时内恢复原状哦。,再生能力很高。即使被魚寶可夢咬斷也會在幾小時內恢復原狀哦。,再生能力很高。即使被魚寶可夢咬斷，也會在幾小時內恢復原狀哦。,无形的浮游生物是它的主要食物。会到陆地上来，但原因尚不清楚。,牠的主要食物是無形的浮游生物。會到陸地上來，但原因尚不清楚。,無形的浮遊生物是它的主要食物。會到陸地上來，但原因尚不清楚。
双尾怪手,雙尾怪手,长尾,長尾,長尾,,,,,,
飘飘球,飄飄球,气球,氣球,氣球,据说会牵着年幼孩子的手，将其带去另一个世界。不喜欢身体重的孩子。,據說會牽著年幼孩子的手，將其帶去另一個世界。不喜歡身體重的孩子。,據說會牽著年幼孩子的手，將其帶去另一個世界。不喜歡身體重的孩子。,身体因某种原因弄破的话，就会伴随着呼喊一样的声音溢出魂魄来。,身體因某種原因破掉的話，就會伴隨著呼喊一樣的聲音溢出魂魄來。,身體因某種原因弄破的話，就會伴隨著呼喊一樣的聲音溢出魂魄來。
随风球,隨風球,热气球,熱氣球,熱氣球,曾经发生过乘着随风球外出旅行的男人就这么行踪不明的事件。,曾經發生過乘著隨風球出發旅行的男人就這樣失蹤的事件。,曾經發生過乘著隨風球外出旅行的男人就這麼行蹤不明的事件。,日暮时分飞行的大群随风球，即使一直盯着观察，也会在一不留神间消失。,日暮時分飛行的大群隨風球，即使一直盯著觀察，也會在一不留神間消失。,日暮時分飛行的大群隨風球，即使一直盯著觀察，也會在一不留神間消失。
卷卷耳,捲捲耳,兔子,兔子,兔子,,,,,,
长耳兔,長耳兔,兔子,兔子,兔子,,,,,,
梦妖魔,夢妖魔,魔法,魔法,魔法,不知从何处出现，碎碎念着咒文，施加诅咒，制造恐怖的幻象。,不知從何處出現，碎碎念著咒文，施加詛咒，製造恐怖的幻象。,不知從何處出現，碎碎念著咒文，施加詛咒，製造恐怖的幻象。,因为也会施加实现恋爱愿望的咒语，所以也有拼命寻找梦妖魔的人。,因為也會施加實現戀愛願望的咒語，所以也有不惜性命尋找夢妖魔的人。,因為也會施加實現戀愛願望的咒語，所以也有拚命尋找夢妖魔的人。
乌鸦头头,烏鴉頭頭,大头目,大頭目,大頭目,夜行性。只要鸣叫一声，就会有超过１００只的黑暗鸦跟班聚集起来。,夜行性。只要鳴叫一聲，就會有超過１００隻的黑暗鴉跟班聚集起來。,夜行性。只要鳴叫一聲，就會有超過１００只的黑暗鴉跟班聚集起來。,对于捕猎失败还有背叛了的黑暗鸦跟班们，无论天涯海角都会穷追过去处罚。,對於捕獵失敗還有背叛了的黑暗鴉跟班們，無論天涯海角都會窮追過去施以處罰。,對於捕獵失敗還有背叛了的黑暗鴉跟班們，無論天涯海角都會窮追過去處罰。
魅力喵,魅力喵,装乖,裝乖,裝乖,,,,,,
东施喵,東施喵,虎斑猫,虎斑貓,虎斑貓,,,,,,
铃铛响,鈴鐺響,铃铛,鈴鐺,鈴鐺,,,,,,
臭鼬噗,臭鼬噗,臭鼬,臭鼬,臭鼬,,,,,,
坦克臭鼬,坦克臭鼬,臭鼬,臭鼬,臭鼬,,,,,,
铜镜怪,銅鏡怪,青铜,青銅,青銅,,,,,,
青铜钟,青銅鐘,铜钟,銅鐘,銅鐘,,,,,,
盆才怪,盆才怪,盆栽,盆栽,盆栽,很怕水，所以生活在干燥的地方。因为周围绿色很少，所以相当醒目。,很怕水，所以生活在乾燥的地方。因為周圍綠色植物很少，所以相當顯眼。,很怕水，所以生活在乾燥的地方。因為周圍綠色很少，所以相當醒目。,会从眼睛排出体内多余的水分。该成分接近人类的汗液。,會從眼睛排出體內多餘的水分。該成分接近人類的汗液。,會從眼睛排出體內多餘的水分。該成分接近人類的汗液。
魔尼尼,魔尼尼,默剧,默劇,默劇,,,,,,
小福蛋,小福蛋,家家酒,家家酒,家家酒,腹部的袋子里装着白色的圆形石头。如果关系变好，也可能会分给你哦。,腹部的袋子裡裝著白色的圓形石頭。如果和牠變得友好，也可能會分一點給你哦。,腹部的袋子裡裝著白色的圓形石頭。如果關係變好，也可能會分給你哦。,因为很小，还不能生蛋。会寻找白白的圆圆的石头来作为替代。,因為很小，還不能生蛋。會尋找白白圓圓的石頭來代替。,因為很小，還不能生蛋。會尋找白白的圓圓的石頭來作為替代。
聒噪鸟,聒噪鳥,音符,音符,音符,,,,,,
花岩怪,花岩怪,封印,封印,封印,,,,,,
圆陆鲨,圓陸鯊,陆鲨,陸鯊,陸鯊,生活在因地热而温暖的洞窟里。即便如此，一旦变冷就会和伙伴们紧紧挨在一起。,生活在充滿地熱的溫暖洞窟裡。即便如此，一旦變冷就會和夥伴們緊緊靠在一起。,生活在因地熱而溫暖的洞窟裡。即便如此，一旦變冷就會和夥伴們緊緊挨在一起。,潜伏在地洞内，如果有猎物或敌人经过，就会扑出来咬住。有时会用力过猛牙齿豁掉。,潛伏在地洞內，如果有獵物或敵人經過，就會撲出來咬住。有時會用力過猛而咬壞牙齒。,潛伏在地洞內，如果有獵物或敵人經過，就會撲出來咬住。有時會用力過猛牙齒豁掉。
尖牙陆鲨,尖牙陸鯊,洞穴,洞穴,洞穴,偶尔蜕皮，鳞片会脱落。其成分中所含的药物成分可以让疲劳的身体活力四射。,偶爾脫皮，鱗片會脫落。含有其成分的藥可以讓疲勞的身體活力四射。,偶爾蛻皮，鱗片會脫落。其成分中所含的藥物成分可以讓疲勞的身體活力四射。,最喜欢闪闪发光的东西。一直呆在巢穴里，盯着宝石和捕捉到的小碎钻。,最喜歡閃閃發光的東西。會一直呆在巢穴裡盯著寶石和捕捉到的小碎鑽。,最喜歡閃閃發光的東西。一直呆在巢穴裡，盯著寶石和捕捉到的小碎鑽。
烈咬陆鲨,烈咬陸鯊,音速,音速,音速,以媲美喷气式飞机的高速来飞行。如果冲入鸟宝可梦的群体中，会就这么把整个群体都吞掉。,以媲美噴射機的速度高速飛行。如果衝入鳥寶可夢的群體中，會就直接把整個群體都吞掉。,以媲美噴氣式飛機的高速來飛行。如果沖入鳥寶可夢的群體中，會就這麼把整個群體都吞掉。,头上长着的２个突起物是起感应器作用的。前方很远处猎物的样子也能知道。,頭上長著的２個突起物是作為感應器的用途。就連遠處獵物的狀況也能察覺。,頭上長著的２個突起物是起感應器作用的。前方很遠處獵物的樣子也能知道。
小卡比兽,小卡比獸,大胃王,大胃王,大胃王,每天必须要吃和自重同等分量的食物。味道的好坏并不在意。,每天必須要吃和自身體重同等份量的食物。並不在意味道的好壞。,每天必須要吃和自重同等分量的食物。味道的好壞並不在意。,一旦找到看起来能吃的东西，就不管三七二十一先捡起来吞了。所以就这么一天天地变胖起来。,一旦找到看起來能吃的東西，就不管三七二十一先撿起來吞了。所以就這麼一天天地變胖起來。,一旦找到看起來能吃的東西，就不管三七二十一先撿起來吞了。所以就這麼一天天地變胖起來。
利欧路,利歐路,波纹,波紋,波紋,以“波导”这种波的形式观察人和宝可梦的感情，以及自然的样子。,以「波導」這種波的形式觀察人和寶可夢的感情，以及自然的樣子。,以「波導」這種波的形式觀察人和寶可夢的感情，以及自然的樣子。,能跑整整一晚上，是非常坚毅勤奋的家伙，不过仍然是毛头小子。,能跑整整一晚上，是非常堅毅努力的傢伙，不過仍然是毛頭小子。,能跑整整一晚上，是非常堅毅勤奮的傢伙，不過仍然是毛頭小子。
路卡利欧,路卡利歐,波导,波導,波導,不仅仅是读取，还获得了操控波导的能力。也会被用于战斗。,不僅僅是讀取，還獲得了操控波導的能力。也會用於戰鬥。,不僅僅是讀取，還獲得了操控波導的能力。也會被用於戰鬥。,能侦测到１公里开外生物的种类和心情。操纵波导以群体形式狩猎。,能察覺到１公里外生物的種類和心情。操縱波導以群體形式狩獵。,能偵測到１公里開外生物的種類和心情。操縱波導以群體形式狩獵。
沙河马,沙河馬,河马,河馬,河馬,,,,,,
河马兽,河馬獸,重量,重量,重量,,,,,,
钳尾蝎,鉗尾蠍,蝎子,蠍子,蠍子,,,,,,
龙王蝎,龍王蠍,蝎怪,蠍怪,蠍怪,,,,,,
不良蛙,不良蛙,毒击,毒擊,毒擊,,,,,,
毒骷蛙,毒骷蛙,毒击,毒擊,毒擊,,,,,,
尖牙笼,尖牙籠,捕虫,捕蟲,捕蟲,,,,,,
荧光鱼,螢光魚,飞翅鱼,飛翅魚,飛翅魚,粉红色的那部分皮肤会储存太阳光并发光。听说是用来做保护色的。,粉紅色的皮膚部分會儲存太陽光發光。聽說是用來做保護色的。,粉紅色的那部分皮膚會儲存太陽光並發光。聽說是用來做保護色的。,用２片尾鳍活力四射地跳跃。跳出海面的那一刻，会被长翅鸥叼走。,用２枚尾鰭活力充沛地跳躍。跳出海面的那一刻，會被長翅鷗叼走。,用２片尾鰭活力四射地跳躍。跳出海面的那一刻，會被長翅鷗叼走。
霓虹鱼,霓虹魚,霓虹,霓虹,霓虹,利用光来诱惑猎物靠近，但是作为天敌的凶猛鱼宝可梦也靠了过来。,利用光來引誘獵物靠近，但往往連天敵的兇猛魚寶可夢也引了過來。,利用光來誘惑獵物靠近，但是作為天敵的兇猛魚寶可夢也靠了過來。,栖息在海底的深海宝可梦。使用鳍在海底爬行，寻找爱吃的宝石海星。,棲息在海底的深海寶可夢。使用鰭在海底爬行，尋找愛吃的寶石海星。,棲息在海底的深海寶可夢。使用鰭在海底爬行，尋找愛吃的寶石海星。
小球飞鱼,小球飛魚,风筝,風箏,風箏,,,,,,
雪笠怪,雪笠怪,树冰,樹冰,樹冰,,,,,,
暴雪王,暴雪王,树冰,樹冰,樹冰,,,,,,
玛狃拉,瑪狃拉,钩爪,鉤爪,鈎爪,４～５只一组进行行动。在岩石和树木上留下记号，以团队合作捕杀猎物。,４～５隻一組行動。在岩石和樹木上留下記號，以團隊合作捕殺獵物。,４～５只一組進行行動。在岩石和樹木上留下記號，以團隊合作捕殺獵物。,生活在寒冷的地方，在阿罗拉以六尾和穿山鼠为主要食物。伙伴之间会认真地分配猎物。,生活在寒冷的地方，在阿羅拉以六尾和穿山鼠為主食。捕獲的獵物會和同伴們公平地分享。,生活在寒冷的地方，在阿羅拉以六尾和穿山鼠為主要食物。夥伴之間會認真地分配獵物。
自爆磁怪,自爆磁怪,磁场,磁場,磁場,从３个组件中放出磁力。经常有把飞向夜空的自爆磁怪错看成ＵＦＯ的报告。,從３個組件中放出磁力。經常出現把飛上夜空的自爆磁怪錯看成ＵＦＯ的報告。,從３個組件中放出磁力。經常有把飛向夜空的自爆磁怪錯看成ＵＦＯ的報告。,据说会一边在空中来回飞行，一边发送怪异电波和接收未知电波。,據說會一邊發送怪異電波一邊在空中四處飛行，接收未知的電波。,據說會一邊在空中來回飛行，一邊發送怪異電波和接收未知電波。
大舌舔,大舌舔,舔舔,舔舔,舔舔,,,,,,
超甲狂犀,超甲狂犀,钻锥,鑽錐,鑽錐,,,,,,
巨蔓藤,巨蔓藤,藤蔓状,藤蔓狀,藤蔓狀,,,,,,
电击魔兽,電擊魔獸,雷电,雷電,雷電,用尾巴尖尖按住敌人，输入高压电流。敌人瞬间就成黑炭了。,用尾巴尖端按住敵人，灌注高壓電流。敵人瞬間就變成黑炭了。,用尾巴尖尖按住敵人，輸入高壓電流。敵人瞬間就成黑炭了。,兴奋的时候会捶胸鸣叫。每到那时，电火花会飞溅，雷声会在四周回响。,興奮的時候會捶胸發出聲響。每次捶胸都會飛濺出電火花，雷聲會在四周回響。,興奮的時候會捶胸鳴叫。每到那時，電火花會飛濺，雷聲會在四周迴響。
鸭嘴炎兽,鴨嘴炎獸,爆炎,爆炎,爆炎,栖息在火山口。据说一座火山只有一对鸭嘴炎兽。,棲息在火山口。據說１座火山只有一對鴨嘴炎獸。,棲息在火山口。據說一座火山只有一對鴨嘴炎獸。,从手腕处发射出摄氏２０００度的火球。连射时手腕会稍稍熔化。,從手部前端發射出攝氏２０００度的火球。連發時手會稍稍熔化。,從手腕處發射出攝氏２０００度的火球。連射時手腕會稍稍熔化。
波克基斯,波克基斯,祝福,祝福,祝福,,,,,,
远古巨蜓,遠古巨蜓,勾蜓,勾蜓,勾蜓,,,,,,
叶伊布,葉伊布,新绿,新綠,新綠,比起动物，细胞构成更接近植物。用光合作用，就算不吃也能获得能量。,比起動物，細胞構成更接近植物。靠著光合作用，就算不吃東西也能獲得能量。,比起動物，細胞構成更接近植物。用光合作用，就算不吃也能獲得能量。,越是年幼的叶伊布，越是有冲鼻的青草香味。年老后就变成好像落叶的味道。,越是年幼的葉伊布，越是有刺鼻的青草味。年老後就會變成好像落葉的味道。,越是年幼的葉伊布，越是有沖鼻的青草香味。年老後就變成好像落葉的味道。
冰伊布,冰伊布,新雪,新雪,新雪,自由地控制体温，让大气中的水分冻结，卷起冰晶。,能自由地控制體溫，讓大氣中的水分凍結，捲起冰晶。,自由地控制體溫，讓大氣中的水分凍結，卷起冰晶。,把体毛冻得像锐利的冰柱那样尖之后，朝猎物冲撞过去。,冰凍體毛，讓其像銳利的冰柱那樣變尖之後，向著獵物衝撞。,把體毛凍得像銳利的冰柱那樣尖之後，朝獵物衝撞過去。
天蝎王,天蠍王,牙蝎,牙蠍,牙蠍,,,,,,
象牙猪,象牙豬,双牙,雙牙,雙牙,,,,,,
多边兽Ｚ,多邊獸Ｚ,虚拟,虛擬,虛擬,以更优秀的宝可梦为目标，好像新追加的程序状况不佳，动作很奇怪。,以成為更優秀的寶可夢為目標所新追加的程式好像狀況不佳，使得動作變得很奇怪。,以更優秀的寶可夢為目標，好像新追加的程序狀況不佳，動作很奇怪。,为了在异次元空间行动而更新了程序，但是其怪异的举动却很惹人注目。,以能夠在異次元空間活動為目標更新了程式，但是怪異的動作非常惹人注目。,為了在異次元空間行動而更新了程序，但是其怪異的舉動卻很惹人注目。
艾路雷朵,艾路雷朵,利刃,利刃,利刃,,,,,,
大朝北鼻,大朝北鼻,罗盘,羅盤,羅盤,因为会释放强大的磁力，所以导致附近的电器都变得无法使用。,因為會釋放強大的磁力，導致附近的電器都變得無法使用。,因為會釋放強大的磁力，所以導致附近的電器都變得無法使用。,可以本体不动，自由操纵被称为小朝北鼻的３个部件来捕捉猎物。,可以本體不動，自由操縱被稱為小朝北鼻的３個組件來捕捉獵物。,可以本體不動，自由操縱被稱為小朝北鼻的３個部件來捕捉獵物。
黑夜魔灵,黑夜魔靈,抓握,抓握,抓握,,,,,,
雪妖女,雪妖女,雪国,雪國,雪國,用冷气把中意的人类或宝可梦都冻起来。然后带回巢穴当装饰用。,會用寒氣把喜歡的人類或寶可夢都凍結起來，然後帶回巢穴當成裝飾。,用冷氣把中意的人類或寶可夢都凍起來。然後帶回巢穴當裝飾用。,在雪山遇难的女性魂魄附体在冰柱上。喜欢吃男性的魂魄。,在雪山遇難的女性魂魄附身在冰柱上。喜歡吃男性的魂魄。,在雪山遇難的女性魂魄附體在冰柱上。喜歡吃男性的魂魄。
洛托姆,洛托姆,等离子,等離子,等離子,,,,,,
由克希,由克希,知识,知識,知識,,,,,,
艾姆利多,艾姆利多,感情,感情,感情,,,,,,
亚克诺姆,亞克諾姆,意志,意志,意志,,,,,,
帝牙卢卡,帝牙盧卡,时间,時間,時間,,,,,,
帕路奇亚,帕路奇亞,空间,空間,空間,,,,,,
席多蓝恩,席多藍恩,火山口,火山口,火山口,,,,,,
雷吉奇卡斯,雷吉奇卡斯,巨大,巨大,巨大,,,,,,
骑拉帝纳,騎拉帝納,反抗,反抗,反抗,,,,,,
克雷色利亚,克雷色利亞,新月,新月,新月,,,,,,
霏欧纳,霏歐納,海洋,海洋,海洋,,,,,,
玛纳霏,瑪納霏,回游,洄游,回遊,,,,,,
达克莱伊,達克萊伊,暗黑,暗黑,暗黑,,,,,,
谢米,謝米,感谢,感謝,感謝,,,,,,
阿尔宙斯,阿爾宙斯,创造,創造,創造,,,,,,
比克提尼,比克提尼,胜利,勝利,勝利,,,,,,
藤藤蛇,藤藤蛇,草蛇,草蛇,草蛇,,,,,,
青藤蛇,青藤蛇,草蛇,草蛇,草蛇,,,,,,
君主蛇,君主蛇,皇家,皇家,皇家,,,,,,
暖暖猪,暖暖豬,火猪,火豬,火豬,,,,,,
炒炒猪,炒炒豬,火猪,火豬,火豬,,,,,,
炎武王,炎武王,大火猪,大火豬,大火豬,,,,,,
水水獭,水水獺,海獭,海獺,海獺,,,,,,
双刃丸,雙刃丸,修行,修行,修行,,,,,,
大剑鬼,大劍鬼,威严,威嚴,威嚴,,,,,,
探探鼠,探探鼠,放哨,放哨,放哨,,,,,,
步哨鼠,步哨鼠,警戒,警戒,警戒,,,,,,
小约克,小約克,小狗,小狗,小狗,因为不会汪汪汪地叫个不停，所以对于住在公寓里的训练家是人气很高的宝可梦。,因為不會汪汪汪地叫個不停，所以很受住公寓的訓練家們的歡迎。,因為不會汪汪汪地叫個不停，所以對於住在公寓裡的訓練家是人氣很高的寶可夢。,覆盖着脸部的毛拥有雷达的功能，用来探索战斗对手的样子。,覆蓋著臉部的毛擁有雷達的功能，用來探測戰鬥對手的狀況。,覆蓋著臉部的毛擁有雷達的功能，用來探索戰鬥對手的樣子。
哈约克,哈約克,忠犬,忠犬,忠犬,黑色的体毛非常坚硬，会不断长出。是要花修剪费，很费事的宝可梦。,黑色的體毛非常堅硬，且會不斷長出，需要花錢修剪，是很費事的寶可夢。,黑色的體毛非常堅硬，會不斷長出。是要花修剪費，很費事的寶可夢。,对主人的命令绝对服从。但绝对不会听看起来地位不如它的对手所说的话。,會忠實地聽從主人的命令。但絕對不聽自己看不起的人所說的話。,對主人的命令絕對服從。但絕對不會聽看起來地位不如它的對手所說的話。
长毛狗,長毛狗,宽大,寬大,寬大,聪明温厚而勇敢。是救援队队员们可以信赖的伙伴。,聰明溫厚而勇敢。是深受救援隊隊員們信賴的好夥伴。,聰明溫厚而勇敢。是救援隊隊員們可以信賴的夥伴。,很聪明，且不用担心会朝人猛扑过来，所以也有家长会把保护孩子的任务交给它。,很聰明，不用擔心牠會襲擊人，所以也有家長會把保護孩子的任務交給牠。,很聰明，且不用擔心會朝人猛撲過來，所以也有家長會把保護孩子的任務交給它。
扒手猫,扒手貓,坏心眼,壞心眼,壞心眼,,,,,,
酷豹,酷豹,冷酷,冷酷,冷酷,,,,,,
花椰猴,花椰猴,草猴,草猴,草猴,,,,,,
花椰猿,花椰猿,刺猴,刺猴,刺猴,,,,,,
爆香猴,爆香猴,高温,高溫,高溫,,,,,,
爆香猿,爆香猿,火花,火花,火花,,,,,,
冷水猴,冷水猴,泼水,潑水,潑水,,,,,,
冷水猿,冷水猿,放水,放水,放水,,,,,,
食梦梦,食夢夢,食梦,食夢,食夢,,,,,,
梦梦蚀,夢夢蝕,半梦半醒,半夢半醒,半夢半醒,,,,,,
豆豆鸽,豆豆鴿,小鸽,小鴿,小鴿,,,,,,
咕咕鸽,咕咕鴿,野鸽,野鴿,野鴿,,,,,,
高傲雉鸡,高傲雉雞,自尊心,自尊心,自尊心,,,,,,
斑斑马,斑斑馬,带电,帶電,帶電,,,,,,
雷电斑马,雷電斑馬,雷电,雷電,雷電,,,,,,
石丸子,石丸子,地幔,地幔,地幔,在地下的最深处诞生。会与亲缘相近的小拳石和小碎钻较量硬度。,在地下的最深處誕生。會和血緣相近的小拳石還有小碎鑽互相較量硬度。,在地下的最深處誕生。會與親緣相近的小拳石和小碎鑽較量硬度。,六角形的空洞是耳朵。会朝着声音响起的方向走过去，但声音一旦停止就迷惘地跌倒。,六角形的空洞是耳朵。會朝著聲音響起的方向走過去，但聲音一旦停止便會迷惘地跌倒。,六角形的空洞是耳朵。會朝著聲音響起的方向走過去，但聲音一旦停止就迷惘地跌倒。
地幔岩,地幔岩,矿石,礦石,礦石,橙色的结晶是能量块。一块结晶可提供１００辆翻斗车所需的燃料。,橙色的結晶是能量塊。一塊結晶可提供１００輛大卡車所需的燃料。,橙色的結晶是能量塊。一塊結晶可提供１００輛翻斗車所需的燃料。,在洞窟里寻找地下水。对水本身不是很适应，所以都是一点点慢慢舔。,在洞窟裡尋找地下水。對水的抵抗力並不好，所以都是一點一點慢慢舔。,在洞窟裡尋找地下水。對水本身不是很適應，所以都是一點點慢慢舔。
庞岩怪,龐岩怪,高压,高壓,高壓,从太阳光线中造出来的能量弹威力巨大。但是晚上和雨天无法射击。,利用太陽光製造出來的能量彈威力強大。但是晚上和雨天都無法發射。,從太陽光線中造出來的能量彈威力巨大。但是晚上和雨天無法射擊。,因为拥有相当大的马力，所以是深受建设相关人员喜爱，被选作同伴的宝可梦。,因為擁有相當大的馬力，所以建築相關人員很喜歡選擇這個寶可夢當拍檔。,因為擁有相當大的馬力，所以是深受建設相關人員喜愛，被選作夥伴的寶可夢。
滚滚蝙蝠,滾滾蝙蝠,蝙蝠,蝙蝠,蝙蝠,,,,,,
心蝙蝠,心蝙蝠,求爱,求愛,求愛,,,,,,
螺钉地鼠,螺釘地鼠,鼹鼠,鼴鼠,鼴鼠,,,,,,
龙头地鼠,龍頭地鼠,地底,地底,地底,,,,,,
差不多娃娃,差不多娃娃,听力,聽力,聽力,,,,,,
搬运小匠,搬運小匠,筋骨,筋骨,筋骨,,,,,,
铁骨土人,鐵骨土人,筋骨,筋骨,筋骨,,,,,,
修建老匠,修建老匠,筋骨,筋骨,筋骨,,,,,,
圆蝌蚪,圓蝌蚪,蝌蚪,蝌蚪,蝌蚪,,,,,,
蓝蟾蜍,藍蟾蜍,震动,震動,震動,,,,,,
蟾蜍王,蟾蜍王,震动,震動,震動,,,,,,
投摔鬼,投摔鬼,柔道,柔道,柔道,,,,,,
打击鬼,打擊鬼,空手道,空手道,空手道,,,,,,
虫宝包,蟲寶包,裁缝,裁縫,裁縫,,,,,,
宝包茧,寶包繭,足不出叶,足不出葉,足不出葉,,,,,,
保姆虫,保母蟲,育儿,育兒,育兒,,,,,,
百足蜈蚣,百足蜈蚣,蜈蚣,蜈蚣,蜈蚣,,,,,,
车轮球,車輪毬,茧蜈蚣,繭蜈蚣,繭蜈蚣,,,,,,
蜈蚣王,蜈蚣王,巨蜈蚣,巨蜈蚣,巨蜈蚣,,,,,,
木棉球,木棉球,棉球,棉球,棉球,找到伙伴后就会贴上去。贴得太多的话，有时候看上去就像积雨云。,找到夥伴後就會黏過去。黏得太多的話，有時候看上去就像積雨雲。,找到夥伴後就會貼上去。貼得太多的話，有時候看上去就像積雨雲。,使用木棉球吐出的棉花制作而成的枕头和被褥是又轻又透气的高级商品。,使用木棉球吐出的棉花製作而成的枕頭和被褥是又輕又透氣的高級商品。,使用木棉球吐出的棉花製作而成的枕頭和被褥是又輕又透氣的高級商品。
风妖精,風妖精,风隐,風隱,風隱,乘着风侵入民居。把房间里弄得满是棉花后，咯咯咯地笑着离去。,乘著風侵入民居。把房間裡弄得滿是棉絮後，就會嘻嘻哈哈地笑著離去。,乘著風侵入民居。把房間裡弄得滿是棉花後，咯咯咯地笑著離去。,乘着风出现，但如果风力过强，头上的棉花就会被风扯掉。,乘著風出現，但如果風力過強，頭上的棉花就會被風扯掉。,乘著風出現，但如果風力過強，頭上的棉花就會被風扯掉。
百合根娃娃,百合根娃娃,根茎,根莖,根莖,头上的叶子苦得让人头晕眼花，但是对疲惫的身体很有效果。如果煎服饮用会更有效。,頭上的葉子味道苦得讓人頭昏，但是對疲倦的身體很有效果。如果煎服飲用會更有效。,頭上的葉子苦得讓人頭暈眼花，但是對疲憊的身體很有效果。如果煎服飲用會更有效。,如果时不时修剪叶子，就会长成圆鼓鼓很华丽的样子。,如果偶爾修剪葉子，就會長成圓鼓鼓很華麗的樣子。,如果時不時修剪葉子，就會長成圓鼓鼓很華麗的樣子。
裙儿小姐,裙兒小姐,花饰,花飾,花飾,无论花多少工夫和金钱，比起借助人工手段让它开放，在野外绽放的花更美。,無論花多少功夫和金錢，比起借助人工手段培育出的花，在野外綻放的花更美。,無論花多少工夫和金錢，比起借助人工手段讓它開放，在野外綻放的花更美。,一旦找到了♂作为同伴，美丽的花就会渐渐黯淡，变得枯萎。,一旦和♂成為伴侶，美麗的花就會漸漸黯淡，變得枯萎。,一旦找到了♂作為夥伴，美麗的花就會漸漸黯淡，變得枯萎。
野蛮鲈鱼,野蠻鱸魚,粗暴,粗暴,粗暴,,,,,,
黑眼鳄,黑眼鱷,沙漠鳄鱼,沙漠鱷魚,沙漠鱷魚,潜藏在沙中像游泳一样移动。是为了不被敌人发现和不让体温下降而采取的机智行为。,潛藏在沙中像游泳一樣移動。這是種兼具不被敵人發現和保持體溫效果的生存智慧。,潛藏在沙中像游泳一樣移動。是為了不被敵人發現和不讓體溫下降而採取的機智行為。,把身体潜藏在沙子中，一口吃掉在上面行走的猎物的脚。最喜欢吃的东西是大颚蚁。,把身體潛藏在沙子中，一口吃掉在上面行走的獵物的腳。最喜歡吃的東西是大顎蟻。,把身體潛藏在沙子中，一口吃掉在上面行走的獵物的腳。最喜歡吃的東西是大顎蟻。
混混鳄,混混鱷,沙漠鳄鱼,沙漠鱷魚,沙漠鱷魚,数只成群后行动。群体的中心大多都是♀，♂们会收集食物。,通常以數隻為單位成群行動。群體的中心大多都是♀，♂們負責收集食物。,數隻成群後行動。群體的中心大多都是♀，♂們會收集食物。,多亏了盖住眼睛的特殊膜，即使在深夜也能把周围看得一清二楚。,多虧蓋住眼睛的特殊膜，即使在深夜也能把周圍看得一清二楚。,多虧了蓋住眼睛的特殊膜，即使在深夜也能把周圍看得一清二楚。
流氓鳄,流氓鱷,威吓,威嚇,威嚇,拥有特殊的双眼，即使在沙暴中也能发现前方５０公里处的小猎物。,擁有特殊的雙眼，即使在沙暴中也能發現前方５０公里處的小獵物。,擁有特殊的雙眼，即使在沙暴中也能發現前方５０公里處的小獵物。,用强力的颚咬住后，就这么拼命扭转身体，将猎物切断。,用強力的顎咬住後，狠狠地扭動身體，將獵物切斷。,用強力的顎咬住後，就這麼拚命扭轉身體，將獵物切斷。
火红不倒翁,火紅不倒翁,不倒翁,不倒翁,不倒翁,,,,,,
达摩狒狒,達摩狒狒,爆燃,爆燃,爆燃,,,,,,
沙铃仙人掌,沙鈴仙人掌,仙人掌,仙人掌,仙人掌,,,,,,
石居蟹,石居蟹,石居,石居,石居,,,,,,
岩殿居蟹,岩殿居蟹,岩居,岩居,岩居,,,,,,
滑滑小子,滑滑小子,蜕皮,蛻皮,蛻皮,,,,,,
头巾混混,頭巾混混,恶党,惡黨,惡黨,,,,,,
象征鸟,象徵鳥,似鸟,似鳥,似鳥,,,,,,
哭哭面具,哭哭面具,魂,魂,魂,,,,,,
死神棺,死神棺,棺木,棺木,棺木,,,,,,
原盖海龟,原蓋海龜,古代龟,古代龜,古代龜,根据对其骨骼的调查结果，它似乎能潜到大约１０００米的深海之中。,根據對其骨骼的調查結果，牠好像能潛水到大約１０００米的深海之中。,根據對其骨骼的調查結果，它似乎能潛到大約１０００米的深海之中。,据说是大部分龟宝可梦的祖先。曾经生活在大约１亿年前的温暖大海里。,據說是大部分龜寶可夢的祖先。曾經生活在大約１億年前的溫暖大海裡。,據說是大部分龜寶可夢的祖先。曾經生活在大約１億年前的溫暖大海裡。
肋骨海龟,肋骨海龜,古代龟,古代龜,古代龜,为了形成结实的甲壳，会把猎物的硬壳和骨头都整个嚼碎了吃下去。,為了形成結實的甲殼，會把獵物的硬殼和骨頭整個嚼碎後吃下去。,為了形成結實的甲殼，會把獵物的硬殼和骨頭都整個嚼碎了吃下去。,在大海和陆地两个地方活动。将陆地的猎物拖入海中后杀死。,在大海和陸地兩個地方活動。會將陸地的獵物拖入海中後殺死。,在大海和陸地兩個地方活動。將陸地的獵物拖入海中後殺死。
始祖小鸟,始祖小鳥,远古鸟,遠古鳥,遠古鳥,是所有鸟宝可梦的祖先。始祖小鸟本身还不会飞，在树上跳着移动。,是所有鳥寶可夢的祖先。始祖小鳥本身還不會飛，而是在樹上跳著移動。,是所有鳥寶可夢的祖先。始祖小鳥本身還不會飛，在樹上跳著移動。,似乎不会飞行，但听说会从高高的树上滑翔捕捉猎物。,似乎不會飛行，但聽說會從高高的樹上滑翔捕捉獵物。,似乎不會飛行，但聽說會從高高的樹上滑翔捕捉獵物。
始祖大鸟,始祖大鳥,远古鸟,遠古鳥,遠古鳥,好像也会飞行，但主要是在地上四处飞奔。平均时速达到４０公里。,好像也懂得飛行，但主要是在地上四處飛奔。平均時速達到４０公里。,好像也會飛行，但主要是在地上四處飛奔。平均時速達到４０公里。,成群结队进行捕猎。将猎物追到无路可逃时，其他伙伴就会从空中发动突袭。,會成群結隊進行捕獵。將獵物追到無路可逃時，其他夥伴便會從空中突然發動襲擊。,成群結隊進行捕獵。將獵物追到無路可逃時，其他夥伴就會從空中長髮動突襲。
破破袋,破破袋,垃圾袋,垃圾袋,垃圾袋,喜欢不卫生的场所。在阿罗拉经常可以发现被臭泥追着到处跑的样子。,喜歡不衛生的地方。在阿羅拉經常可以看見牠被臭泥追著到處跑的樣子。,喜歡不衛生的場所。在阿羅拉經常可以發現被臭泥追著到處跑的樣子。,吃垃圾吃到肚子鼓鼓之后，从嘴里喷出毒瓦斯来。不小心闻到的话要立即进医院。,吃垃圾吃到肚子鼓鼓之後，便會從嘴裡噴出毒瓦斯來。不小心聞到的話就得立即進醫院。,吃垃圾吃到肚子鼓鼓之後，從嘴裡噴出毒瓦斯來。不小心聞到的話要立即進醫院。
灰尘山,灰塵山,垃圾场,垃圾場,垃圾場,要注意从右臂喷出的毒液。只要沾到一点点，就会被未知的毒素侵袭。,要注意從右臂噴出的毒液。只要沾到一點點，就會被未知的毒素侵襲。,要注意從右臂噴出的毒液。只要沾到一點點，就會被未知的毒素侵襲。,某个时期在阿罗拉呈爆发式增长，但是臭泥来了之后，数量一下子减少了。,在阿羅拉的數量從某個時期開始爆炸性增加，但是自從臭泥來了之後，數量一下子便減少了。,某個時期在阿羅拉呈爆髮式增長，但是臭泥來了之後，數量一下子減少了。
索罗亚,索羅亞,恶狐,惡狐,惡狐,,,,,,
索罗亚克,索羅亞克,妖狐,妖狐,妖狐,,,,,,
泡沫栗鼠,泡沫栗鼠,栗鼠,栗鼠,栗鼠,,,,,,
奇诺栗鼠,奇諾栗鼠,围巾,圍巾,圍巾,,,,,,
哥德宝宝,哥德寶寶,凝视,凝視,凝視,,,,,,
哥德小童,哥德小童,操纵,操縱,操縱,,,,,,
哥德小姐,哥德小姐,天体,天體,天體,,,,,,
单卵细胞球,單卵細胞球,细胞,細胞,細胞,,,,,,
双卵细胞球,雙卵細胞球,分割,分割,分割,,,,,,
人造细胞卵,人造細胞卵,增幅,增幅,增幅,,,,,,
鸭宝宝,鴨寶寶,水鸟,水鳥,水鳥,,,,,,
舞天鹅,舞天鵝,白鸟,白鳥,白鳥,,,,,,
迷你冰,迷你冰,新雪,新雪,新雪,从冰柱中诞生的宝可梦。用冰冷的气息制造雪的结晶，让天上下雪。,從冰柱中誕生的寶可夢。用冰冷的氣息製造雪的結晶，讓周圍降雪。,從冰柱中誕生的寶可夢。用冰冷的氣息製造雪的結晶，讓天上下雪。,抱紧的话，就会感觉凉凉的非常舒服。在炎热地区，是每家必备１只的便利宝可梦。,抱緊牠就會感覺涼涼的非常舒服。在炎熱的地區，是每家必備１隻的便利寶可夢。,抱緊的話，就會感覺涼涼的非常舒服。在炎熱地區，是每家必備１只的便利寶可夢。
多多冰,多多冰,冰雪,冰雪,冰雪,在炎热的天气里身体会融化。如果让它冻住就会恢复原状，但身体的形状会稍稍歪掉。,在炎熱的天氣裡身體會溶化。如果冰凍起來就會恢復原狀，但身體的形狀會稍稍歪掉。,在炎熱的天氣裡身體會融化。如果讓它凍住就會恢復原狀，但身體的形狀會稍稍歪掉。,从冰河时期就已经存在了。操纵冰粒让敌人冻住后，用头锤将对方打碎。,從冰河時期就已經存在。操縱冰粒讓敵人凍僵後，再用頭錘將對方打碎。,從冰河時期就已經存在了。操縱冰粒讓敵人凍住後，用頭錘將對方打碎。
双倍多多冰,雙倍多多冰,暴风雪,暴風雪,暴風雪,２个头拥有各自的大脑，如果两者意见一致，就会喷出猛烈的暴风雪袭击敌人。,２個頭擁有各自的大腦，如果兩者意見一致，就會噴出猛烈的暴風雪襲擊敵人。,２個頭擁有各自的大腦，如果兩者意見一致，就會噴出猛烈的暴風雪襲擊敵人。,即使失去了一侧的头也不会有什么问题，能继续活着。在身体的内部制造雪云。,即使失去其中一邊的頭也可以毫無問題地繼續存活。會在身體的內部製造雪雲。,即使失去了一側的頭也不會有什麼問題，能繼續活著。在身體的內部製造雪雲。
四季鹿,四季鹿,季节,季節,季節,,,,,,
萌芽鹿,萌芽鹿,季节,季節,季節,,,,,,
电飞鼠,電飛鼠,飞鼠,飛鼠,飛鼠,用斗篷一样的膜滑翔。到处放电，让敌人和同伴都纷纷触电。,用斗篷一樣的翼膜滑翔。到處散布電流，讓敵人和同伴都紛紛觸電。,用斗篷一樣的膜滑翔。到處放電，讓敵人和夥伴都紛紛觸電。,用电击将树果和虫宝可梦烧得刚刚好后再吃掉。以小笃儿啄空的树洞为主要巢穴。,會用電擊將樹果和蟲寶可夢烤得恰到好處後再吃掉。主要是把小篤兒挖出的樹洞當成巢穴。,用電擊將樹果和蟲寶可夢燒得剛剛好後再吃掉。以小篤兒啄空的樹洞為主要巢穴。
盖盖虫,蓋蓋蟲,啃咬,啃咬,啃咬,,,,,,
骑士蜗牛,騎士蝸牛,骑兵,騎兵,騎兵,,,,,,
哎呀球菇,哎呀球菇,蘑菇,蘑菇,蘑菇,,,,,,
败露球菇,敗露球菇,蘑菇,蘑菇,蘑菇,,,,,,
轻飘飘,輕飄飄,漂浮,漂浮,漂浮,,,,,,
胖嘟嘟,胖嘟嘟,漂浮,漂浮,漂浮,,,,,,
保姆曼波,保母曼波,看护,看護,看護,抱着受伤的宝可梦，用特殊的粘液敷伤口。但其中的理由不太清楚。,抱著受傷的寶可夢，用特殊的黏液敷傷口。但理由不明。,抱著受傷的寶可夢，用特殊的黏液敷傷口。但其中的理由不太清楚。,漂浮在汪洋大海上生活。保姆曼波的周围会聚集起许多水属性宝可梦。,漂浮在汪洋大海上生活。保母曼波的周圍會聚集起許多水屬性寶可夢。,漂浮在汪洋大海上生活。保母曼波的周圍會聚集起許多水屬性寶可夢。
电电虫,電電蟲,吸附,吸附,吸附,,,,,,
电蜘蛛,電蜘蛛,电蜘蛛,電蜘蛛,電蜘蛛,,,,,,
种子铁球,種子鐵球,刺果,刺果,刺果,,,,,,
坚果哑铃,堅果啞鈴,刺球,刺球,刺球,,,,,,
齿轮儿,齒輪兒,齿轮,齒輪,齒輪,,,,,,
齿轮组,齒輪組,齿轮,齒輪,齒輪,,,,,,
齿轮怪,齒輪怪,齿轮,齒輪,齒輪,,,,,,
麻麻小鱼,麻麻小魚,电鱼,電魚,電魚,,,,,,
麻麻鳗,麻麻鰻,电鱼,電魚,電魚,,,,,,
麻麻鳗鱼王,麻麻鰻魚王,电鱼,電魚,電魚,,,,,,
小灰怪,小灰怪,脑,腦,腦,,,,,,
大宇怪,大宇怪,脑,腦,腦,,,,,,
烛光灵,燭光靈,蜡烛,蠟燭,蠟燭,,,,,,
灯火幽灵,燈火幽靈,油灯,油燈,油燈,,,,,,
水晶灯火灵,水晶燈火靈,引诱,引誘,引誘,,,,,,
牙牙,牙牙,牙,牙,牙,,,,,,
斧牙龙,斧牙龍,颚斧,顎斧,顎斧,,,,,,
双斧战龙,雙斧戰龍,颚斧,顎斧,顎斧,,,,,,
喷嚏熊,噴嚏熊,结冰,結冰,結冰,,,,,,
冻原熊,凍原熊,冻结,凍結,凍結,,,,,,
几何雪花,幾何雪花,结晶,結晶,結晶,,,,,,
小嘴蜗,小嘴蝸,蜗牛,蝸牛,蝸牛,,,,,,
敏捷虫,敏捷蟲,脱壳,脫殼,脫殼,,,,,,
泥巴鱼,泥巴魚,陷阱,陷阱,陷阱,,,,,,
功夫鼬,功夫鼬,武术,武術,武術,,,,,,
师父鼬,師父鼬,武术,武術,武術,,,,,,
赤面龙,赤面龍,洞穴,洞穴,洞穴,,,,,,
泥偶小人,泥偶小人,魔像,魔像,魔像,,,,,,
泥偶巨人,泥偶巨人,魔像,魔像,魔像,,,,,,
驹刀小兵,駒刀小兵,利器,利器,利器,,,,,,
劈斩司令,劈斬司令,刀刃,刀刃,刀刃,,,,,,
爆炸头水牛,爆炸頭水牛,头锤牛,頭錘牛,頭錘牛,,,,,,
毛头小鹰,毛頭小鷹,雏鹰,雛鷹,雛鷹,会不由分说挑起战斗。随着每次被打倒，每次受伤，成长得更强更壮。,會不由分說挑起戰鬥。隨著每次被打倒，每次受傷，會成長得更強更壯。,會不由分說挑起戰鬥。隨著每次被打倒，每次受傷，成長得更強更壯。,用尖尖的爪子刺穿猎物并进行啄食。也会吃树果，但基本上是肉食类宝可梦。,用尖尖的爪子刺穿獵物後啄食。雖然也會吃樹果，但基本上是肉食性寶可夢。,用尖尖的爪子刺穿獵物並進行啄食。也會吃樹果，但基本上是肉食類寶可夢。
勇士雄鹰,勇士雄鷹,勇猛,勇猛,勇猛,连死都毫不畏惧的勇敢性格。太古时代，阿罗拉的人们称之为天空的勇士，并尊敬着它。,連死都毫不畏懼的勇敢性格。太古時代，阿羅拉的人們稱之為天空的勇士，並尊敬著牠。,連死都毫不畏懼的勇敢性格。太古時代，阿羅拉的人們稱之為天空的勇士，並尊敬著它。,据说，人类过去曾经威胁过它们的栖息地，勇士雄鹰们团结一致进行了抵抗。,據說過去棲息地曾經遭受人類的威脅，而勇士雄鷹們團結一致進行了抵抗。,據說，人類過去曾經威脅過它們的棲息地，勇士雄鷹們團結一致進行了抵抗。
秃鹰丫头,禿鷹丫頭,尿布,尿布,尿布,保护着软乎乎屁股的是吃完的猎物的尸骨。会随着每次生长丢弃更换哦。,保護著軟綿綿屁股的是吃完獵物後剩下的骨頭。會隨著每次成長丟棄更換哦。,保護著軟乎乎屁股的是吃完的獵物的屍骨。會隨著每次生長丟棄更換哦。,还是最爱玩的年纪。翅膀还不发达，无法飞行，所以会来回地蹦蹦跳哦。,還是貪玩的年紀。翅膀還未發達，所以無法飛行，會來來回回地蹦蹦跳哦。,還是最愛玩的年紀。翅膀還不發達，無法飛行，所以會來回地蹦蹦跳哦。
秃鹰娜,禿鷹娜,骨鹰,骨鷹,骨鷹,据说，用骨头华丽地装饰是为了吸引♂，但还没有发现过♂的秃鹰娜。,據說，用骨頭華麗地裝飾是為了吸引♂，但還沒有發現過♂的禿鷹娜。,據說，用骨頭華麗地裝飾是為了吸引♂，但還沒有發現過♂的禿鷹娜。,一边在天空盘旋，一边瞄准弱小的宝可梦。最喜欢吃的是卡拉卡拉。,一邊在天空盤旋，一邊瞄準弱小的寶可夢。最喜歡吃的是卡拉卡拉。,一邊在天空盤旋，一邊瞄準弱小的寶可夢。最喜歡吃的是卡拉卡拉。
熔蚁兽,熔蟻獸,食蚁兽,食蟻獸,食蟻獸,,,,,,
铁蚁,鐵蟻,铁蚁,鐵蟻,鐵蟻,,,,,,
单首龙,單首龍,粗鲁,粗魯,粗魯,,,,,,
双首暴龙,雙首暴龍,粗暴,粗暴,粗暴,,,,,,
三首恶龙,三首惡龍,凶暴,凶暴,凶暴,,,,,,
燃烧虫,燃燒蟲,火炬,火炬,火炬,,,,,,
火神蛾,火神蛾,太阳,太陽,太陽,,,,,,
勾帕路翁,勾帕路翁,铁心,鐵心,鐵心,,,,,,
代拉基翁,代拉基翁,岩窟,岩窟,岩窟,,,,,,
毕力吉翁,畢力吉翁,草原,草原,草原,,,,,,
龙卷云,龍捲雲,旋风,旋風,旋風,,,,,,
雷电云,雷電雲,雷击,雷擊,雷擊,,,,,,
莱希拉姆,萊希拉姆,白阳,白陽,白陽,,,,,,
捷克罗姆,捷克羅姆,黑阴,黑陰,黑陰,,,,,,
土地云,土地雲,丰饶,豐饒,豐饒,,,,,,
酋雷姆,酋雷姆,境界,境界,境界,,,,,,
凯路迪欧,凱路迪歐,幼马,幼馬,幼馬,,,,,,
美洛耶塔,美洛耶塔,旋律,旋律,旋律,,,,,,
盖诺赛克特,蓋諾賽克特,古生代,古生代,古生代,,,,,,
哈力栗,哈力栗,刺栗,刺栗,刺栗,,,,,,
胖胖哈力,胖胖哈力,刺铠,刺鎧,刺鎧,,,,,,
布里卡隆,布里卡隆,刺铠,刺鎧,刺鎧,,,,,,
火狐狸,火狐狸,狐狸,狐狸,狐狸,,,,,,
长尾火狐,長尾火狐,狐狸,狐狸,狐狸,,,,,,
妖火红狐,妖火紅狐,狐狸,狐狸,狐狸,,,,,,
呱呱泡蛙,呱呱泡蛙,泡蛙,泡蛙,泡蛙,,,,,,
呱头蛙,呱頭蛙,泡蛙,泡蛙,泡蛙,,,,,,
甲贺忍蛙,甲賀忍蛙,忍者,忍者,忍者,,,,,,
掘掘兔,掘掘兔,挖洞,挖洞,挖洞,,,,,,
掘地兔,掘地兔,挖洞,挖洞,挖洞,,,,,,
小箭雀,小箭雀,知更鸟,知更鳥,知更鳥,和人很亲近，所以是易于训练的宝可梦，但一旦进入战斗，就会变得非常凶猛。,和人很親近，所以是易於訓練的寶可夢，但一旦進入戰鬥，就會變得非常兇猛。,和人很親近，所以是易於訓練的寶可夢，但一旦進入戰鬥，就會變得非常兇猛。,一兴奋，体温就会上升２倍，体内的荷尔蒙就会变得活跃。,一感到興奮，體溫會上升到２倍，同時體內的荷爾蒙會變得活躍。,一興奮，體溫就會上升２倍，體內的荷爾蒙就會變得活躍。
火箭雀,火箭雀,火花,火花,火花,从鸟嘴里喷出火花击中猎物。捉到的猎物烧了之后就会享用。,從鳥嘴裡噴出火花擊向獵物。會把捉到的獵物烤過之後再享用。,從鳥嘴裡噴出火花擊中獵物。捉到的獵物燒了之後就會享用。,拥有半径数公里的领地，不允许其他火箭雀进入。,擁有半徑達數公里的地盤，並且不允許其他火箭雀進入。,擁有半徑數公里的領地，不允許其他火箭雀進入。
烈箭鹰,烈箭鷹,烈火,烈火,烈火,喜欢吃的是长翅鸥和小笃儿。会施展猛烈的踢腿，用锐利的爪子牢牢抓住。,喜歡吃長翅鷗和小篤兒。會對獵物施展猛烈的踢腿，再用銳利的爪子牢牢抓住。,喜歡吃的是長翅鷗和小篤兒。會施展猛烈的踢腿，用銳利的爪子牢牢抓住。,从翅膀的缝隙里喷出火花，同时以５００公里的时速呈一直线冲向猎物。,從翅膀的縫隙裡噴出火花，同時以５００公里的時速直線衝向獵物。,從翅膀的縫隙裡噴出火花，同時以５００公里的時速呈一直線沖向獵物。
粉蝶虫,粉蝶蟲,喷粉,噴粉,噴粉,,,,,,
粉蝶蛹,粉蝶蛹,喷粉,噴粉,噴粉,,,,,,
彩粉蝶,彩粉蝶,鳞粉,鱗粉,鱗粉,,,,,,
小狮狮,小獅獅,幼狮,幼獅,幼獅,,,,,,
火炎狮,火炎獅,王者,王者,王者,,,,,,
花蓓蓓,花蓓蓓,单朵,單朵,單朵,,,,,,
花叶蒂,花葉蒂,单朵,單朵,單朵,,,,,,
花洁夫人,花潔夫人,花园,花園,花園,,,,,,
坐骑小羊,坐騎小羊,坐骑,坐騎,坐騎,,,,,,
坐骑山羊,坐騎山羊,坐骑,坐騎,坐騎,,,,,,
顽皮熊猫,頑皮熊貓,顽皮,頑皮,頑皮,模仿像头领那样敬仰着的流氓熊猫的举止，渐渐变得独当一面。,不斷模仿被自己當成老大哥般敬仰著的流氓熊貓的舉止，由此漸漸變得獨當一面。,模仿像頭領那樣敬仰著的流氓熊貓的舉止，漸漸變得獨當一面。,嘴里叼着的叶子没有任何意义，只是为了装酷。因为很顽皮，所以不适合没经验的训练家。,嘴裡叼著的葉子沒有任何意義，只是為了裝酷。因為很頑皮，所以不適合沒經驗的訓練家。,嘴裡叼著的葉子沒有任何意義，只是為了裝酷。因為很頑皮，所以不適合沒經驗的訓練家。
流氓熊猫,流氓熊貓,恶颜,惡顏,惡顏,以腕力为傲，很豪迈。想要成为流氓熊猫的训练家的话，只能用拳头来和它磋商。,以腕力為傲，個性豪邁。想要成為流氓熊貓的訓練家的話，只能用拳頭來和牠交心。,以腕力為傲，很豪邁。想要成為流氓熊貓的訓練家的話，只能用拳頭來和它磋商。,通过竹叶的摇摆来洞悉敌人的动向。很粗暴，但是对伙伴的感情很深厚。,透過竹葉的擺動來洞悉敵人的動向。性格很粗暴，但是對夥伴的感情很深厚。,通過竹葉的搖擺來洞悉敵人的動向。很粗暴，但是對夥伴的感情很深厚。
多丽米亚,多麗米亞,贵宾犬,貴賓犬,貴賓犬,,,,,,
妙喵,妙喵,自制,自制,自製,,,,,,
超能妙喵,超能妙喵,抑制,抑制,抑制,,,,,,
独剑鞘,獨劍鞘,刀剑,刀劍,刀劍,,,,,,
双剑鞘,雙劍鞘,刀剑,刀劍,刀劍,,,,,,
坚盾剑怪,堅盾劍怪,王剑,王劍,王劍,,,,,,
粉香香,粉香香,香水,香水,香水,,,,,,
芳香精,芳香精,芳香,芳香,芳香,,,,,,
绵绵泡芙,綿綿泡芙,棉花糖,棉花糖,棉花糖,,,,,,
胖甜妮,胖甜妮,泡沫奶油,泡沫奶油,泡沫奶油,,,,,,
好啦鱿,好啦魷,回转,回轉,迴轉,,,,,,
乌贼王,烏賊王,倒转,倒轉,倒轉,,,,,,
龟脚脚,龜腳腳,双手,雙手,雙手,,,,,,
龟足巨铠,龜足巨鎧,集合,集合,集合,,,,,,
垃垃藻,垃垃藻,似草,似草,似草,,,,,,
毒藻龙,毒藻龍,似草,似草,似草,,,,,,
铁臂枪虾,鐵臂槍蝦,水枪,水槍,水槍,,,,,,
钢炮臂虾,鋼炮臂蝦,发射器,發射器,發射器,,,,,,
伞电蜥,傘電蜥,发电,發電,發電,,,,,,
光电伞蜥,光電傘蜥,发电,發電,發電,,,,,,
宝宝暴龙,寶寶暴龍,幼君,幼君,幼君,,,,,,
怪颚龙,怪顎龍,暴君,暴君,暴君,,,,,,
冰雪龙,冰雪龍,冻原,凍原,凍原,,,,,,
冰雪巨龙,冰雪巨龍,冻原,凍原,凍原,,,,,,
仙子伊布,仙子伊布,连结,連結,連結,从蝴蝶结那样的触角里释放出削弱敌意的波动，令猎物大意后袭击对方。,從有如蝴蝶結的觸角裡釋放出削弱敵意的波動，令獵物大意後襲擊對方。,從蝴蝶結那樣的觸角裡釋放出削弱敵意的波動，令獵物大意後襲擊對方。,发现猎物后，就会摇晃蝴蝶结状的触角让对方大意，一旦出现可趁之机就会猛扑过去。,發現獵物後，就會搖晃蝴蝶結形狀的觸角讓對方大意，一旦有機可乘就會猛撲過去。,發現獵物後，就會搖晃蝴蝶結狀的觸角讓對方大意，一旦出現可趁之機就會猛撲過去。
摔角鹰人,摔角鷹人,摔角,摔角,摔角,,,,,,
咚咚鼠,咚咚鼠,天线,天線,天線,,,,,,
小碎钻,小碎鑽,宝石,寶石,寶石,出生在高温高压的地下深处。从宝石的部分放出光束保护身体。,出生在高溫高壓的地底深處。從寶石的部分釋放光束保護身體。,出生在高溫高壓的地下深處。從寶石的部分放出光束保護身體。,虽然并不是那么的稀有，但闪闪发光的宝石身体在女性中很受欢迎。,雖然並不是很稀有，但閃閃發光的寶石身體很受女性歡迎。,雖然並不是那麼的稀有，但閃閃發光的寶石身體在女性中很受歡迎。
黏黏宝,黏黏寶,软体生物,軟體生物,軟體生物,最弱小的龙属性宝可梦。皮肤干燥的话就会无法呼吸，因此一直静静地呆在背阴处哦。,最弱小的龍屬性寶可夢。皮膚一旦乾燥就會無法呼吸，因此總是靜靜地呆在遮蔭下哦。,最弱小的龍屬性寶可夢。皮膚乾燥的話就會無法呼吸，因此一直靜靜地呆在背陰處哦。,用滑腻腻的粘膜保护身体。因为粘膜上尽是各种细菌，接触后要好好地洗手哦。,用滑膩膩的黏膜保護身體。因為黏膜上佈滿各種細菌，接觸後要好好地洗手哦。,用滑膩膩的黏膜保護身體。因為黏膜上儘是各種細菌，接觸後要好好地洗手哦。
黏美儿,黏美兒,软体生物,軟體生物,軟體生物,食物和伙伴的区别模糊不清。即使关系很好，有时候也会淡定地将对方溶解吸食。,獵物和夥伴的區別模糊不清。即使關係親密，有時候也會淡定地將對方溶解吸食。,食物和夥伴的區別模糊不清。即使關係很好，有時候也會淡定地將對方溶解吸食。,因为没有牙齿，所以会释放可溶解任何物体的粘液，将猎物溶化后再吸食。,因為沒有牙齒，所以會釋放可溶解任何物體的黏液，將獵物溶化後再吸食。,因為沒有牙齒，所以會釋放可溶解任何物體的黏液，將獵物溶化後再吸食。
黏美龙,黏美龍,龙,龍,龍,和人非常亲近的宝可梦。不管它的话，就会很寂寞，流着黏糊糊的眼泪鸣叫。,和人非常親近的寶可夢。沒人理睬的話就會很寂寞，流著黏糊糊的眼淚鳴叫。,和人非常親近的寶可夢。不管它的話，就會很寂寞，流著黏糊糊的眼淚鳴叫。,因为很温顺就去戏弄的话，就会被它用角狠狠戳，用粗粗的尾巴扫荡。,如果因為牠性情溫順就去戲弄牠，會被牠用角狠戳，再用粗粗的尾巴掃倒。,因為很溫順就去戲弄的話，就會被它用角狠狠戳，用粗粗的尾巴掃蕩。
钥圈儿,鑰圈兒,钥匙串,鑰匙串,鑰匙串,有着收集钥匙的习性。性格稳重，却会偷偷潜入民宅偷盗钥匙。,有收集鑰匙的習慣。性格穩重，卻會偷偷潛入民居偷盜鑰匙。,有著收集鑰匙的習性。性格穩重，卻會偷偷潛入民宅偷盜鑰匙。,把头上的角刺入金属的缝隙中，吸取金属离子。不知为何在收集钥匙。,把頭上的角刺入金屬的縫隙中，吸取金屬離子。另外，不知為何在收集鑰匙。,把頭上的角刺入金屬的縫隙中，吸取金屬離子。不知為何在收集鑰匙。
小木灵,小木靈,树桩,樹樁,樹樁,在森林中死去的孩子的魂魄寄生在树桩上。用悲鸣般的诡异声音鸣叫。,在森林中死去的孩子的靈魂寄生在樹樁上。用悲鳴般的詭異聲音鳴叫。,在森林中死去的孩子的魂魄寄生在樹樁上。用悲鳴般的詭異聲音鳴叫。,传说，摘取绿色的树叶煎煮饮用的话，能治百病。,傳說摘取綠色的樹葉煎煮飲用的話，能治百病。,傳說，摘取綠色的樹葉煎煮飲用的話，能治百病。
朽木妖,朽木妖,老树,老樹,老樹,据说会把毁坏森林者吃掉的宝可梦。对生活在森林中的生物们非常温柔。,據說會把破壞森林的人吃掉的寶可夢。對生活在森林中的生物們非常溫柔。,據說會把毀壞森林者吃掉的寶可夢。對生活在森林中的生物們非常溫柔。,通过根茎操纵其他的树木。在朽木妖栖息的森林里砍伐树木的话，会被诅咒杀害。,透過樹根操縱其他樹木。在朽木妖棲息的森林裡砍伐樹木的話，會因詛咒而死。,通過根莖操縱其他的樹木。在朽木妖棲息的森林裡砍伐樹木的話，會被詛咒殺害。
南瓜精,南瓜精,南瓜,南瓜,南瓜,,,,,,
南瓜怪人,南瓜怪人,南瓜,南瓜,南瓜,,,,,,
冰宝,冰寶,冰块,冰塊,冰塊,,,,,,
冰岩怪,冰岩怪,冰山,冰山,冰山,,,,,,
嗡蝠,嗡蝠,音波,音波,音波,,,,,,
音波龙,音波龍,音波,音波,音波,,,,,,
哲尔尼亚斯,哲爾尼亞斯,生命,生命,生命,,,,,,
伊裴尔塔尔,伊裴爾塔爾,破坏,破壞,破壞,,,,,,
基格尔德,基格爾德,秩序,秩序,秩序,细胞聚集了５０％的样子。会毫不留情地把敌对者全部消灭。,細胞聚集了５０％的樣子。會毫不留情地把敵對者全部消滅。,細胞聚集了５０％的樣子。會毫不留情地把敵對者全部消滅。,被认为监视着生态系统。有传言，它蕴藏着更为强大的力量。,被認為監視著生態系統。有傳言說牠蘊藏著更為強大的力量。,被認為監視著生態系統。有傳言，它蘊藏著更為強大的力量。
蒂安希,蒂安希,宝石,寶石,寶石,,,,,,
胡帕,胡帕,顽童,頑童,頑童,,,,,,
波尔凯尼恩,波爾凱尼恩,蒸汽,蒸汽,蒸汽,,,,,,
木木枭,木木梟,草羽,草羽,草羽,戒备心很强。白天利用光合作用积蓄力量，到了晚上就开始活动。,警戒心很強。白天利用光合作用積蓄力量，到了夜晚才開始活動。,戒備心很強。白天利用光合作用積蓄力量，到了晚上就開始活動。,不发出一丝声响地滑翔，急速接近敌人。在对方还未发觉时，就使出猛烈的脚踢。,能不發出一絲聲響地滑翔，極速接近敵人。在對方還未發覺時，使出猛烈的腳踢來攻擊。,不發出一絲聲響地滑翔，急速接近敵人。在對方還未發覺時，就使出猛烈的腳踢。
投羽枭,投羽梟,刃羽,刃羽,刃羽,很注重外表，只要有空就会整理翅膀。有时候也会因为过于在意羽毛的整洁而无法战斗。,很注重外表，只要有空就會整理翅膀。有時候也會因為過於在意羽毛的整潔而無法戰鬥。,很注重外表，只要有空就會整理翅膀。有時候也會因為過於在意羽毛的整潔而無法戰鬥。,将被称为刃羽的锐利羽毛投向敌人和猎物。基本上百发百中。,將被稱為刃羽的銳利羽毛射向敵人或獵物。基本上百發百中。,將被稱為刃羽的銳利羽毛投向敵人和獵物。基本上百發百中。
狙射树枭,狙射樹梟,箭羽,箭羽,箭羽,搭弦射出收藏在翅膀里的箭羽。有着连前方１００米的小石头也能穿透的精度。,托弓拉弦射出藏在翅膀裡的箭羽。精準度高到連前方１００米遠的小石頭也能貫穿。,搭弦射出收藏在翅膀裡的箭羽。有著連前方１００米的小石頭也能穿透的精度。,基本上是十分谨慎且冷静的，但如果被冷不防地袭击了，就会陷入巨大的恐慌中。,基本上性格謹慎而冷靜，但如果受到突如其來的襲擊，就會陷入巨大的驚慌中。,基本上是十分謹慎且冷靜的，但如果被冷不防地襲擊了，就會陷入巨大的恐慌中。
火斑喵,火斑喵,火猫,火貓,火貓,通过理毛然后将积在腹中的落毛燃烧，喷出火焰。根据吐毛的方式不同，火焰也会变化。,將理毛時屯積在肚子裡的落毛引燃並吐出火焰。火焰會隨著吐毛的方式不同而變化。,通過理毛然後將積在腹中的落毛燃燒，噴出火焰。根據吐毛的方式不同，火焰也會變化。,喜欢不流露感情，独自生活。要取得它的信任，得花点时间。,不喜歡流露感情，喜歡獨處。要取得牠的信任，需要花不少時間。,喜歡不流露感情，獨自生活。要取得它的信任，得花點時間。
炎热喵,炎熱喵,火猫,火貓,火貓,脖子上挂有火焰铃铛。喷出火焰的时候，会叮铃铃地发出很响的声音。,脖子上掛著火焰鈴鐺。噴出火焰的時候，會叮鈴鈴地發出響亮的聲音。,脖子上掛有火焰鈴鐺。噴出火焰的時候，會叮鈴鈴地發出很響的聲音。,以前肢的力量而自豪。一记拳击，连铁棒都能弯折。,以前腳的力量而自豪。只要一拳就能把鐵棒都打彎。,以前肢的力量而自豪。一記拳擊，連鐵棒都能彎折。
炽焰咆哮虎,熾焰咆哮虎,反派,反派,反派,性格粗鲁又任性。心情不爽的时候，连训练家的命令也会淡定地无视。,性格粗魯又任性。心情不爽的時候，連訓練家的命令也會冷漠地無視。,性格粗魯又任性。心情不爽的時候，連訓練家的命令也會淡定地無視。,在使出猛烈的拳击或脚踢后，会从肚脐周围喷出火焰，将敌人一击毙命。,在使出猛烈的拳擊或腳踢後，會從肚臍周圍噴出火焰，將敵人一擊斃命。,在使出猛烈的拳擊或腳踢後，會從肚臍周圍噴出火焰，將敵人一擊斃命。
球球海狮,球球海獅,海狮,海獅,海獅,因为勤奋的性格而有名。用鼻子将体液吹成气球，扔向敌人。,因勤奮的性格而聞名。會用鼻子將體液吹成氣球，然後扔向敵人。,因為勤奮的性格而有名。用鼻子將體液吹成氣球，扔向敵人。,操纵水做的气球。为了制作大大的球，孜孜不倦地反复练习。,操縱水做的氣球。為了製造大大的氣球，孜孜不倦地反復練習。,操縱水做的氣球。為了製作大大的球，孜孜不倦地反覆練習。
花漾海狮,花漾海獅,偶像,偶像,偶像,擅长跳舞，能够边跳舞，边一个接一个地制作水做的气球扔向敌人。,很擅長跳舞，會邊跳舞邊一個接一個地製造水氣球扔向敵人。,擅長跳舞，能夠邊跳舞，邊一個接一個地製作水做的氣球扔向敵人。,非常关心自己的伙伴。训练家如果情绪低落，就会跳舞给予鼓励。,非常關心自己的夥伴。訓練家如果情緒低落，就會跳舞給予鼓勵。,非常關心自己的夥伴。訓練家如果情緒低落，就會跳舞給予鼓勵。
西狮海壬,西獅海壬,独唱者,獨唱者,獨唱者,用歌声操纵水做的气球。这个旋律会在伙伴间学习，被一代代地群体传承下去。,用歌聲操縱水氣球。這個旋律會在夥伴間互相學習，在群體中一代代地傳承下去。,用歌聲操縱水做的氣球。這個旋律會在夥伴間學習，被一代代地群體傳承下去。,灵活运用歌声来战斗。每天对嗓子的保养是训练家的重要任务。,靈活運用歌聲來戰鬥。每天保養牠的喉嚨，是訓練家的重要任務。,靈活運用歌聲來戰鬥。每天對嗓子的保養是訓練家的重要任務。
小笃儿,小篤兒,啄木鸟,啄木鳥,啄木鳥,以每秒１６连击在树干上啄出洞来。啄开的洞穴用作收藏食物的仓库和巢穴。,以每秒１６下連擊在樹幹上啄出洞來。啄開的洞穴用作收藏食物的倉庫和巢穴。,以每秒１６連擊在樹幹上啄出洞來。啄開的洞穴用作收藏食物的倉庫和巢穴。,树果是它的食物。将吃剩下的种子作为子弹从嘴里发射出，用来攻击。,主要的食物是樹果。會把吃完後剩下的種子當成子彈，從嘴裡發射用來攻擊。,樹果是它的食物。將吃剩下的種子作為子彈從嘴裡發射出，用來攻擊。
喇叭啄鸟,喇叭啄鳥,喇叭喙,喇叭喙,喇叭喙,把吃掉的树果的种子储藏在鸟嘴里。遇到敌人或猎物时，就一口气发射出去。,把吃掉的樹果的種子儲藏在鳥嘴裡。遇到敵人或獵物時，就一口氣發射出去。,把吃掉的樹果的種子儲藏在鳥嘴裡。遇到敵人或獵物時，就一口氣發射出去。,扬起鸟嘴，发出各种叫声。因为相当吵闹，所以周围的居民们很讨厌它。,揚起鳥嘴，以各種聲音鳴叫。因為相當吵鬧，所以被周圍的居民們嫌棄。,揚起鳥嘴，發出各種叫聲。因為相當吵鬧，所以周圍的居民們很討厭它。
铳嘴大鸟,銃嘴大鳥,铳炮,銃炮,銃炮,让鸟嘴发热来战斗。那温度足足超过１００度，只要被啄到就会严重灼伤。,讓鳥嘴發熱來戰鬥。那溫度足足超過１００度，只要被啄到就會嚴重灼傷。,讓鳥嘴發熱來戰鬥。那溫度足足超過１００度，只要被啄到就會嚴重灼傷。,让体内的气体在嘴里爆发，发射出树果的种子。是连巨大岩石也能粉碎的力量。,在嘴裡爆發體內的氣體，發射出樹果的種子。威力大到連巨大的岩石也能粉碎。,讓體內的氣體在嘴裡爆發，發射出樹果的種子。是連巨大岩石也能粉碎的力量。
猫鼬少,貓鼬少,巡回,巡迴,巡迴,无论什么都能用锐利的牙齿咬住。原本并不住在阿罗拉，是从其他地区被带过来的。,銳利的牙齒可咬住任何東西。原本並不住在阿羅拉，是從其他地區被帶過來的。,無論什麼都能用銳利的牙齒咬住。原本並不住在阿羅拉，是從其他地區被帶過來的。,不断巡回着寻找食物。到了太阳落山的时候，因为精疲力尽而一头栽倒就这么睡着。,不斷徘徊著尋找食物。到了太陽下山的時候，會因為精疲力盡而一頭倒下睡著。,不斷巡迴著尋找食物。到了太陽落山的時候，因為精疲力盡而一頭栽倒就這麼睡著。
猫鼬探长,貓鼬探長,蹲守,監視,監視,找到猎物的踪迹后，就会坚持蹲守在那个地方，但到了傍晚就会昏昏欲睡。,找到獵物的蹤跡後，就會堅持蹲守在那個地方，但到了傍晚就會昏昏欲睡。,找到獵物的蹤跡後，就會堅持監視在那個地方，但到了傍晚就會昏昏欲睡。,喜欢吃小拉达和拉达，但因为昼行性而无法遇到。是以忍耐力强而自豪的宝可梦。,喜歡吃小拉達和拉達，但因為是晝行性而沒機會遇到。是以忍耐力強而自豪的寶可夢。,喜歡吃小拉達和拉達，但因為晝行性而無法遇到。是以忍耐力強而自豪的寶可夢。
强颚鸡母虫,強顎雞母蟲,幼虫,幼蟲,幼蟲,用结实的颚部削树木，吸取树的汁液。平常就在地里生活。,會用結實的下顎切削樹木，並吸取樹的汁液。平常則是在地底下生活。,用結實的顎部削樹木，吸取樹的汁液。平常就在地裡生活。,为了不被鸟宝可梦袭击，经常聚集在电属性宝可梦栖息的地方。,為了不被鳥寶可夢襲擊，經常聚集在電屬性寶可夢棲息的地方。,為了不被鳥寶可夢襲擊，經常聚集在電屬性寶可夢棲息的地方。
虫电宝,蟲電寶,蓄电池,蓄電池,蓄電池,拥有在体内蓄电的能力。露营等时候有１只这种宝可梦的话，会非常值得庆幸。,擁有在體內蓄電的能力。露營的時候有１隻這種寶可夢在的話，是非常值得慶幸的。,擁有在體內蓄電的能力。露營等時候有１只這種寶可夢的話，會非常值得慶幸。,会将消化吃下的食物时所产生的电能储藏在电力袋中。,吃下食物後進行消化時產生的電能會被儲藏在電力袋中。,會將消化吃下的食物時所產生的電能儲藏在電力袋中。
锹农炮虫,鍬農炮蟲,锹形虫,鍬形蟲,鍬形蟲,来回盘旋寻找机会。用巨大的颚部收集电能向敌人发射。,來回盤旋尋找機會。用巨大的顎部積蓄電能，向敵人發射。,來回盤旋尋找機會。用巨大的顎部收集電能向敵人發射。,用位于腹部的发电器官发出电力。即便是鸟宝可梦也能被它用电击光束压制。,利用位於腹部的發電器官製造電力。靠著電擊光束，即使面對鳥寶可夢也能佔據優勢。,用位於腹部的發電器官發出電力。即便是鳥寶可夢也能被它用電擊光束壓制。
好胜蟹,好勝蟹,拳斗,拳鬥,拳斗,用钳子保护自己的弱点，同时伺机出拳。输了的话会吐泡泡倒下。,用鉗子保護自己的弱點，同時等候時機出拳。輸了的話會吐著泡泡倒下。,用鉗子保護自己的弱點，同時伺機出拳。輸了的話會吐泡泡倒下。,因为打架太频繁，钳子常常掉落，但很快又会长出来。钳子里的肉很少，但味道浓郁非常鲜美。,因為常常打架，鉗子經常掉落，不過很快又會長出來。鉗子裡的肉很少，但味道濃郁且非常美味。,因為打架太頻繁，鉗子常常掉落，但很快又會長出來。鉗子裡的肉很少，但味道濃郁非常鮮美。
好胜毛蟹,好勝毛蟹,毛蟹,毛蟹,毛蟹,应该是以登顶为目标的，却阴差阳错地登上了雪山，在忍耐寒冷的过程中，由于毛发不断生长而进化成这样。,原本是為了超越顛峰而深入山中修行，卻走錯路登上雪山，在忍受寒冷的同時，毛髮不斷生長而產生了進化。,應該是以登頂為目標的，卻陰差陽錯地登上了雪山，在忍耐寒冷的過程中，由於毛髮不斷生長而進化成這樣。,不管不顾地打架。遇到危机时刻，就会自断钳子，像发射火箭一样砸出去。,不顧一切地打架。遇到突發危機便會自斷鉗子，像發射火箭一樣砸出去。,不管不顧地打架。遇到危機時刻，就會自斷鉗子，像發射火箭一樣砸出去。
花舞鸟,花舞鳥,舞蹈,舞蹈,舞蹈,拍打翅膀生火。一边踩着华丽的步伐，一边洒下猛烈的火焰。,拍打翅膀生火。一邊踩著華麗的步伐，一邊灑下猛烈的火焰。,拍打翅膀生火。一邊踩著華麗的步伐，一邊灑下猛烈的火焰。,吸食了朱红色花蜜的花舞鸟。以热情的步伐将敌人的身心全部燃烧殆尽。,吸食了朱紅色花蜜的花舞鳥。以熱情的舞步將敵人的身心全部燃燒殆盡。,吸食了朱紅色花蜜的花舞鳥。以熱情的步伐將敵人的身心全部燃燒殆盡。
萌虻,萌虻,蜂虻,蜂虻,蜂虻,花蜜和花粉是它的食物。拥有感知气场的力量，能分辨出要开放的花。,花蜜和花粉是牠的食物。擁有感知氣場的力量，能分辨出要綻放的花。,花蜜和花粉是它的食物。擁有感知氣場的力量，能分辨出要開放的花。,拥有像花一样的气场的人，头上会有许多萌虻聚集过来哦。,擁有像花一般氣場的人，頭上會有許多萌虻聚集過來哦。,擁有像花一樣的氣場的人，頭上會有許多萌虻聚集過來哦。
蝶结萌虻,蝶結萌虻,蜂虻,蜂虻,蜂虻,把花粉做成圆形的团子。可以食用或战斗中使用，有许多的种类哦。,把花粉揉成圓形，做成花粉團。花粉團從食用到戰鬥用，分成很多種類哦。,把花粉做成圓形的糰子。可以食用或戰鬥中使用，有許多的種類哦。,蝶结萌虻的花粉团里也有富含营养的东西。有时候也作为营养补给品出售。,蝶結萌虻做出來的花粉團中有些含有豐富的營養。有時還會被當成營養補給品出售。,蝶結萌虻的花粉團裡也有富含營養的東西。有時候也作為營養補給品出售。
岩狗狗,岩狗狗,小狗,小狗,小狗,非常容易亲近，因此据说是适合推荐给新手训练家的宝可梦。可一旦成长，脾气就会变粗暴。,非常容易親近，據說是適合推薦給新手訓練家的寶可夢。可是一旦成長，脾氣就會變得粗暴。,非常容易親近，因此據說是適合推薦給新手訓練家的寶可夢。可一旦成長，脾氣就會變粗暴。,从一开始就一直和人类生活。当训练家悲伤的时候，它会察觉到，不会离开对方的身边。,從過去開始就一直和人類生活。當訓練家感到悲傷的時候，牠會察覺到，並不會離開對方身邊。,從一開始就一直和人類生活。當訓練家悲傷的時候，它會察覺到，不會離開對方的身邊。
鬃岩狼人,鬃岩狼人,狼,狼,狼,快速移动迷惑敌人。除了爪子和牙齿之外，鬃毛里的尖锐岩石也是武器之一。,快速移動迷惑敵人。除了爪子和牙齒之外，鬃毛裡的尖銳岩石也是武器之一。,快速移動迷惑敵人。除了爪子和牙齒之外，鬃毛裡的尖銳岩石也是武器之一。,从小时候就开始好好培育的话，会成为绝不背叛训练家，值得信赖的好伙伴。,從小開始好好培育的話，會成為絕不背叛訓練家，值得信賴的好夥伴。,從小時候就開始好好培育的話，會成為絕不背叛訓練家，值得信賴的好夥伴。
弱丁鱼,弱丁魚,小鱼,小魚,小魚,一旦陷入危机，眼睛就会变得湿润并发光。和汇聚在这光亮中的伙伴们一起对抗敌人。,一旦陷入危機，眼睛就會變得濕潤並發光。和被光亮召集來的夥伴們一起對抗敵人。,一旦陷入危機，眼睛就會變得濕潤並發光。和匯聚在這光亮中的夥伴們一起對抗敵人。,因为非常弱小，又非常美味，所以谁都会袭击它，但如果欺负它，就会吃苦头哦。,牠非常弱小，又非常美味，所以總是成為被攻擊的目標，不過若欺負牠，只會吃苦頭哦。,因為非常弱小，又非常美味，所以誰都會襲擊它，但如果欺負它，就會吃苦頭哦。
好坏星,好壞星,非星,非星,非星,用头上的毒刺扎猎物。在其虚弱的时候，用１０条触手抓住，一击毙命。,用頭上的毒刺扎進獵物身體。獵物變虛弱後，再用１０根觸手捉住並給予致命的一擊。,用頭上的毒刺扎獵物。在其虛弱的時候，用１０條觸手抓住，一擊斃命。,在海底和海岸爬来爬去。生长在太阳珊瑚头上的珊瑚是它非常喜欢吃的东西。,牠會在海底和海岸爬來爬去。非常喜歡吃生長在太陽珊瑚頭上的珊瑚。,在海底和海岸爬來爬去。生長在太陽珊瑚頭上的珊瑚是它非常喜歡吃的東西。
超坏星,超壞星,非星,非星,非星,用１２只脚在海底爬行。在超坏星爬过的地方会散落太阳珊瑚的碎屑。,利用１２隻腳在海底爬行。在超壞星爬過的地方會散落太陽珊瑚的碎屑。,用１２只腳在海底爬行。在超壞星爬過的地方會散落太陽珊瑚的碎屑。,如果被超坏星的毒伤到，会遭受３天３夜的剧烈疼痛，即使得到救助，也会留下后遗症。,如果被超壞星的毒傷到，會連續３天３夜遭受劇烈的疼痛，即使得到救助也會留下後遺症。,如果被超壞星的毒傷到，會遭受３天３夜的劇烈疼痛，即使得到救助，也會留下後遺症。
泥驴仔,泥驢仔,驴,驢,驢,牢牢地粘在脚上的泥会提高抓地力，让它能够矫健的奔跑。,牢牢地黏在腳上的泥提高了抓地力，讓牠能夠盡情地全力奔馳。,牢牢地黏在腳上的泥會提高抓地力，讓它能夠矯健的奔跑。,性格顽固，我行我素。吃土制作泥巴，玩泥巴是每天的功课。,性格頑固，並我行我素。會吃土製作泥巴，玩泥巴是每天的功課。,性格頑固，我行我素。吃土製作泥巴，玩泥巴是每天的功課。
重泥挽马,重泥挽馬,挽马,挽馬,挽馬,从嘴里吐出的泥凝固后，即便是风雨也能经得住，所以常被涂在以前家里的外墙上。,從嘴裡吐出的泥凝固後，即使是風雨也能擋得住，所以過去常被塗在家屋的外牆上。,從嘴裡吐出的泥凝固後，即便是風雨也能經得住，所以常被塗在以前家裡的外牆上。,它拿手的攻击方式是用沾满了泥的沉重的脚踢对手。即使是大型卡车也能轻松踢成废铁。,牠擅長利用沾滿了泥的沉重腳踢來進行攻擊。即使是大型貨車也能輕鬆踢成廢鐵。,它拿手的攻擊方式是用沾滿了泥的沉重的腳踢對手。即使是大型卡車也能輕鬆踢成廢鐵。
滴蛛,滴蛛,水泡,水泡,水泡,为了寻找食物而到地面上来。戴着水泡是为了呼吸，以及保护柔软的头部。,為了尋找食物而到地上來。戴著水泡是為了呼吸，以及保護柔軟的頭部。,為了尋找食物而到地面上來。戴著水泡是為了呼吸，以及保護柔軟的頭部。,发现猎物或敌人后，会将头上戴着的水泡弹出，将水砸出去。,發現獵物或敵人後，會將頭上戴著的水泡彈出去，用水進行攻擊。,發現獵物或敵人後，會將頭上戴著的水泡彈出，將水砸出去。
滴蛛霸,滴蛛霸,水泡,水泡,水泡,用头部的水泡来进行撞头攻击。如果是弱小的宝可梦，就会被吸进水泡溺死。,用頭部的水泡來進行頭錘攻擊。如果是弱小的寶可夢，會被裹進水泡溺死。,用頭部的水泡來進行撞頭攻擊。如果是弱小的寶可夢，就會被吸進水泡溺死。,与外表不同，非常体贴。发现弱小的伙伴后，会让对方进入水泡，保护它。,與外表不同，性格非常體貼。當發現弱小的夥伴時，會讓對方進入水泡來保護牠。,與外表不同，非常體貼。發現弱小的夥伴後，會讓對方進入水泡，保護它。
伪螳草,偽螳草,镰草,鐮草,鐮草,白天的时候，沐浴着阳光睡觉。到了晚上就会开始走动，寻找更安全的睡床。,白天的時候，一邊沐浴陽光一邊睡覺。到了晚上就會為尋找更安全的睡床而走出來。,白天的時候，沐浴著陽光睡覺。到了晚上就會開始走動，尋找更安全的睡床。,会发出清爽而又甘甜的香味。在伪螳草藏匿的草丛里，经常聚集着萌虻。,會發出清爽而甘甜的香味。萌虻經常聚集在偽螳草藏匿的草叢裡。,會發出清爽而又甘甜的香味。在偽螳草藏匿的草叢裡，經常聚集著萌虻。
兰螳花,蘭螳花,花镰,花鐮,花鐮,要保持鲜艳的身体颜色，得花很多功夫。但把这个当做兴趣的爱好者也是有的。,要維持這鮮豔的體色，可是要花很多功夫的。但也有特殊嗜好的人把這當興趣。,要保持鮮豔的身體顏色，得花很多功夫。但把這個當做興趣的愛好者也是有的。,从镰刀状的花瓣中放射出光束。威力大到连很厚的铁板也会一切两半。,從鐮刀狀的花瓣中放射光束。具有連厚厚的鐵板也能一切兩半的威力。,從鐮刀狀的花瓣中放射出光束。威力大到連很厚的鐵板也會一切兩半。
睡睡菇,睡睡菇,发光,發光,發光,在周围到处撒播一闪一闪发着光的孢子。看到这个光的都会陷入沉睡中。,在周圍到處散播一閃一閃發著光的孢子。看到這個光的都會陷入沉睡中。,在周圍到處撒播一閃一閃發著光的孢子。看到這個光的都會陷入沉睡中。,白天一边睡觉一边从树根吸取养分。会在晚上醒来，走路寻找新的树木。,在白天會一邊睡覺一邊從樹根吸取養分。到了晚上醒來，出走尋找新的樹木。,白天一邊睡覺一邊從樹根吸取養分。會在晚上醒來，走路尋找新的樹木。
灯罩夜菇,燈罩夜菇,发光,發光,發光,深夜前往灯罩夜菇栖息的森林是很危险的。会被怪异的光线诱惑，再也回不来了。,深夜前往燈罩夜菇棲息的森林是很危險的。會被怪異的光線迷惑，從此再也回不來。,深夜前往燈罩夜菇棲息的森林是很危險的。會被怪異的光線誘惑，再也回不來了。,喷出闪烁的孢子诱使对方睡眠。会吸取睡着了的猎物的精气。,會噴出閃爍的孢子讓獵物睡著，再從睡著的獵物身上吸取精氣。,噴出閃爍的孢子誘使對方睡眠。會吸取睡著了的獵物的精氣。
夜盗火蜥,夜盜火蜥,毒蜥,毒蜥,毒蜥,燃烧体液，释放毒瓦斯。等吸了毒气的敌人变得晕晕乎乎后就发动袭击。,燃燒體液製造毒瓦斯。在吸了毒瓦斯的敵人變得頭暈目眩之後發動襲擊。,燃燒體液，釋放毒瓦斯。等吸了毒氣的敵人變得暈暈乎乎後就發動襲擊。,栖息在火山和干燥的岩石地带。放出有甜甜香味的毒瓦斯，把虫宝可梦吸引过来再袭击。,棲息在火山和乾燥的岩石地帶。放出帶有甜甜香味的毒瓦斯，吸引蟲寶可夢過來後進行襲擊。,棲息在火山和乾燥的岩石地帶。放出有甜甜香味的毒瓦斯，把蟲寶可夢吸引過來再襲擊。
焰后蜥,焰后蜥,毒蜥,毒蜥,毒蜥,不知为何只发现♀。率领夜盗火蜥的♂，组成逆后宫一起生活。,不知為何只發現♀。率領夜盜火蜥的♂，組成逆後宮一起生活。,不知為何只發現♀。率領夜盜火蜥的♂，組成逆後宮一起生活。,毒瓦斯中含有很多的费洛蒙。稀释以后可以制作成性感的香水。,毒瓦斯裡含有很多的費洛蒙。稀釋後可用來製作性感的香水。,毒瓦斯中含有很多的費洛蒙。稀釋以後可以製作成性感的香水。
童偶熊,童偶熊,抓狂,抓狂,抓狂,外表惹人喜爱，但如果被发怒后胡乱挥舞的腿脚碰到，即便是职业摔角手也会被击飞。,外表惹人喜愛，但如果被牠發怒後胡亂揮舞的腿碰到，即使是職業摔角手也會被踢到老遠。,外表惹人喜愛，但如果被發怒後胡亂揮舞的腿腳碰到，即便是職業摔角手也會被擊飛。,如果被亲密的对象和伙伴以外的接触到，就会用可怕的力量发狂，所以很危险。,除了親密的對象和夥伴以外，一旦被接觸到，便會用可怕的力量發狂，所以很危險。,如果被親密的對象和夥伴以外的接觸到，就會用可怕的力量發狂，所以很危險。
穿着熊,穿著熊,强臂,強臂,強臂,拥有压倒性的肌肉力量，是非常危险的宝可梦。栖息地基本是禁止进入。,擁有壓倒性的肌肉力量，是非常危險的寶可夢。棲息地基本上是禁止進入。,擁有壓倒性的肌肉力量，是非常危險的寶可夢。棲息地基本是禁止進入。,有和伙伴互相紧抱的习性。被这个力量压碎脊椎而去世的训练家也很多。,有和夥伴互相緊抱的習性。被這個力量壓碎脊椎而去世的訓練家也很多。,有和夥伴互相緊抱的習性。被這個力量壓碎脊椎而去世的訓練家也很多。
甜竹竹,甜竹竹,水果,水果,水果,闻起来很美味的香气从体内渗透出来。会被受气味诱惑的铳嘴大鸟整个吞下。,聞起來很美味的香氣從體內滲透出來。會被受氣味誘惑的銃嘴大鳥整個吞下。,聞起來很美味的香氣從體內滲透出來。會被受氣味誘惑的銃嘴大鳥整個吞下。,人要是直接吃的话，就太甜了。但是如果把甜竹竹的汗用水兑一下，就会成为甜度刚刚好的果汁。,人若直接吃下的話就太甜了。但若把甜竹竹的汗利用水稀釋一下，便會成為甜度剛剛好的果汁。,人要是直接吃的話，就太甜了。但是如果把甜竹竹的汗用水兌一下，就會成為甜度剛剛好的果汁。
甜舞妮,甜舞妮,水果,水果,水果,为了保护身体，壳盖很发达。因为相当坚硬，即使被鸟宝可梦啄到，也完全安然无恙。,為了保護身體，殼蓋變得很發達。因為相當堅硬，即使被鳥寶可夢啄到，也能完全安然無恙。,為了保護身體，殼蓋很發達。因為相當堅硬，即使被鳥寶可夢啄到，也完全安然無恙。,总是精神饱满地跳来跳去。因为有着充满活力的样子和好闻的香味，宝可梦都会聚集到它周围来。,總是精神飽滿地跳來跳去。因為有著充滿活力的樣子和好聞的香味，寶可夢都會聚集到牠的周圍來。,總是精神飽滿地跳來跳去。因為有著充滿活力的樣子和好聞的香味，寶可夢都會聚集到它周圍來。
甜冷美后,甜冷美后,水果,水果,水果,擅长运用自己的脚来踢。用脚踩住已被打倒的对手，大笑着炫耀自己的胜利。,擅長運用自己的腳使出踢擊。會狠狠教訓被打倒的對手，大笑著炫耀自己的勝利。,擅長運用自己的腳來踢。用腳踩住已被打倒的對手，大笑著炫耀自己的勝利。,作为腿部优美的宝可梦为人所知，成为了美容沙龙等广告的吉祥物。,以擁有美腿的寶可夢為人所知，成了美容沙龍等廣告的吉祥物。,作為腿部優美的寶可夢為人所知，成為了美容沙龍等廣告的吉祥物。
花疗环环,花療環環,摘花,摘花,摘花,将花粘在充满营养的藤蔓上。花会活化，芳香也会飘散出来。,將花黏在充滿營養的藤蔓上。花會活化，飄散出迷人的芳香。,將花黏在充滿營養的藤蔓上。花會活化，芳香也會飄散出來。,把藤蔓上附着的花漂浮在浴盆里，泡澡时会有舒缓的效果，在广大女性中极具人气。,把藤蔓上附著的花放進浴盆裡飄浮，泡澡時就會有舒緩的效果，在廣大女性中極具人氣。,把藤蔓上附著的花漂浮在浴盆裡，泡澡時會有舒緩的效果，在廣大女性中極具人氣。
智挥猩,智揮猩,贤者,賢者,賢者,因为非常聪明而被知晓。看不起没经验的训练家，是面向资深训练家的宝可梦。,因為非常聰明而被聞名。看不起沒經驗的訓練家，是種適合資深訓練家的寶可夢。,因為非常聰明而被知曉。看不起沒經驗的訓練家，是面向資深訓練家的寶可夢。,栖息在丛林深处的树上。偶尔出现在海边，与呆呆王较量谁更聪明。,棲息在叢林深處的樹上。偶爾會出現在海邊，與呆呆王較量誰聰明。,棲息在叢林深處的樹上。偶爾出現在海邊，與呆呆王較量誰更聰明。
投掷猴,投擲猴,配合,配合,配合,会形成２０只左右的团队。这样团结在一起，会非常坚固，绝对不会舍弃伙伴。,會組成２０隻左右的團隊。大家心連心非常團結，絕不會捨棄夥伴。,會形成２０只左右的團隊。這樣團結在一起，會非常堅固，絕對不會捨棄夥伴。,使用坚硬的树果战斗。每一代的老大会把这个技术传承给团队的伙伴们。,使用堅硬的樹果戰鬥。這個技術會透過每一代的老大傳承給團隊裡的夥伴們。,使用堅硬的樹果戰鬥。每一代的老大會把這個技術傳承給團隊的夥伴們。
胆小虫,膽小蟲,疾行,疾行,疾行,因为胆小，慌慌张张地挥动着许多脚，拼命逃跑。逃跑的痕迹会闪闪发光很漂亮。,性格膽小，會慌慌張張地揮動著許多腳拼命逃跑。逃跑後會留下閃閃發亮的美麗痕跡。,因為膽小，慌慌張張地揮動著許多腳，拚命逃跑。逃跑的痕跡會閃閃發光很漂亮。,从沙滩到海底，栖息在各式各样的地方。即使是腐烂的食物也能吃得很开心，是大自然的清洁员。,從沙灘到海底，會棲息在各式各樣的地方。即使是腐爛的食物也能吃得很開心，是大自然的清潔員。,從沙灘到海底，棲息在各式各樣的地方。即使是腐爛的食物也能吃得很開心，是大自然的清潔員。
具甲武者,具甲武者,装甲,裝甲,裝甲,用锐利而巨大的爪子一挥而下。连空气和海水都能一分为二的本事。,本領高強，當銳利而巨大的爪子一揮而下，連空氣和海水都能一分為二。,用銳利而巨大的爪子一揮而下。連空氣和海水都能一分為二的本事。,用６条手臂灵活地战斗。平常就在深海的岩洞里好像冥想一般静静地生活。,用６條手臂靈活地戰鬥。平時就在深海的岩洞裡像在冥想一般靜靜地生活。,用６條手臂靈活地戰鬥。平常就在深海的岩洞裡好像冥想一般靜靜地生活。
沙丘娃,沙丘娃,沙丘,沙丘,沙丘,倒毙路边者的怨念附在孩子们堆砌的沙丘上，诞生而成的。,倒斃路邊者的怨念附在孩子們堆砌的沙山上誕生而成。,倒斃路邊者的怨念附在孩子們堆砌的沙丘上，誕生而成的。,将手伸入其口中就会被其操纵。它这样做是为了让沙丘的身体变大。,為了讓沙山的身體變大，會操縱把手伸進自己嘴巴者。,將手伸入其口中就會被其操縱。它這樣做是為了讓沙丘的身體變大。
噬沙堡爷,噬沙堡爺,沙堡,沙堡,沙堡,操纵人们，让沙丘进化为沙堡。诅咒的力量也得到了提升。,操縱人們，讓沙山進化為沙堡。詛咒的力量也得到了提升。,操縱人們，讓沙丘進化為沙堡。詛咒的力量也得到了提升。,在城堡的下面埋藏着大量被吸干了精气者的骸骨。,在城堡的下面埋藏著大量被吸乾了精氣者的骸骨。,在城堡的下面埋藏著大量被吸幹了精氣者的骸骨。
拳海参,拳海參,海参,海參,海參,栖息在沙滩等浅海地区。从身体里飞出体内器官，捕捉食物，或是与敌人战斗。,棲息在沙灘等淺海地區。會從身體裡彈出體內器官，藉此捕捉食物或是與敵人戰鬥。,棲息在沙灘等淺海地區。從身體裡飛出體內器官，捕捉食物，或是與敵人戰鬥。,大量生活在沙滩上。包裹着身体的黏糊糊液体对于日晒后的护肤非常有用。,在沙灘隨處可見。包裹著身體的黏糊糊液體對日曬後的護膚非常有用。,大量生活在沙灘上。包裹著身體的黏糊糊液體對於日曬後的護膚非常有用。
属性：空,屬性：空,人工,人工,人工,带着沉重的控制面罩，不能释放出原来的能力。蕴藏着特别的力量。,帶著沉重的控制面罩，無法釋放出原有的能力。蘊藏著特別的力量。,帶著沉重的控制面罩，不能釋放出原來的能力。蘊藏著特別的力量。,人工的宝可梦。因为有暴走的危险，所以被控制面罩封印住了力量。,人工創造出的寶可夢。因為有暴走的危險，所以其力量被控制面罩封印住了。,人工的寶可夢。因為有暴走的危險，所以被控制面罩封印住了力量。
银伴战兽,銀伴戰獸,人工,人工,人工,因为与同伴之间的信赖而觉醒。发挥自由变换属性的能力进行战斗。,因為與同伴之間的信賴而覺醒。發揮自由變換屬性的能力進行戰鬥。,因為與夥伴之間的信賴而覺醒。發揮自由變換屬性的能力進行戰鬥。,这个名字是由第一个让“属性：空”进化成这个样子的少年来取的。,這個名字是由第一個讓「屬性：空」進化成這個樣子的少年所取名的。,這個名字是由第一個讓「屬性：空」進化成這個樣子的少年來取的。
小陨星,小隕星,流星,流星,流星,原本栖息在臭氧层，身体的外壳变重后，就会向着地面落下。,原本棲息在臭氧層，身體的外殼變重後，就會向著地面落下。,原本棲息在臭氧層，身體的外殼變重後，就會向著地面落下。,如果受到强烈的冲击，外壳就会剥落。纳米粒子突变诞生而成的宝可梦。,若受到強烈的衝擊，外殼就會剝落。是奈米粒子突變而誕生的寶可夢。,如果受到強烈的衝擊，外殼就會剝落。納米粒子突變誕生而成的寶可夢。
树枕尾熊,樹枕尾熊,半梦半醒,半夢半醒,半夢半醒,睡着生，睡着死。似乎所有的行动都是根据所看见的梦而引发的睡相。,睡著生，睡著死。似乎所有的行動都是根據所看見的夢而引發的睡相。,睡著生，睡著死。似乎所有的行動都是根據所看見的夢而引發的睡相。,抱住的树干是出生时父母所给予的。关系亲密的话，也会紧紧抱着训练家的胳膊。,抱住的樹是出生時父母所贈的。關係親密的話，也會緊緊抱著訓練家的胳膊。,抱住的樹幹是出生時父母所給予的。關係親密的話，也會緊緊抱著訓練家的胳膊。
爆焰龟兽,爆焰龜獸,爆炸龟,爆炸龜,爆炸龜,背上的甲壳是爆炸物。不小心打到的话会发生大爆炸。肚子上的小洞是弱点。,背上的甲殼是爆裂物，不小心打到的話會發生大爆炸。肚子上的小洞是弱點。,背上的甲殼是爆炸物。不小心打到的話會發生大爆炸。肚子上的小洞是弱點。,从鼻孔里喷出火焰和毒瓦斯。粪便是爆炸物，有各式各样的用途。,從鼻孔裡噴出火焰和毒瓦斯。糞便是爆裂物，具有各式各樣的用途。,從鼻孔裡噴出火焰和毒瓦斯。糞便是爆炸物，有各式各樣的用途。
托戈德玛尔,托戈德瑪爾,蜷缩,蜷縮,蜷縮,背上的针毛平时是倒伏的。一旦兴奋就会倒立起来，刺向前来袭击的敌人。,背上的針毛平時是倒伏的。一旦興奮就會倒立起來，刺向前來襲擊的敵人。,背上的針毛平時是倒伏的。一旦興奮就會倒立起來，刺向前來襲擊的敵人。,背上的长毛是引雷针。引来打下的雷，沐浴雷电后，就会将之储存在电力袋中。,背上的長毛是引雷針。引來落雷，吸收雷電後，就會將之儲存在電力袋中。,背上的長毛是引雷針。引來打下的雷，沐浴雷電後，就會將之儲存在電力袋中。
谜拟Ｑ,謎擬Ｑ,画皮,畫皮,畫皮,正身不明。某位学者看过破布里面后，因为太过恐惧而被惊吓致死。,真面目是個謎。某個看過破布裡面的學者因為太可怕而被活活嚇死了。,正身不明。某位學者看過破布裡面後，因為太過恐懼而被驚嚇致死。,这个怕寂寞的家伙，会用破布隐藏自己可怕的样子来接近人和其他宝可梦。,用破破爛爛的布隱藏起可怕的模樣，接近人類和其他寶可夢的寂寞傢伙。,這個怕寂寞的傢伙，會用破布隱藏自己可怕的樣子來接近人和其他寶可夢。
磨牙彩皮鱼,磨牙彩皮魚,磨牙,磨牙,磨牙,从头部的突起物放出精神力量的时候，周围会响起非常刺耳的磨牙声。,從頭部的突起物發出精神力量的時候，周圍會響起非常刺耳的磨牙聲。,從頭部的突起物放出精神力量的時候，周圍會響起非常刺耳的磨牙聲。,用念力让猎物麻痹，用结实的牙齿将其咬碎。即使是大舌贝的壳也不在话下。,用念力令獵物麻痺後，再用結實的牙齒將其咬碎。即使是大舌貝的殼也毫不費力。,用念力讓獵物麻痺，用結實的牙齒將其咬碎。即使是大舌貝的殼也不在話下。
老翁龙,老翁龍,悠游,悠遊,悠游,心地非常善良。可一旦被激怒，就会用非常猛烈的气息把周围破坏殆尽。,心地非常善良。一旦被激怒，就會用非常猛烈的氣息把周圍破壞殆盡。,心地非常善良。可一旦被激怒，就會用非常猛烈的氣息把周圍破壞殆盡。,容易和人亲近，最喜欢小孩子。为了和关系好的小孩子玩耍，会从深山里降落到城镇。,容易和人親近，最喜歡小孩子。為了和關係好的小孩子玩耍，會從深山裡來到城鎮。,容易和人親近，最喜歡小孩子。為了和關係好的小孩子玩耍，會從深山裡降落到城鎮。
破破舵轮,破破舵輪,碎藻,碎藻,碎藻,咣咣地来回摆动巨大的船锚，连吼鲸王也能一击击倒。绿色的海藻是它的本体。,來回揮舞巨大的船錨，連吼鯨王也能一擊打倒。綠色的海藻是牠的本體。,咣咣地來回擺動巨大的船錨，連吼鯨王也能一擊擊倒。綠色的海藻是它的本體。,在海上飘荡的海藻的魂魄转生而成。用海藻网罗海里的垃圾，维持身体。,由海上飄蕩的海藻的魂魄轉生而成。利用海藻網羅海裡的垃圾，鞏固身體。,在海上飄蕩的海藻的魂魄轉生而成。用海藻網羅海裡的垃圾，維持身體。
心鳞宝,心鱗寶,鳞片,鱗片,鱗片,敲击鳞片，传递自己的心情。在心鳞宝栖息的高山上，回荡着金属的声音。,透過敲擊鱗片來傳遞自己的心情。在心鱗寶棲息的高山上，迴盪著金屬的聲音。,敲擊鱗片，傳遞自己的心情。在心鱗寶棲息的高山上，迴蕩著金屬的聲音。,生活在渺无人烟的山里。心鳞宝们一边互相战斗，一边渐渐地成长。,生活在渺無人煙的山裡。心鱗寶們會透過和同伴間的戰鬥而逐漸成長。,生活在渺無人煙的山裡。心鱗寶們一邊互相戰鬥，一邊漸漸地成長。
鳞甲龙,鱗甲龍,鳞片,鱗片,鱗片,伴随着战吼猛扑猎物。用布满鳞片的拳头将对手撕成碎片。,伴隨著吼叫聲猛撲獵物。用鱗片的拳頭將對手撕成碎片。,伴隨著戰吼猛撲獵物。用布滿鱗片的拳頭將對手撕成碎片。,鳞片会不断更替。随着每次崭新蜕变，鳞片会变得坚硬又锋利。,鱗片會不斷更替。隨著每次嶄新蛻變，鱗片會變得堅硬又鋒利。,鱗片會不斷更替。隨著每次嶄新蛻變，鱗片會變得堅硬又鋒利。
杖尾鳞甲龙,杖尾鱗甲龍,鳞片,鱗片,鱗片,看到敌人后，会让尾部的鳞片发出哐啷哐啷的声音进行威吓。弱小的家伙听到声音就会逃走。,看到敵人後，會讓尾部的鱗片發出噹啷噹啷的聲音進行威嚇。弱小的傢伙聽到聲音就會逃走。,看到敵人後，會讓尾部的鱗片發出哐啷哐啷的聲音進行威嚇。弱小的傢伙聽到聲音就會逃走。,坚硬的鳞片集攻防于一体。过去曾被加工成武器和日用品来使用。,堅硬的鱗片集攻防於一體。過去曾被加工成武器和日用品來使用。,堅硬的鱗片集攻防於一體。過去曾被加工成武器和日用品來使用。
卡璞・鸣鸣,卡璞・鳴鳴,土地神,土地神,土地神,好奇心旺盛的，美乐美乐的守护神。会呼唤雷雨云在体内储存雷。,擁有旺盛的好奇心，是美樂美樂的守護神。會呼喚雷雨雲，把雷儲存在體內。,好奇心旺盛的，美樂美樂的守護神。會呼喚雷雨雲在體內儲存雷。,以迅雷不及掩耳的速度扰乱敌人。看起来极度易怒，但却很快就会忘记为何生气。,以迅雷不及掩耳的速度擾亂敵人。雖然極度易怒，但卻很快就會忘記為何生氣。,以迅雷不及掩耳的速度擾亂敵人。看起來極度易怒，但卻很快就會忘記為何生氣。
卡璞・蝶蝶,卡璞・蝶蝶,土地神,土地神,土地神,天真无邪，残酷的阿卡拉的守护神。鲜花的芳香气息是它能量的来源。,天真無邪但殘酷的阿卡拉守護神。鮮花的芳香氣息是牠的能量來源。,天真無邪，殘酷的阿卡拉的守護神。鮮花的芳香氣息是它能量的來源。,四处翩翩飞舞，撒下闪着不可思议光芒的鳞粉。据说碰到的人眨眼间就会恢复活力。,四處翩翩飛舞，撒下閃著不可思議光芒的鱗粉。據說碰到的人眨眼間就會恢復活力。,四處翩翩飛舞，撒下閃著不可思議光芒的鱗粉。據說碰到的人眨眼間就會恢復活力。
卡璞・哞哞,卡璞・哞哞,土地神,土地神,土地神,拔出巨大的树木，轰轰地来回挥舞。让草木茂盛，吸收其中的能量。,拔出巨大的樹木，轟轟地來回揮舞。會讓草木茂盛生長，再吸收其中的能量。,拔出巨大的樹木，轟轟地來回揮舞。讓草木茂盛，吸收其中的能量。,乌拉乌拉的守护神，很懒惰。操纵草木将敌人捆得动弹不得后，用角一下子刺向对方。,烏拉烏拉的守護神，性情懶散。透過操縱草木捆住敵人，讓對方動彈不得後，再用角一下刺入。,烏拉烏拉的守護神，很懶惰。操縱草木將敵人捆得動彈不得後，用角一下子刺向對方。
卡璞・鳍鳍,卡璞・鰭鰭,土地神,土地神,土地神,拥有利用浓雾迷惑敌人，让其自我毁灭那种程度的可怕。海流是其能量的来源。,擁有利用濃霧迷惑敵人，讓其自我毀滅的可怕能力。海流是其能量的來源。,擁有利用濃霧迷惑敵人，讓其自我毀滅那種程度的可怕。海流是其能量的來源。,操纵水的波尼的守护神。传说会生出去除污秽的清澈之水。,操縱水的波尼守護神。傳說會生出能夠除去污穢的清淨之水。,操縱水的波尼的守護神。傳說會生出去除污穢的清澈之水。
科斯莫古,科斯莫古,星云,星雲,星雲,容易消逝的气体状身体。一边收集大气的尘埃，一边慢慢地成长着。,容易消逝的氣體狀身體。一邊收集大氣中的塵埃，一邊慢慢地成長著。,容易消逝的氣體狀身體。一邊收集大氣的塵埃，一邊慢慢地成長著。,在遥远的过去被称呼为星之子。据说是其他世界的宝可梦，但具体情况不详。,在遙遠的過去被稱為星之子。據說是屬於其他世界的寶可夢，但具體情況不詳。,在遙遠的過去被稱呼為星之子。據說是其他世界的寶可夢，但具體情況不詳。
科斯莫姆,科斯莫姆,原始星,原始星,原始星,就像死了一般几乎不动，但触碰后有些许温暖。在遥远的过去被称为星之茧。,就像死去一樣動也不動，但觸碰後會感到些許溫暖。在遙遠的過去被稱為星之繭。,就像死了一般幾乎不動，但觸碰後有些許溫暖。在遙遠的過去被稱為星之繭。,在坚硬外壳内，有什么在源源不断地向黑色内核聚集着。据说是其他世界的宝可梦。,在堅硬的外殼內，有著某種東西在不斷地向黑色核心聚集著。據說是屬於其他世界的寶可夢。,在堅硬外殼內，有什麼在源源不斷地向黑色內核聚集著。據說是其他世界的寶可夢。
索尔迦雷欧,索爾迦雷歐,日轮,日輪,日輪,据说是栖息在其他世界的。全身放出猛烈的光芒，即使是暗夜也会照得如同白昼。,傳說中棲息在另一個世界裡。當全身釋放出強烈的光芒時，能將暗夜照亮如白晝。,據說是棲息在其他世界的。全身放出猛烈的光芒，即使是暗夜也會照得如同白晝。,据说是科斯莫古进化后的♂。当第３只眼浮现时，就会奔向其他世界。,據說是科斯莫古進化後的♂。當第３隻眼浮現時，就會奔向其他世界。,據說是科斯莫古進化後的♂。當第３隻眼浮現時，就會奔向其他世界。
露奈雅拉,露奈雅拉,月轮,月輪,月輪,据说是科斯莫古进化后的♀。当第３只眼浮现时，就会飞去其他世界。,據說是科斯莫古進化後的♀。當第３隻眼浮現時，就會飛去另一個世界。,據說是科斯莫古進化後的♀。當第３隻眼浮現時，就會飛去其他世界。,据说是栖息在其他世界的。不断吞食光线，会令白昼也昏暗得好像午夜一般。,據說是棲息在其他世界。不斷吞食光線，令白晝也昏暗得好像午夜一樣。,據說是棲息在其他世界的。不斷吞食光線，會令白晝也昏暗得好像午夜一般。
虚吾伊德,虛吾伊德,寄生,寄生,寄生,被谜团包围的究极异兽的一种。有人目击了街上的人们被寄生后暴走起来的样子。,是充滿謎團的ＵＢ的一種。有人曾目擊到走在街上的路人被寄生後暴走的模樣。,被謎團包圍的究極異獸的一種。有人目擊了街上的人們被寄生後暴走起來的樣子。,究极异兽中的一种。是否有自主意识尚不清楚，但时不时会展现少女般的姿态。,ＵＢ的一種。是否有自主意識尚不清楚，但不時會展現少女般的姿態。,究極異獸中的一種。是否有自主意識尚不清楚，但時不時會展現少女般的姿態。
爆肌蚊,爆肌蚊,膨胀,膨脹,膨脹,从其他世界出现的究极异兽。会向人展现自己的身体，但不知道是出于自豪还是威吓。,來自另一個世界的ＵＢ。會主動向人展示自己的身體，但不知道是想要自豪還是威嚇。,從其他世界出現的究極異獸。會向人展現自己的身體，但不知道是出於自豪還是威嚇。,谜一般的生物究极异兽。被目击到了一拳把翻斗车打得粉碎的光景。,謎一般的生物──ＵＢ。被目擊到了一拳把大卡車打得粉碎的情景。,謎一般的生物究極異獸。被目擊到了一拳把翻斗車打得粉碎的光景。
费洛美螂,費洛美螂,美艳,美艷,美艷,危险究极异兽中的一种。被人目击到以骇人的速度在大地狂奔的样子。,屬於危險ＵＢ的一種。被人目擊到以駭人的速度在大地狂奔的樣子。,危險究極異獸中的一種。被人目擊到以駭人的速度在大地狂奔的樣子。,究极异兽中的一种。或许是觉得这个世界上万物污秽不堪，因此不愿用手触及分毫。,ＵＢ的一種。或許是覺得這個世界上萬物污穢不堪，因此不願用手觸及分毫。,究極異獸中的一種。或許是覺得這個世界上萬物污穢不堪，因此不願用手觸及分毫。
电束木,電束木,灯饰,燈飾,燈飾,被目击到了从全身喷涌出骇人电击的光景。谜一般的生物究极异兽的一种。,有人目擊到牠全身噴湧出駭人電流的情景。是神秘生物ＵＢ的一種。,被目擊到了從全身噴湧出駭人電擊的光景。謎一般的生物究極異獸的一種。,从究极之洞出现。因为袭击了发电厂，所以被认为电力就是它的能量。,從究極之洞出現。因為襲擊了發電廠，被認為電力就是牠的能量。,從究極之洞出現。因為襲擊了發電廠，所以被認為電力就是它的能量。
铁火辉夜,鐵火輝夜,发射,發射,發射,从究极之洞出现的究极异兽。被人目击到以高速在空中飞行的样子。,從究極之洞裡出現。被人目擊以高速在空中飛行的究極異獸。,從究極之洞出現的究極異獸。被人目擊到以高速在空中飛行的樣子。,究极异兽的一种。从２条手臂喷出气体烧毁森林的样子已被确认无疑。,ＵＢ的一種。有人看見牠從２條手臂噴出氣體燒毀森林的樣子。,究極異獸的一種。從２條手臂噴出氣體燒毀森林的樣子已被確認無疑。
纸御剑,紙御劍,拔刀,拔刀,拔刀,从究极之洞出现的究极异兽。本身并不打算恐吓敌人，但是锐利的全身就是凶器。,來自究極之洞的ＵＢ。本身不會主動襲擊敵人，但是銳利的全身就是兇器。,從究極之洞出現的究極異獸。本身並不打算恐嚇敵人，但是銳利的全身就是兇器。,有人目击到了它一刀将巨大的铁搭切掉的样子。是究极异兽的一种。,被目擊到了一刀將巨大鐵塔切斷的樣子。是究極異獸的一種。,有人目擊到了它一刀將巨大的鐵搭切掉的樣子。是究極異獸的一種。
恶食大王,惡食大王,异食,異食,異食,有人报告过它啃噬山体，以及吞掉大楼的模样。是究极异兽的一种。,報告指出有人見過牠削山吞樓的模樣。是究極異獸的一種。,有人報告過它啃噬山體，以及吞掉大樓的模樣。是究極異獸的一種。,危险生物，究极异兽的一种。好像一直都在吃着什么，但不知为何从没发现过粪便。,危險生物，是究極異獸的一種。好像一直都在吃著什麼，但不知為何從未發現過糞便。,危險生物，究極異獸的一種。好像一直都在吃著什麼，但不知為何從沒發現過糞便。
奈克洛兹玛,奈克洛茲瑪,棱镜,稜鏡,稜鏡,好像一直都沉睡在地下。被认为是太古时代从其他世界来到此地的类似究极异兽的生物。,好像一直都沉睡在地底下。被認為是在太古時代從另一個世界來到此地，是種類似ＵＢ的生物。,好像一直都沉睡在地下。被認為是太古時代從其他世界來到此地的類似究極異獸的生物。,光似乎是它的能量源。一个劲儿地发射激光，性格非常粗暴。,光似乎是牠的能量來源。毫無節制地不停發射雷射，性格非常凶暴。,光似乎是它的能量源。一個勁兒地發射激光，性格非常粗暴。
玛机雅娜,瑪機雅娜,人造,人造,人造,５００多年前被制造出的人造宝可梦。理解人类的语言但不会说。,５００多年前被製造出的人造寶可夢。可理解人類的語言，但本身無法說話。,５００多年前被製造出的人造寶可夢。理解人類的語言但不會說。,机械结构的身体只是一个容器。被称为魂心的人造魂魄才是它的本体。,機械結構的身體只是一個容器。被稱為魂心的人造靈魂才是牠的本體。,機械結構的身體只是一個容器。被稱為魂心的人造魂魄才是它的本體。
玛夏多,瑪夏多,栖影,棲影,棲影,可以潜入影子中，因为不会在人的面前展露身姿，所以其存在曾是个幻想。,可以潛入影子中，因為從不在人前現身，所以其存在曾被視為幻想。,可以潛入影子中，因為不會在人的面前展露身姿，所以其存在曾是個幻想。,潜入对手的影子，复制其动作和力量。是胆小软弱的宝可梦。,會潛入對手的影子，複製其動作和力量。是種性格膽小而孱弱的寶可夢。,潛入對手的影子，複製其動作和力量。是膽小軟弱的寶可夢。